# ************************************************************
# Sequel Pro SQL dump
# Version 4096
#
# http://www.sequelpro.com/
# http://code.google.com/p/sequel-pro/
#
# Host: 127.0.0.1 (MySQL 5.5.25a-log)
# Database: glyph
# Generation Time: 2013-05-15 20:15:50 +0000
# ************************************************************


/*!40101 SET @OLD_CHARACTER_SET_CLIENT=@@CHARACTER_SET_CLIENT */;
/*!40101 SET @OLD_CHARACTER_SET_RESULTS=@@CHARACTER_SET_RESULTS */;
/*!40101 SET @OLD_COLLATION_CONNECTION=@@COLLATION_CONNECTION */;
/*!40101 SET NAMES utf8 */;
/*!40014 SET @OLD_FOREIGN_KEY_CHECKS=@@FOREIGN_KEY_CHECKS, FOREIGN_KEY_CHECKS=0 */;
/*!40101 SET @OLD_SQL_MODE=@@SQL_MODE, SQL_MODE='NO_AUTO_VALUE_ON_ZERO' */;
/*!40111 SET @OLD_SQL_NOTES=@@SQL_NOTES, SQL_NOTES=0 */;


# Dump of table alembic_version
# ------------------------------------------------------------

DROP TABLE IF EXISTS `alembic_version`;

CREATE TABLE `alembic_version` (
  `version_num` varchar(32) NOT NULL
) ENGINE=InnoDB DEFAULT CHARSET=utf8;

LOCK TABLES `alembic_version` WRITE;
/*!40000 ALTER TABLE `alembic_version` DISABLE KEYS */;

INSERT INTO `alembic_version` (`version_num`)
VALUES
	('2f8944c9b1b5');

/*!40000 ALTER TABLE `alembic_version` ENABLE KEYS */;
UNLOCK TABLES;


# Dump of table author
# ------------------------------------------------------------

DROP TABLE IF EXISTS `author`;

CREATE TABLE `author` (
  `id` int(11) NOT NULL AUTO_INCREMENT,
  `name` varchar(75) NOT NULL,
  PRIMARY KEY (`id`),
  UNIQUE KEY `name` (`name`)
) ENGINE=InnoDB AUTO_INCREMENT=2 DEFAULT CHARSET=utf8;

LOCK TABLES `author` WRITE;
/*!40000 ALTER TABLE `author` DISABLE KEYS */;

INSERT INTO `author` (`id`, `name`)
VALUES
	(1,'Issar-shumu-eresh');

/*!40000 ALTER TABLE `author` ENABLE KEYS */;
UNLOCK TABLES;


# Dump of table City
# ------------------------------------------------------------

DROP TABLE IF EXISTS `City`;

CREATE TABLE `City` (
  `id` int(11) NOT NULL AUTO_INCREMENT,
  `name` varchar(100) NOT NULL,
  `locality_id` int(11) DEFAULT NULL,
  PRIMARY KEY (`id`),
  UNIQUE KEY `uq_name` (`name`),
  KEY `locality_id` (`locality_id`),
  KEY `idx_name` (`name`),
  CONSTRAINT `city_ibfk_1` FOREIGN KEY (`locality_id`) REFERENCES `locality` (`id`)
) ENGINE=InnoDB AUTO_INCREMENT=122 DEFAULT CHARSET=utf8;

LOCK TABLES `City` WRITE;
/*!40000 ALTER TABLE `City` DISABLE KEYS */;

INSERT INTO `City` (`id`, `name`, `locality_id`)
VALUES
	(56,'Alalakh',4),
	(57,'Andariq',2),
	(58,'Anisu',2),
	(59,'Ashnakkum',4),
	(60,'Ashur',2),
	(61,'Babylon',3),
	(62,'Boghazkoy',1),
	(63,'Borsippa',3),
	(64,'Buzuran',4),
	(65,'Carchemish',1),
	(66,'Der',3),
	(67,'Diniktum',3),
	(68,'Drehem',3),
	(69,'Ebla',4),
	(70,'E\'EDIN',3),
	(71,'Eridu',3),
	(72,'Eshnunna',3),
	(73,'Girsu',3),
	(74,'Hana',4),
	(75,'Hurshitum',2),
	(76,'Yamhad',4),
	(77,'Ilansura',2),
	(78,'Isin',3),
	(79,'Itabalhum',1),
	(80,'Kahat',4),
	(81,'Karahar',2),
	(82,'Kimash',3),
	(83,'Kish',3),
	(84,'Kisurra',3),
	(85,'Kultepe',1),
	(86,'Lagash',3),
	(87,'Larsa',3),
	(88,'Malgium',3),
	(89,'Mari',4),
	(90,'Meturan',2),
	(91,'Mutalu',3),
	(92,'Nimrud',2),
	(93,'Nineveh',2),
	(94,'Nippur',3),
	(95,'Nuzi',2),
	(96,'Gisha & Umma',3),
	(97,'Qabara',4),
	(98,'Razama',4),
	(99,'Shadlash',3),
	(100,'Shehna',4),
	(101,'Sippar',3),
	(102,'Suruppak',3),
	(103,'Umma',3),
	(104,'Ur',3),
	(105,'Urkish & Nawar',4),
	(106,'Uruk',3),
	(107,'Batir',3),
	(108,'Bazi',NULL),
	(109,'Tuba',NULL),
	(110,'Adab',NULL),
	(111,'Alalah',NULL),
	(112,'BAD3.KI',NULL),
	(113,'Elam',NULL),
	(114,'Gasur',NULL),
	(115,'Iamhad',NULL),
	(116,'Qattara/Karana',NULL),
	(117,'SHARRAKUM',NULL),
	(119,'Place',NULL),
	(120,'whatever',NULL),
	(121,'Amarna',7);

/*!40000 ALTER TABLE `City` ENABLE KEYS */;
UNLOCK TABLES;


# Dump of table City_Site
# ------------------------------------------------------------

DROP TABLE IF EXISTS `City_Site`;

CREATE TABLE `City_Site` (
  `id` int(11) NOT NULL AUTO_INCREMENT,
  `name` varchar(100) NOT NULL,
  `city_id` int(11) NOT NULL,
  PRIMARY KEY (`id`),
  UNIQUE KEY `uq_name` (`name`),
  KEY `idx_name` (`name`),
  KEY `city_id` (`city_id`),
  CONSTRAINT `city_site_ibfk_1` FOREIGN KEY (`city_id`) REFERENCES `city` (`id`)
) ENGINE=InnoDB DEFAULT CHARSET=utf8;



# Dump of table column
# ------------------------------------------------------------

DROP TABLE IF EXISTS `column`;

CREATE TABLE `column` (
  `id` int(11) NOT NULL AUTO_INCREMENT,
  `number` varchar(5) NOT NULL,
  PRIMARY KEY (`id`),
  KEY `ix_column_number` (`number`)
) ENGINE=InnoDB AUTO_INCREMENT=21 DEFAULT CHARSET=utf8;

LOCK TABLES `column` WRITE;
/*!40000 ALTER TABLE `column` DISABLE KEYS */;

INSERT INTO `column` (`id`, `number`)
VALUES
	(1,'i'),
	(2,'i\''),
	(3,'ii'),
	(4,'ii\''),
	(5,'iii'),
	(6,'iii\''),
	(7,'iv'),
	(8,'iv\''),
	(17,'ix'),
	(18,'ix\''),
	(9,'v'),
	(10,'v\''),
	(11,'vi'),
	(12,'vi\''),
	(13,'vii'),
	(14,'vii\''),
	(15,'viii'),
	(16,'viii\''),
	(19,'x'),
	(20,'x\'');

/*!40000 ALTER TABLE `column` ENABLE KEYS */;
UNLOCK TABLES;


# Dump of table correspondent
# ------------------------------------------------------------

DROP TABLE IF EXISTS `correspondent`;

CREATE TABLE `correspondent` (
  `id` int(11) NOT NULL AUTO_INCREMENT,
  `ruler_id` int(11) DEFAULT NULL,
  `non_ruler_id` int(11) DEFAULT NULL,
  PRIMARY KEY (`id`),
  KEY `ruler_id` (`ruler_id`),
  KEY `non_ruler_id` (`non_ruler_id`),
  CONSTRAINT `correspondent_ibfk_1` FOREIGN KEY (`ruler_id`) REFERENCES `ruler` (`id`),
  CONSTRAINT `correspondent_ibfk_2` FOREIGN KEY (`non_ruler_id`) REFERENCES `non_ruler_corresp` (`id`)
) ENGINE=InnoDB AUTO_INCREMENT=12 DEFAULT CHARSET=utf8;

LOCK TABLES `correspondent` WRITE;
/*!40000 ALTER TABLE `correspondent` DISABLE KEYS */;

INSERT INTO `correspondent` (`id`, `ruler_id`, `non_ruler_id`)
VALUES
	(1,NULL,2),
	(2,NULL,3),
	(3,NULL,4),
	(4,NULL,5),
	(5,NULL,6),
	(6,NULL,7),
	(7,NULL,8),
	(8,NULL,9),
	(9,5528,NULL),
	(10,5519,NULL),
	(11,5525,NULL);

/*!40000 ALTER TABLE `correspondent` ENABLE KEYS */;
UNLOCK TABLES;


# Dump of table dynasty
# ------------------------------------------------------------

DROP TABLE IF EXISTS `dynasty`;

CREATE TABLE `dynasty` (
  `id` int(11) NOT NULL AUTO_INCREMENT,
  `name` varchar(100) NOT NULL,
  PRIMARY KEY (`id`),
  UNIQUE KEY `name` (`name`)
) ENGINE=InnoDB AUTO_INCREMENT=27 DEFAULT CHARSET=utf8;

LOCK TABLES `dynasty` WRITE;
/*!40000 ALTER TABLE `dynasty` DISABLE KEYS */;

INSERT INTO `dynasty` (`id`, `name`)
VALUES
	(7,'Achaemenid'),
	(14,'Akkad'),
	(26,'B.20'),
	(11,'Bazi'),
	(20,'Diyala region'),
	(12,'Elamite'),
	(24,'First Dynasty of Babylon'),
	(15,'Gutium'),
	(18,'Isin'),
	(4,'Kassite'),
	(16,'Lagash II'),
	(23,'Larsa'),
	(21,'Lullubum'),
	(8,'Macedonian'),
	(19,'Manana'),
	(6,'Neo-Babylonian'),
	(9,'Second Dynasty of Isin'),
	(10,'Second Dynasty of the Sealand'),
	(5,'Seleucid'),
	(22,'Simurrum'),
	(25,'Suhu'),
	(13,'undetermined or mixed'),
	(17,'Ur III');

/*!40000 ALTER TABLE `dynasty` ENABLE KEYS */;
UNLOCK TABLES;


# Dump of table eponym
# ------------------------------------------------------------

DROP TABLE IF EXISTS `eponym`;

CREATE TABLE `eponym` (
  `id` int(11) NOT NULL AUTO_INCREMENT,
  `name` varchar(50) NOT NULL,
  PRIMARY KEY (`id`),
  UNIQUE KEY `uq_name` (`name`),
  KEY `idx_name` (`name`)
) ENGINE=InnoDB AUTO_INCREMENT=266 DEFAULT CHARSET=utf8;

LOCK TABLES `eponym` WRITE;
/*!40000 ALTER TABLE `eponym` DISABLE KEYS */;

INSERT INTO `eponym` (`id`, `name`)
VALUES
	(49,'...inanni'),
	(240,'Abi-...'),
	(201,'Abi-ina-ekalli-lilbur'),
	(56,'Abi-ramu'),
	(139,'Abu-ilayu'),
	(132,'Adad-ahu-iddin'),
	(156,'Adad-belu-ka\'\'in'),
	(220,'Adad-dan'),
	(224,'Adad-mushammer'),
	(70,'Adad-nerari (II)'),
	(71,'Adad-nerari (III)'),
	(92,'Adad-remanni'),
	(135,'Adad-uballit'),
	(241,'Ahu-ilaya'),
	(69,'Amyanu'),
	(190,'Ana-beli-taklak'),
	(67,'Aplaya'),
	(189,'Arba\'ilayu'),
	(167,'Ashur-balti-ekurri'),
	(127,'Ashur-bani'),
	(185,'Ashur-belu-ka\'\'in'),
	(179,'Ashur-belu-usur'),
	(194,'Ashur-bunaya '),
	(134,'Ashur-bunaya-usur'),
	(251,'Ashur-da\'\'inanni'),
	(72,'Ashur-dan (III)'),
	(143,'Ashur-deni-amur'),
	(206,'Ashur-duru-usur'),
	(73,'Ashur-iddin'),
	(128,'Ashur-ilaya'),
	(130,'Ashur-ishmanni'),
	(221,'Ashur-la-kenu-ubasha'),
	(95,'Ashur-le\'i'),
	(249,'Ashur-nasir'),
	(217,'Ashur-natkil'),
	(195,'Ashur-nerari (V)'),
	(213,'Ashur-nirka-da\'\'in'),
	(146,'Ashur-shallimanni'),
	(250,'Ashur-shezibanni'),
	(75,'Ashur-taklak'),
	(166,'Ashur/Nergal-ilaya'),
	(247,'Ashura-da\'\'inanni'),
	(171,'Ashurnasirpal (II)'),
	(50,'Atar-ilu'),
	(233,'Banba'),
	(104,'Barmu'),
	(116,'Bel-bunaya'),
	(216,'Bel-dan'),
	(60,'Bel-emuranni'),
	(136,'Bel-Harran-belu-usur'),
	(129,'Bel-Harran-shadua'),
	(260,'Bel-ilaya'),
	(93,'Bel-iqishanni'),
	(200,'Bel-lesher'),
	(85,'Bel-lu-balat'),
	(198,'Bel-lu-dari'),
	(101,'Bel-mudammiq'),
	(80,'Bel-na\'id'),
	(222,'Bel-qate-sabat'),
	(113,'Bel-shadua'),
	(124,'Bel-sharrani'),
	(264,'Bel-tarsi-iluma'),
	(87,'Belshuun'),
	(107,'Bur-Ramman'),
	(202,'Bur-Saggile'),
	(68,'Dagan-belu-nasir'),
	(82,'Dananu'),
	(94,'Dayan-Ashur'),
	(162,'Dayan-Ninurta'),
	(59,'Dur-Ashur'),
	(98,'Dur-mati-Ashur'),
	(66,'Gabbaru'),
	(181,'Gihilu'),
	(257,'Girsapunu'),
	(253,'Hadi-lipushu'),
	(74,'Hananu'),
	(155,'Hubayu'),
	(96,'Iddin-ahhe'),
	(187,'Illeqayu'),
	(172,'Ilu-issiya'),
	(232,'Ilu-milku'),
	(152,'Ilu-mukin-ahi'),
	(163,'Iluma-le\'i'),
	(169,'Ina-iliya-allak'),
	(137,'Iqisu'),
	(106,'Ishshiak-Ashur-lilbur'),
	(170,'Ishtar-duri'),
	(133,'Ishtar-emuqaya'),
	(111,'Issi-Adad-anenu'),
	(256,'Kanunayu'),
	(176,'La-qipu'),
	(51,'Labasi'),
	(141,'Likberu'),
	(154,'Liphur-ilu'),
	(234,'Mahde'),
	(245,'Mannu-dan-ana-ili'),
	(157,'Mannu-ki-Adad'),
	(58,'Mannu-ki-Ashur'),
	(230,'Mannu-ki-Ashur-le\'i'),
	(255,'Mannu-ki-sharri'),
	(259,'Manzerne'),
	(186,'Marduk-belu-usur'),
	(188,'Marduk-ishmanni'),
	(252,'Marduk-remanni'),
	(248,'Marduk-shaduni'),
	(246,'Marduk-shallimanni'),
	(180,'Marduk-sharru-usur'),
	(265,'Marlarim'),
	(108,'Metunu'),
	(225,'Milki-ramu'),
	(214,'Miqti-adur'),
	(115,'Mukin-abua'),
	(243,'Murshallim-Ninurta'),
	(64,'Mushallim-Ninurta'),
	(159,'Musheknish'),
	(53,'Mutakkil-Ashur'),
	(76,'Mutakkil-Marduk'),
	(91,'Na\'id-ilu'),
	(219,'Nabu-ahhe-eresh'),
	(262,'Nabu-ahhe-iddin'),
	(109,'Nabu-belu-usur'),
	(197,'Nabu-da\'\'inanni'),
	(235,'Nabu-danninanni'),
	(164,'Nabu-deni-epush'),
	(258,'Nabu-duru-usur'),
	(211,'Nabu-eteranni'),
	(61,'Nabu-ishdeya-ka\'\'in'),
	(126,'Nabu-kenu-usur'),
	(102,'Nabu-le\'i'),
	(158,'Nabu-mukin-ahi'),
	(191,'Nabu-nadin-ahi'),
	(88,'Nabu-shar-ahheshu'),
	(212,'Nabu-sharru-usur'),
	(65,'Nabu-taris'),
	(121,'Nashur-bel'),
	(183,'Nergal-alik-pani'),
	(150,'Nergal-apil-kumua'),
	(161,'Nergal-eresh'),
	(228,'Nergal-ilaya'),
	(168,'Nergal-mudammiq'),
	(177,'Nergal-nasir'),
	(218,'Nergal-nirka-da\'\'in'),
	(54,'Nergal-sharru-usur'),
	(175,'Nergal-uballit'),
	(174,'Nergal-zar...me'),
	(204,'Ninuayu'),
	(244,'Ninurta-alik-pani'),
	(215,'Ninurta-ashared'),
	(254,'Ninurta-belu-usur'),
	(231,'Ninurta-eteranni'),
	(114,'Ninurta-iddin'),
	(57,'Ninurta-ilaya'),
	(90,'Ninurta-kibsi-usur'),
	(84,'Ninurta-mukin-ahi'),
	(145,'Ninurta-mukin-nishi'),
	(238,'Ninurta-nadin-shumi'),
	(203,'Ninurta-nasir'),
	(210,'Ninurta-piya-usur'),
	(196,'Ninurta-shezibanni'),
	(173,'Ninurta-ubla'),
	(112,'Nuhshaya'),
	(142,'Pan-Ashur-lamur'),
	(153,'Qurdi-Ashur'),
	(100,'Q[urdi-ili]ma'),
	(236,'Sagabbu'),
	(122,'Sargon (II)'),
	(193,'Sennacherib'),
	(205,'Sha-Ashur-dubbu'),
	(81,'Sha-ilima-damqa'),
	(209,'Sha-Nabu-shu'),
	(48,'Shalmaneser (III)'),
	(192,'Shalmaneser (IV)'),
	(182,'Shalmaneser (V)'),
	(120,'Shamash-abua'),
	(184,'Shamash-belu-usur'),
	(140,'Shamash-ilaya'),
	(165,'Shamash-kashid-ayabi'),
	(125,'Shamash-kenu-dugul'),
	(77,'Shamash-kumua'),
	(99,'Shamash-nuri'),
	(52,'Shamash-upahhir'),
	(239,'Shamshi-Adad (V)'),
	(208,'Shamshi-ilu'),
	(149,'Sharru-balti-nishi'),
	(229,'Sharru-emuranni'),
	(63,'Sharru-hattu-ipel'),
	(105,'Sharru-huri'),
	(97,'Sharru-lu-dari'),
	(147,'She\'i-Ashur'),
	(242,'Shep-Ishtar'),
	(55,'Shep-Shamash'),
	(86,'Shep-sharri'),
	(207,'Shulmu-beli'),
	(144,'Shulmu-beli-lamur'),
	(89,'Shulmu-beli-lashme'),
	(237,'Shulmu-sharri'),
	(118,'Sidqi-ilu'),
	(62,'Sil-beli'),
	(138,'Sil-Ishtar'),
	(227,'Silim-Ashur'),
	(103,'Sin-shallimanni'),
	(160,'Sin-taklak'),
	(110,'Tab-belu'),
	(131,'Tab-eter-Ashur'),
	(178,'Tab-Ninurta'),
	(226,'Tab-shar-Ashur'),
	(199,'Tab-shar-Sin'),
	(117,'Tab-sil-Esharra'),
	(223,'Taklak-ana-beli'),
	(123,'Taklak-ana-beliya'),
	(148,'Taklak-ana-sharri'),
	(78,'Tiglath-pileser (III)'),
	(261,'Tukulti-ninurta (II)'),
	(151,'Ululayu'),
	(263,'Yahalu'),
	(79,'Yari'),
	(119,'Zazaya'),
	(83,'Zeru-ibni');

/*!40000 ALTER TABLE `eponym` ENABLE KEYS */;
UNLOCK TABLES;


# Dump of table function
# ------------------------------------------------------------

DROP TABLE IF EXISTS `function`;

CREATE TABLE `function` (
  `id` int(11) NOT NULL AUTO_INCREMENT,
  `name` varchar(50) NOT NULL,
  PRIMARY KEY (`id`),
  UNIQUE KEY `uq_name` (`name`),
  KEY `idx_name` (`name`)
) ENGINE=InnoDB AUTO_INCREMENT=5 DEFAULT CHARSET=utf8;

LOCK TABLES `function` WRITE;
/*!40000 ALTER TABLE `function` DISABLE KEYS */;

INSERT INTO `function` (`id`, `name`)
VALUES
	(2,'determinative'),
	(4,'gloss'),
	(3,'logogram'),
	(1,'syllable');

/*!40000 ALTER TABLE `function` ENABLE KEYS */;
UNLOCK TABLES;


# Dump of table genre
# ------------------------------------------------------------

DROP TABLE IF EXISTS `genre`;

CREATE TABLE `genre` (
  `id` int(11) NOT NULL AUTO_INCREMENT,
  `name` varchar(100) NOT NULL,
  PRIMARY KEY (`id`),
  UNIQUE KEY `uq_name` (`name`),
  KEY `idx_name` (`name`)
) ENGINE=InnoDB AUTO_INCREMENT=8 DEFAULT CHARSET=utf8;

LOCK TABLES `genre` WRITE;
/*!40000 ALTER TABLE `genre` DISABLE KEYS */;

INSERT INTO `genre` (`id`, `name`)
VALUES
	(1,'Daily life (administrative)'),
	(7,'Daily life (legal)'),
	(2,'Daily life (letter)'),
	(6,'Library'),
	(3,'Monumental (royal or votive inscription)'),
	(5,'School'),
	(4,'Seal');

/*!40000 ALTER TABLE `genre` ENABLE KEYS */;
UNLOCK TABLES;


# Dump of table Instance
# ------------------------------------------------------------

DROP TABLE IF EXISTS `Instance`;

CREATE TABLE `Instance` (
  `id` int(11) NOT NULL AUTO_INCREMENT,
  `sign_id` int(11) NOT NULL,
  `surface_id` int(11) DEFAULT NULL,
  `column_id` int(11) DEFAULT NULL,
  `line_id` int(11) DEFAULT NULL,
  `function_id` int(11) DEFAULT NULL,
  `iteration_id` int(11) DEFAULT NULL,
  `tablet_id` int(11) NOT NULL,
  `notes` varchar(250) DEFAULT NULL,
  `filename` varchar(50) NOT NULL,
  PRIMARY KEY (`id`),
  UNIQUE KEY `filename` (`filename`),
  KEY `sign_id` (`sign_id`),
  KEY `surface_id` (`surface_id`),
  KEY `column_id` (`column_id`),
  KEY `line_id` (`line_id`),
  KEY `function_id` (`function_id`),
  KEY `iteration_id` (`iteration_id`),
  KEY `tablet_id` (`tablet_id`),
  CONSTRAINT `instance_ibfk_1` FOREIGN KEY (`sign_id`) REFERENCES `sign` (`id`),
  CONSTRAINT `instance_ibfk_2` FOREIGN KEY (`surface_id`) REFERENCES `surface` (`id`),
  CONSTRAINT `instance_ibfk_3` FOREIGN KEY (`column_id`) REFERENCES `column` (`id`),
  CONSTRAINT `instance_ibfk_4` FOREIGN KEY (`line_id`) REFERENCES `line` (`id`),
  CONSTRAINT `instance_ibfk_5` FOREIGN KEY (`function_id`) REFERENCES `function` (`id`),
  CONSTRAINT `instance_ibfk_6` FOREIGN KEY (`iteration_id`) REFERENCES `iteration` (`id`),
  CONSTRAINT `instance_ibfk_7` FOREIGN KEY (`tablet_id`) REFERENCES `tablet` (`id`)
) ENGINE=InnoDB DEFAULT CHARSET=utf8;



# Dump of table iteration
# ------------------------------------------------------------

DROP TABLE IF EXISTS `iteration`;

CREATE TABLE `iteration` (
  `id` int(11) NOT NULL AUTO_INCREMENT,
  `number` varchar(5) NOT NULL,
  PRIMARY KEY (`id`),
  KEY `ix_iteration_number` (`number`)
) ENGINE=InnoDB AUTO_INCREMENT=16 DEFAULT CHARSET=utf8;

LOCK TABLES `iteration` WRITE;
/*!40000 ALTER TABLE `iteration` DISABLE KEYS */;

INSERT INTO `iteration` (`id`, `number`)
VALUES
	(1,'1'),
	(10,'10'),
	(11,'11'),
	(12,'12'),
	(13,'13'),
	(14,'14'),
	(15,'15'),
	(2,'2'),
	(3,'3'),
	(4,'4'),
	(5,'5'),
	(6,'6'),
	(7,'7'),
	(8,'8'),
	(9,'9');

/*!40000 ALTER TABLE `iteration` ENABLE KEYS */;
UNLOCK TABLES;


# Dump of table language
# ------------------------------------------------------------

DROP TABLE IF EXISTS `language`;

CREATE TABLE `language` (
  `id` int(11) NOT NULL AUTO_INCREMENT,
  `name` varchar(100) NOT NULL,
  PRIMARY KEY (`id`),
  UNIQUE KEY `uq_name` (`name`),
  KEY `idx_name` (`name`)
) ENGINE=InnoDB AUTO_INCREMENT=6 DEFAULT CHARSET=utf8;

LOCK TABLES `language` WRITE;
/*!40000 ALTER TABLE `language` DISABLE KEYS */;

INSERT INTO `language` (`id`, `name`)
VALUES
	(1,'Akkadian'),
	(5,'Elamite'),
	(3,'Hittite'),
	(4,'Hurrian'),
	(2,'Sumerian');

/*!40000 ALTER TABLE `language` ENABLE KEYS */;
UNLOCK TABLES;


# Dump of table line
# ------------------------------------------------------------

DROP TABLE IF EXISTS `line`;

CREATE TABLE `line` (
  `id` int(11) NOT NULL AUTO_INCREMENT,
  `number` varchar(5) NOT NULL,
  PRIMARY KEY (`id`),
  KEY `ix_line_number` (`number`)
) ENGINE=InnoDB AUTO_INCREMENT=301 DEFAULT CHARSET=utf8;

LOCK TABLES `line` WRITE;
/*!40000 ALTER TABLE `line` DISABLE KEYS */;

INSERT INTO `line` (`id`, `number`)
VALUES
	(1,'1'),
	(151,'1\''),
	(10,'10'),
	(160,'10\''),
	(100,'100'),
	(250,'100\''),
	(101,'101'),
	(251,'101\''),
	(102,'102'),
	(252,'102\''),
	(103,'103'),
	(253,'103\''),
	(104,'104'),
	(254,'104\''),
	(105,'105'),
	(255,'105\''),
	(106,'106'),
	(256,'106\''),
	(107,'107'),
	(257,'107\''),
	(108,'108'),
	(258,'108\''),
	(109,'109'),
	(259,'109\''),
	(11,'11'),
	(161,'11\''),
	(110,'110'),
	(260,'110\''),
	(111,'111'),
	(261,'111\''),
	(112,'112'),
	(262,'112\''),
	(113,'113'),
	(263,'113\''),
	(114,'114'),
	(264,'114\''),
	(115,'115'),
	(265,'115\''),
	(116,'116'),
	(266,'116\''),
	(117,'117'),
	(267,'117\''),
	(118,'118'),
	(268,'118\''),
	(119,'119'),
	(269,'119\''),
	(12,'12'),
	(162,'12\''),
	(120,'120'),
	(270,'120\''),
	(121,'121'),
	(271,'121\''),
	(122,'122'),
	(272,'122\''),
	(123,'123'),
	(273,'123\''),
	(124,'124'),
	(274,'124\''),
	(125,'125'),
	(275,'125\''),
	(126,'126'),
	(276,'126\''),
	(127,'127'),
	(277,'127\''),
	(128,'128'),
	(278,'128\''),
	(129,'129'),
	(279,'129\''),
	(13,'13'),
	(163,'13\''),
	(130,'130'),
	(280,'130\''),
	(131,'131'),
	(281,'131\''),
	(132,'132'),
	(282,'132\''),
	(133,'133'),
	(283,'133\''),
	(134,'134'),
	(284,'134\''),
	(135,'135'),
	(285,'135\''),
	(136,'136'),
	(286,'136\''),
	(137,'137'),
	(287,'137\''),
	(138,'138'),
	(288,'138\''),
	(139,'139'),
	(289,'139\''),
	(14,'14'),
	(164,'14\''),
	(140,'140'),
	(290,'140\''),
	(141,'141'),
	(291,'141\''),
	(142,'142'),
	(292,'142\''),
	(143,'143'),
	(293,'143\''),
	(144,'144'),
	(294,'144\''),
	(145,'145'),
	(295,'145\''),
	(146,'146'),
	(296,'146\''),
	(147,'147'),
	(297,'147\''),
	(148,'148'),
	(298,'148\''),
	(149,'149'),
	(299,'149\''),
	(15,'15'),
	(165,'15\''),
	(150,'150'),
	(300,'150\''),
	(16,'16'),
	(166,'16\''),
	(17,'17'),
	(167,'17\''),
	(18,'18'),
	(168,'18\''),
	(19,'19'),
	(169,'19\''),
	(2,'2'),
	(152,'2\''),
	(20,'20'),
	(170,'20\''),
	(21,'21'),
	(171,'21\''),
	(22,'22'),
	(172,'22\''),
	(23,'23'),
	(173,'23\''),
	(24,'24'),
	(174,'24\''),
	(25,'25'),
	(175,'25\''),
	(26,'26'),
	(176,'26\''),
	(27,'27'),
	(177,'27\''),
	(28,'28'),
	(178,'28\''),
	(29,'29'),
	(179,'29\''),
	(3,'3'),
	(153,'3\''),
	(30,'30'),
	(180,'30\''),
	(31,'31'),
	(181,'31\''),
	(32,'32'),
	(182,'32\''),
	(33,'33'),
	(183,'33\''),
	(34,'34'),
	(184,'34\''),
	(35,'35'),
	(185,'35\''),
	(36,'36'),
	(186,'36\''),
	(37,'37'),
	(187,'37\''),
	(38,'38'),
	(188,'38\''),
	(39,'39'),
	(189,'39\''),
	(4,'4'),
	(154,'4\''),
	(40,'40'),
	(190,'40\''),
	(41,'41'),
	(191,'41\''),
	(42,'42'),
	(192,'42\''),
	(43,'43'),
	(193,'43\''),
	(44,'44'),
	(194,'44\''),
	(45,'45'),
	(195,'45\''),
	(46,'46'),
	(196,'46\''),
	(47,'47'),
	(197,'47\''),
	(48,'48'),
	(198,'48\''),
	(49,'49'),
	(199,'49\''),
	(5,'5'),
	(155,'5\''),
	(50,'50'),
	(200,'50\''),
	(51,'51'),
	(201,'51\''),
	(52,'52'),
	(202,'52\''),
	(53,'53'),
	(203,'53\''),
	(54,'54'),
	(204,'54\''),
	(55,'55'),
	(205,'55\''),
	(56,'56'),
	(206,'56\''),
	(57,'57'),
	(207,'57\''),
	(58,'58'),
	(208,'58\''),
	(59,'59'),
	(209,'59\''),
	(6,'6'),
	(156,'6\''),
	(60,'60'),
	(210,'60\''),
	(61,'61'),
	(211,'61\''),
	(62,'62'),
	(212,'62\''),
	(63,'63'),
	(213,'63\''),
	(64,'64'),
	(214,'64\''),
	(65,'65'),
	(215,'65\''),
	(66,'66'),
	(216,'66\''),
	(67,'67'),
	(217,'67\''),
	(68,'68'),
	(218,'68\''),
	(69,'69'),
	(219,'69\''),
	(7,'7'),
	(157,'7\''),
	(70,'70'),
	(220,'70\''),
	(71,'71'),
	(221,'71\''),
	(72,'72'),
	(222,'72\''),
	(73,'73'),
	(223,'73\''),
	(74,'74'),
	(224,'74\''),
	(75,'75'),
	(225,'75\''),
	(76,'76'),
	(226,'76\''),
	(77,'77'),
	(227,'77\''),
	(78,'78'),
	(228,'78\''),
	(79,'79'),
	(229,'79\''),
	(8,'8'),
	(158,'8\''),
	(80,'80'),
	(230,'80\''),
	(81,'81'),
	(231,'81\''),
	(82,'82'),
	(232,'82\''),
	(83,'83'),
	(233,'83\''),
	(84,'84'),
	(234,'84\''),
	(85,'85'),
	(235,'85\''),
	(86,'86'),
	(236,'86\''),
	(87,'87'),
	(237,'87\''),
	(88,'88'),
	(238,'88\''),
	(89,'89'),
	(239,'89\''),
	(9,'9'),
	(159,'9\''),
	(90,'90'),
	(240,'90\''),
	(91,'91'),
	(241,'91\''),
	(92,'92'),
	(242,'92\''),
	(93,'93'),
	(243,'93\''),
	(94,'94'),
	(244,'94\''),
	(95,'95'),
	(245,'95\''),
	(96,'96'),
	(246,'96\''),
	(97,'97'),
	(247,'97\''),
	(98,'98'),
	(248,'98\''),
	(99,'99'),
	(249,'99\'');

/*!40000 ALTER TABLE `line` ENABLE KEYS */;
UNLOCK TABLES;


# Dump of table locality
# ------------------------------------------------------------

DROP TABLE IF EXISTS `locality`;

CREATE TABLE `locality` (
  `id` int(11) NOT NULL AUTO_INCREMENT,
  `area` varchar(100) NOT NULL,
  PRIMARY KEY (`id`),
  UNIQUE KEY `uq_area` (`area`),
  KEY `idx_area` (`area`)
) ENGINE=InnoDB AUTO_INCREMENT=8 DEFAULT CHARSET=utf8;

LOCK TABLES `locality` WRITE;
/*!40000 ALTER TABLE `locality` DISABLE KEYS */;

INSERT INTO `locality` (`id`, `area`)
VALUES
	(1,'Anatolia'),
	(7,'Egypt'),
	(5,'Iran'),
	(2,'north Mesopotamia'),
	(3,'south Mesopotamia'),
	(4,'Syria');

/*!40000 ALTER TABLE `locality` ENABLE KEYS */;
UNLOCK TABLES;


# Dump of table medium
# ------------------------------------------------------------

DROP TABLE IF EXISTS `medium`;

CREATE TABLE `medium` (
  `id` int(11) NOT NULL AUTO_INCREMENT,
  `name` varchar(50) NOT NULL,
  PRIMARY KEY (`id`),
  UNIQUE KEY `uq_name` (`name`),
  KEY `idx_name` (`name`)
) ENGINE=InnoDB AUTO_INCREMENT=6 DEFAULT CHARSET=utf8;

LOCK TABLES `medium` WRITE;
/*!40000 ALTER TABLE `medium` DISABLE KEYS */;

INSERT INTO `medium` (`id`, `name`)
VALUES
	(2,'clay'),
	(4,'metal'),
	(3,'stone'),
	(5,'wax');

/*!40000 ALTER TABLE `medium` ENABLE KEYS */;
UNLOCK TABLES;


# Dump of table method
# ------------------------------------------------------------

DROP TABLE IF EXISTS `method`;

CREATE TABLE `method` (
  `id` int(11) NOT NULL AUTO_INCREMENT,
  `name` varchar(50) NOT NULL,
  PRIMARY KEY (`id`),
  UNIQUE KEY `uq_name` (`name`),
  KEY `idx_name` (`name`)
) ENGINE=InnoDB AUTO_INCREMENT=6 DEFAULT CHARSET=utf8;

LOCK TABLES `method` WRITE;
/*!40000 ALTER TABLE `method` DISABLE KEYS */;

INSERT INTO `method` (`id`, `name`)
VALUES
	(3,'engraved'),
	(2,'impressed'),
	(4,'inked'),
	(1,'inscribed'),
	(5,'painted');

/*!40000 ALTER TABLE `method` ENABLE KEYS */;
UNLOCK TABLES;


# Dump of table non_ruler_corresp
# ------------------------------------------------------------

DROP TABLE IF EXISTS `non_ruler_corresp`;

CREATE TABLE `non_ruler_corresp` (
  `id` int(11) NOT NULL AUTO_INCREMENT,
  `name` varchar(100) NOT NULL,
  PRIMARY KEY (`id`),
  UNIQUE KEY `uq_name` (`name`),
  KEY `idx_name` (`name`)
) ENGINE=InnoDB AUTO_INCREMENT=10 DEFAULT CHARSET=utf8;

LOCK TABLES `non_ruler_corresp` WRITE;
/*!40000 ALTER TABLE `non_ruler_corresp` DISABLE KEYS */;

INSERT INTO `non_ruler_corresp` (`id`, `name`)
VALUES
	(8,'Awil-Sin'),
	(4,'awilum'),
	(2,'Guy'),
	(3,'Ilshu-ibni'),
	(6,'Iluni'),
	(9,'Marduk-mushallim'),
	(7,'Nabium-nasir'),
	(5,'Sin-iddinam');

/*!40000 ALTER TABLE `non_ruler_corresp` ENABLE KEYS */;
UNLOCK TABLES;


# Dump of table Period
# ------------------------------------------------------------

DROP TABLE IF EXISTS `Period`;

CREATE TABLE `Period` (
  `id` int(11) NOT NULL AUTO_INCREMENT,
  `name` varchar(150) NOT NULL,
  `from_date` varchar(50) DEFAULT NULL,
  `to_date` varchar(50) DEFAULT NULL,
  PRIMARY KEY (`id`),
  UNIQUE KEY `uq_name` (`name`),
  KEY `idx_name` (`name`)
) ENGINE=InnoDB AUTO_INCREMENT=20 DEFAULT CHARSET=utf8;

LOCK TABLES `Period` WRITE;
/*!40000 ALTER TABLE `Period` DISABLE KEYS */;

INSERT INTO `Period` (`id`, `name`, `from_date`, `to_date`)
VALUES
	(8,'Old Babylonian','1800 BC','1500 BC'),
	(9,'Middle Babylonian','1500 BC','1000 BC'),
	(10,'Neo-Babylonian','1000 BC','540 BC'),
	(11,'Late Babylonian','540 BC','75 AD'),
	(12,'Old Assyrian','2000 BC','1750 BC'),
	(13,'Middle Assyrian','1500 BC','1000 BC'),
	(14,'Neo-Assyrian','1000 BC','600 BC'),
	(16,'Archaic',NULL,NULL),
	(17,'ED',NULL,NULL),
	(18,'Late Third Millennium',NULL,NULL),
	(19,'Early Dynastic',NULL,NULL);

/*!40000 ALTER TABLE `Period` ENABLE KEYS */;
UNLOCK TABLES;


# Dump of table Reign
# ------------------------------------------------------------

DROP TABLE IF EXISTS `Reign`;

CREATE TABLE `Reign` (
  `id` int(11) NOT NULL AUTO_INCREMENT,
  `rim_ref` varchar(50) NOT NULL,
  `city_id` int(11) DEFAULT NULL,
  `start_date` int(11) DEFAULT NULL,
  `end_date` int(11) DEFAULT NULL,
  `dynasty_id` int(11) DEFAULT NULL,
  `period_id` int(11) NOT NULL,
  `sub_period_id` int(11) DEFAULT NULL,
  `ruler_id` int(11) NOT NULL,
  PRIMARY KEY (`id`),
  KEY `city_id` (`city_id`),
  KEY `start_date` (`start_date`),
  KEY `end_date` (`end_date`),
  KEY `dynasty_id` (`dynasty_id`),
  KEY `period_id` (`period_id`),
  KEY `sub_period_id` (`sub_period_id`),
  KEY `ix_reign_rim_ref` (`rim_ref`),
  KEY `ruler_id` (`ruler_id`),
  CONSTRAINT `reign_ibfk_1` FOREIGN KEY (`city_id`) REFERENCES `city` (`id`),
  CONSTRAINT `reign_ibfk_2` FOREIGN KEY (`start_date`) REFERENCES `year` (`id`),
  CONSTRAINT `reign_ibfk_3` FOREIGN KEY (`end_date`) REFERENCES `year` (`id`),
  CONSTRAINT `reign_ibfk_4` FOREIGN KEY (`dynasty_id`) REFERENCES `dynasty` (`id`),
  CONSTRAINT `reign_ibfk_5` FOREIGN KEY (`period_id`) REFERENCES `period` (`id`),
  CONSTRAINT `reign_ibfk_6` FOREIGN KEY (`sub_period_id`) REFERENCES `sub_period` (`id`),
  CONSTRAINT `reign_ibfk_7` FOREIGN KEY (`ruler_id`) REFERENCES `ruler` (`id`)
) ENGINE=InnoDB AUTO_INCREMENT=2907 DEFAULT CHARSET=utf8;

LOCK TABLES `Reign` WRITE;
/*!40000 ALTER TABLE `Reign` DISABLE KEYS */;

INSERT INTO `Reign` (`id`, `rim_ref`, `city_id`, `start_date`, `end_date`, `dynasty_id`, `period_id`, `sub_period_id`, `ruler_id`)
VALUES
	(2320,'A.0.100',NULL,890,884,NULL,12,5,5028),
	(2321,'A.0.1001',NULL,NULL,NULL,NULL,12,5,5029),
	(2322,'A.0.1002',NULL,NULL,NULL,NULL,12,5,5030),
	(2323,'A.0.1003',NULL,NULL,NULL,NULL,12,5,5031),
	(2324,'A.0.1004',NULL,NULL,NULL,NULL,12,5,5032),
	(2325,'A.0.101',NULL,883,859,NULL,14,3,5033),
	(2326,'A.0.102',NULL,858,824,NULL,14,3,5034),
	(2327,'A.0.103',NULL,823,811,NULL,14,3,5035),
	(2328,'A.0.104',NULL,810,783,NULL,14,3,5036),
	(2329,'A.0.105',NULL,782,773,NULL,14,3,5037),
	(2330,'A.0.106',NULL,772,755,NULL,14,3,5038),
	(2331,'A.0.107',NULL,754,745,NULL,14,3,5039),
	(2332,'A.0.117',NULL,611,609,NULL,14,17,5040),
	(2333,'A.0.16',NULL,NULL,NULL,NULL,12,5,5041),
	(2334,'A.0.17',NULL,NULL,NULL,NULL,12,5,5042),
	(2335,'A.0.18',NULL,NULL,NULL,NULL,12,5,5043),
	(2336,'A.0.19',NULL,NULL,NULL,NULL,12,5,5044),
	(2337,'A.0.20',NULL,NULL,NULL,NULL,12,5,5045),
	(2338,'A.0.21',NULL,NULL,NULL,NULL,12,5,5046),
	(2339,'A.0.22',NULL,NULL,NULL,NULL,12,5,5047),
	(2340,'A.0.23',NULL,NULL,NULL,NULL,12,5,5048),
	(2341,'A.0.24',NULL,NULL,NULL,NULL,12,5,5049),
	(2342,'A.0.25',NULL,NULL,NULL,NULL,12,5,5050),
	(2343,'A.0.26',NULL,NULL,NULL,NULL,12,5,5051),
	(2344,'A.0.27',NULL,NULL,NULL,NULL,12,5,5052),
	(2345,'A.0.27',NULL,NULL,NULL,NULL,12,5,5053),
	(2346,'A.0.28',NULL,NULL,NULL,NULL,12,5,5054),
	(2347,'A.0.29',NULL,NULL,NULL,NULL,12,5,5055),
	(2348,'A.0.30',NULL,NULL,NULL,NULL,12,5,5056),
	(2349,'A.0.31',NULL,NULL,NULL,NULL,12,5,5057),
	(2350,'A.0.32',NULL,NULL,NULL,NULL,12,5,5058),
	(2351,'A.0.33',NULL,NULL,NULL,NULL,12,5,5059),
	(2352,'A.0.34',NULL,NULL,NULL,NULL,12,5,5060),
	(2353,'A.0.35',NULL,NULL,NULL,NULL,12,5,5061),
	(2354,'A.0.36',NULL,NULL,NULL,NULL,12,5,5062),
	(2355,'A.0.37',NULL,NULL,NULL,NULL,12,5,5063),
	(2356,'A.0.38',NULL,NULL,NULL,NULL,12,5,5064),
	(2357,'A.0.39',NULL,NULL,NULL,NULL,12,13,5065),
	(2358,'A.0.40',NULL,NULL,NULL,NULL,12,13,5066),
	(2359,'A.0.40',NULL,NULL,NULL,NULL,12,13,5067),
	(2360,'A.0.40a',NULL,NULL,NULL,NULL,12,13,5068),
	(2361,'A.0.40b',NULL,NULL,NULL,NULL,12,13,5069),
	(2362,'A.0.40c',NULL,NULL,NULL,NULL,12,13,5070),
	(2363,'A.0.41',NULL,NULL,NULL,NULL,12,13,5071),
	(2364,'A.0.42',NULL,NULL,NULL,NULL,12,13,5072),
	(2365,'A.0.43',NULL,NULL,NULL,NULL,12,13,5073),
	(2366,'A.0.44',NULL,NULL,NULL,NULL,12,13,5074),
	(2367,'A.0.45',NULL,NULL,NULL,NULL,12,13,5075),
	(2368,'A.0.46',NULL,NULL,NULL,NULL,12,13,5076),
	(2369,'A.0.47',NULL,NULL,NULL,NULL,12,13,5077),
	(2370,'A.0.49',NULL,NULL,NULL,NULL,12,13,5078),
	(2371,'A.0.50',NULL,NULL,NULL,NULL,12,13,5079),
	(2372,'A.0.51',NULL,NULL,NULL,NULL,12,13,5080),
	(2373,'A.0.52',NULL,NULL,NULL,NULL,12,13,5081),
	(2374,'A.0.53',NULL,NULL,NULL,NULL,12,13,5082),
	(2375,'A.0.54',NULL,NULL,NULL,NULL,12,13,5083),
	(2376,'A.0.55',NULL,NULL,NULL,NULL,12,13,5084),
	(2377,'A.0.56',NULL,NULL,NULL,NULL,13,NULL,5085),
	(2378,'A.0.57',NULL,NULL,NULL,NULL,13,NULL,5086),
	(2379,'A.0.58',NULL,NULL,NULL,NULL,13,NULL,5087),
	(2380,'A.0.59',NULL,NULL,NULL,NULL,13,NULL,5088),
	(2381,'A.0.60',NULL,NULL,NULL,NULL,13,NULL,5089),
	(2382,'A.0.61',NULL,NULL,NULL,NULL,13,NULL,5090),
	(2383,'A.0.62',NULL,NULL,NULL,NULL,13,NULL,5091),
	(2384,'A.0.63',NULL,NULL,NULL,NULL,13,NULL,5092),
	(2385,'A.0.64',NULL,NULL,NULL,NULL,13,NULL,5093),
	(2386,'A.0.65',NULL,NULL,NULL,NULL,13,NULL,5094),
	(2387,'A.0.66',NULL,NULL,NULL,NULL,13,NULL,5095),
	(2388,'A.0.67',NULL,1430,1425,NULL,13,NULL,5096),
	(2389,'A.0.68',NULL,1424,1418,NULL,13,NULL,5097),
	(2390,'A.0.69',NULL,1417,1409,NULL,13,NULL,5098),
	(2391,'A.0.70',NULL,1408,1401,NULL,13,NULL,5099),
	(2392,'A.0.71',NULL,1400,1391,NULL,13,NULL,5100),
	(2393,'A.0.72',NULL,1390,1364,NULL,13,NULL,5101),
	(2394,'A.0.73',NULL,1363,1328,NULL,13,NULL,5102),
	(2395,'A.0.74',NULL,1327,1318,NULL,13,NULL,5103),
	(2396,'A.0.75',NULL,1317,1306,NULL,13,NULL,5104),
	(2397,'A.0.76',NULL,1305,1274,NULL,13,NULL,5105),
	(2398,'A.0.77',NULL,1273,1244,NULL,13,NULL,5106),
	(2399,'A.0.78',NULL,1243,1207,NULL,13,NULL,5107),
	(2400,'A.0.78a',NULL,NULL,NULL,NULL,13,NULL,5108),
	(2401,'A.0.79',NULL,1206,1203,NULL,13,NULL,5109),
	(2402,'A.0.80',NULL,1202,1197,NULL,13,NULL,5110),
	(2403,'A.0.81',NULL,1196,1192,NULL,13,NULL,5111),
	(2404,'A.0.82',NULL,1191,1179,NULL,13,NULL,5112),
	(2405,'A.0.83',NULL,1178,1133,NULL,13,NULL,5113),
	(2406,'A.0.84',NULL,NULL,NULL,NULL,13,NULL,5114),
	(2407,'A.0.85',NULL,NULL,NULL,NULL,13,NULL,5115),
	(2408,'A.0.86',NULL,1132,1115,NULL,13,NULL,5116),
	(2409,'A.0.87',NULL,1114,1076,NULL,13,NULL,5117),
	(2410,'A.0.88',NULL,1075,1074,NULL,13,NULL,5118),
	(2411,'A.0.89',NULL,1073,1056,NULL,13,NULL,5119),
	(2412,'A.0.90',NULL,1055,1054,NULL,13,NULL,5120),
	(2413,'A.0.91',NULL,1053,1050,NULL,13,NULL,5121),
	(2414,'A.0.92',NULL,1049,1031,NULL,13,NULL,5122),
	(2415,'A.0.93',NULL,1030,1019,NULL,13,NULL,5123),
	(2416,'A.0.94',NULL,1018,1013,NULL,13,NULL,5124),
	(2417,'A.0.95',NULL,1012,972,NULL,13,NULL,5125),
	(2418,'A.0.96',NULL,971,967,NULL,14,3,5126),
	(2419,'A.0.97',NULL,966,935,NULL,14,3,5127),
	(2420,'A.0.98',NULL,943,912,NULL,14,3,5128),
	(2421,'A.0.99',NULL,911,891,NULL,14,3,5129),
	(2422,'B.1.1',NULL,NULL,NULL,4,9,11,5130),
	(2423,'B.1.10',NULL,NULL,NULL,4,9,11,5131),
	(2424,'B.1.11',NULL,NULL,NULL,4,9,11,5132),
	(2425,'B.1.12',NULL,NULL,NULL,4,9,11,5133),
	(2426,'B.1.13',NULL,NULL,NULL,4,9,11,5134),
	(2427,'B.1.14',NULL,NULL,NULL,4,9,11,5135),
	(2428,'B.1.15',NULL,NULL,NULL,4,9,11,5136),
	(2429,'B.1.16',NULL,NULL,NULL,4,9,11,5137),
	(2430,'B.1.17',NULL,NULL,NULL,4,9,11,5138),
	(2431,'B.1.18',NULL,1374,1360,4,9,11,5139),
	(2432,'B.1.19',NULL,1359,1333,4,9,11,5140),
	(2433,'B.1.2',NULL,NULL,NULL,4,9,11,5141),
	(2434,'B.1.20',NULL,1333,NULL,4,9,11,5142),
	(2435,'B.1.21',NULL,1333,NULL,4,9,11,5143),
	(2436,'B.1.22',NULL,1332,1308,4,9,11,5144),
	(2437,'B.1.23',NULL,1307,1282,4,9,11,5145),
	(2438,'B.1.24',NULL,1281,1264,4,9,11,5146),
	(2439,'B.1.25',NULL,1263,1255,4,9,11,5147),
	(2440,'B.1.26',NULL,1254,1246,4,9,11,5148),
	(2441,'B.1.27',NULL,1245,1233,4,9,11,5149),
	(2442,'B.1.28',NULL,1232,1225,4,9,11,5150),
	(2443,'B.1.29',NULL,1224,NULL,4,9,11,5151),
	(2444,'B.1.3',NULL,NULL,NULL,4,9,11,5152),
	(2445,'B.1.30',NULL,1223,NULL,4,9,11,5153),
	(2446,'B.1.31',NULL,1222,1217,4,9,11,5154),
	(2447,'B.1.32',NULL,1216,1187,4,9,11,5155),
	(2448,'B.1.33',NULL,1186,1172,4,9,11,5156),
	(2449,'B.1.34',NULL,1171,1159,4,9,11,5157),
	(2450,'B.1.35',NULL,1158,NULL,4,9,11,5158),
	(2451,'B.1.36',NULL,1157,1155,4,9,11,5159),
	(2452,'B.1.4',NULL,NULL,NULL,4,9,11,5160),
	(2453,'B.1.5',NULL,NULL,NULL,4,9,11,5161),
	(2454,'B.1.5a',NULL,NULL,NULL,4,9,11,5162),
	(2455,'B.1.6',NULL,NULL,NULL,4,9,11,5163),
	(2456,'B.1.7',NULL,NULL,NULL,4,9,11,5164),
	(2457,'B.1.8',NULL,NULL,NULL,4,9,11,5165),
	(2458,'B.1.9',NULL,NULL,NULL,4,9,11,5166),
	(2459,'B.10.1',NULL,305,281,5,11,10,5167),
	(2460,'B.10.2',NULL,281,261,5,11,10,5168),
	(2461,'B.10.3',NULL,261,246,5,11,10,5169),
	(2462,'B.10.4',NULL,246,226,5,11,10,5170),
	(2463,'B.10.5',NULL,225,223,5,11,10,5171),
	(2464,'B.10.6',NULL,222,187,5,11,10,5172),
	(2465,'B.10.7',NULL,187,175,5,11,10,5173),
	(2466,'B.10.8',NULL,175,164,5,11,10,5174),
	(2467,'B.7.1',NULL,625,605,6,10,2,5175),
	(2468,'B.7.2',NULL,604,562,6,10,2,5176),
	(2469,'B.7.3',NULL,561,560,6,10,2,5177),
	(2470,'B.7.4',NULL,559,556,6,10,2,5178),
	(2471,'B.7.5',NULL,556,NULL,6,10,2,5179),
	(2472,'B.7.6',NULL,555,539,6,10,2,5180),
	(2473,'B.8.1',NULL,538,530,7,11,1,5181),
	(2474,'B.8.10',NULL,464,424,7,11,1,5182),
	(2475,'B.8.11',NULL,424,NULL,7,11,1,5183),
	(2476,'B.8.12',NULL,423,405,7,11,1,5184),
	(2477,'B.8.13',NULL,404,359,7,11,1,5185),
	(2478,'B.8.14',NULL,358,338,7,11,1,5186),
	(2479,'B.8.15',NULL,337,336,7,11,1,5187),
	(2480,'B.8.16',NULL,335,331,7,11,1,5188),
	(2481,'B.8.2',NULL,529,522,7,11,1,5189),
	(2482,'B.8.3',NULL,522,NULL,7,11,1,5190),
	(2483,'B.8.4',NULL,522,NULL,7,11,1,5191),
	(2484,'B.8.5',NULL,521,NULL,7,11,1,5192),
	(2485,'B.8.6',NULL,521,486,7,11,1,5193),
	(2486,'B.8.7',NULL,485,465,7,11,1,5194),
	(2487,'B.8.8',NULL,482,NULL,7,11,1,5195),
	(2488,'B.8.9',NULL,482,NULL,7,11,1,5196),
	(2489,'B.9.1',NULL,330,323,8,11,10,5197),
	(2490,'B.9.2',NULL,323,316,8,11,10,5198),
	(2491,'B.9.3',NULL,316,307,8,11,10,5199),
	(2492,'B.2.0',NULL,NULL,NULL,9,9,16,5200),
	(2493,'B.2.1',NULL,1157,1140,9,9,16,5201),
	(2494,'B.2.10',NULL,1045,1034,9,9,16,5202),
	(2495,'B.2.11',NULL,1033,1026,9,9,16,5203),
	(2496,'B.2.2',NULL,1139,1132,9,9,16,5204),
	(2497,'B.2.3',NULL,1131,1126,9,9,16,5205),
	(2498,'B.2.4',NULL,1125,1104,9,9,16,5206),
	(2499,'B.2.5',NULL,1103,1100,9,9,16,5207),
	(2500,'B.2.6',NULL,1099,1082,9,9,16,5208),
	(2501,'B.2.7',NULL,1081,1069,9,9,16,5209),
	(2502,'B.2.8',NULL,1068,1047,9,9,16,5210),
	(2503,'B.2.9',NULL,1046,NULL,9,9,16,5211),
	(2504,'B.3.1',NULL,1025,1008,10,9,16,5212),
	(2505,'B.3.2',NULL,1008,NULL,10,9,16,5213),
	(2506,'B.3.3',NULL,1007,1005,10,9,16,5214),
	(2507,'B.4.0',NULL,NULL,NULL,11,10,4,5215),
	(2508,'B.4.1',NULL,1004,988,11,10,4,5216),
	(2509,'B.4.2',NULL,987,985,11,10,4,5217),
	(2510,'B.4.3',NULL,985,NULL,11,10,4,5218),
	(2511,'B.5.1',NULL,984,979,12,10,4,5219),
	(2512,'B.6.1',NULL,978,943,13,10,4,5220),
	(2513,'B.6.10',NULL,NULL,NULL,13,10,4,5221),
	(2514,'B.6.11',NULL,NULL,NULL,13,10,4,5222),
	(2515,'B.6.12',NULL,NULL,NULL,13,10,4,5223),
	(2516,'B.6.13',NULL,NULL,NULL,13,10,4,5224),
	(2517,'B.6.14',NULL,760,748,13,10,4,5225),
	(2518,'B.6.15',NULL,747,734,13,10,4,5226),
	(2519,'B.6.16',NULL,733,732,13,10,4,5227),
	(2520,'B.6.17',NULL,732,NULL,13,10,4,5228),
	(2521,'B.6.18',NULL,731,729,13,10,4,5229),
	(2522,'B.6.19',NULL,728,727,13,10,4,5230),
	(2523,'B.6.2',NULL,943,NULL,13,10,4,5231),
	(2524,'B.6.20',NULL,726,722,13,10,4,5232),
	(2525,'B.6.22',NULL,709,705,13,10,4,5233),
	(2526,'B.6.24',NULL,703,NULL,13,10,4,5234),
	(2527,'B.6.25',NULL,703,NULL,13,10,4,5235),
	(2528,'B.6.26',NULL,702,700,13,10,4,5236),
	(2529,'B.6.27',NULL,699,694,13,10,4,5237),
	(2530,'B.6.28',NULL,693,NULL,13,10,4,5238),
	(2531,'B.6.29',NULL,692,689,13,10,4,5239),
	(2532,'B.6.3',NULL,942,NULL,13,10,4,5240),
	(2533,'B.6.30',NULL,688,681,13,10,4,5241),
	(2534,'B.6.31',NULL,680,669,13,10,4,5242),
	(2535,'B.6.32',NULL,668,NULL,13,10,4,5243),
	(2536,'B.6.33',NULL,667,648,13,10,4,5244),
	(2537,'B.6.34',NULL,647,627,13,10,4,5245),
	(2538,'B.6.35',NULL,NULL,NULL,13,10,4,5246),
	(2539,'B.6.36',NULL,NULL,NULL,13,10,4,5247),
	(2540,'B.6.37',NULL,NULL,NULL,13,10,4,5248),
	(2541,'B.6.4',NULL,NULL,NULL,13,10,4,5249),
	(2542,'B.6.5',NULL,NULL,NULL,13,10,4,5250),
	(2543,'B.6.6',NULL,NULL,NULL,13,10,4,5251),
	(2544,'B.6.7',NULL,NULL,NULL,13,10,4,5252),
	(2545,'B.6.8',NULL,NULL,813,13,10,4,5253),
	(2546,'B.6.9',NULL,812,NULL,13,10,4,5254),
	(2547,'E.1.1.1',110,NULL,NULL,NULL,19,8,5255),
	(2548,'E.1.1.2',110,NULL,NULL,NULL,19,8,5256),
	(2549,'E.1.1.3',110,NULL,NULL,NULL,19,8,5257),
	(2550,'E.1.1.4',110,NULL,NULL,NULL,19,8,5258),
	(2551,'E.1.1.5',110,NULL,NULL,NULL,19,8,5259),
	(2552,'E.1.1.6',110,NULL,NULL,NULL,19,NULL,5260),
	(2553,'E.1.1.7',110,NULL,NULL,NULL,19,NULL,5261),
	(2554,'E.1.1.8',110,NULL,NULL,NULL,19,NULL,5262),
	(2555,'E.1.1.9',110,NULL,NULL,NULL,19,9,5263),
	(2556,'E.1.10.1',89,NULL,NULL,NULL,19,NULL,5264),
	(2557,'E.1.10.10',89,NULL,NULL,NULL,19,NULL,5265),
	(2558,'E.1.10.11',89,NULL,NULL,NULL,19,NULL,5266),
	(2559,'E.1.10.12',89,NULL,NULL,NULL,19,NULL,5267),
	(2560,'E.1.10.13',89,NULL,NULL,NULL,19,NULL,5268),
	(2561,'E.1.10.14',89,NULL,NULL,NULL,19,NULL,5269),
	(2562,'E.1.10.15',89,NULL,NULL,NULL,19,NULL,5270),
	(2563,'E.1.10.16',89,NULL,NULL,NULL,19,NULL,5271),
	(2564,'E.1.10.17',89,NULL,NULL,NULL,19,NULL,5272),
	(2565,'E.1.10.18',89,NULL,NULL,NULL,19,NULL,5273),
	(2566,'E.1.10.19',89,NULL,NULL,NULL,19,NULL,5274),
	(2567,'E.1.10.3-4',89,NULL,NULL,NULL,19,NULL,5275),
	(2568,'E.1.10.7',89,NULL,NULL,NULL,19,NULL,5276),
	(2569,'E.1.10.8',89,NULL,NULL,NULL,19,NULL,5277),
	(2570,'E.1.10.9',89,NULL,NULL,NULL,19,NULL,5278),
	(2571,'E.1.11.1',94,NULL,NULL,NULL,19,NULL,5279),
	(2572,'E.1.11.2',94,NULL,NULL,NULL,19,NULL,5280),
	(2573,'E.1.11.3',94,NULL,NULL,NULL,19,NULL,5281),
	(2574,'E.1.12.1',96,NULL,NULL,NULL,19,7,5282),
	(2575,'E.1.12.2',96,NULL,NULL,NULL,19,7,5283),
	(2576,'E.1.12.3',96,NULL,NULL,NULL,19,NULL,5284),
	(2577,'E.1.12.4',96,NULL,NULL,NULL,19,NULL,5285),
	(2578,'E.1.12.5',96,NULL,NULL,NULL,19,9,5286),
	(2579,'E.1.12.6',96,NULL,NULL,NULL,19,9,5287),
	(2580,'E.1.13.1',104,NULL,NULL,NULL,19,8,5288),
	(2581,'E.1.13.10',104,NULL,NULL,NULL,19,9,5289),
	(2582,'E.1.13.2',104,NULL,NULL,NULL,19,8,5290),
	(2583,'E.1.13.2.1001',104,NULL,NULL,NULL,19,NULL,5291),
	(2584,'E.1.13.3',104,NULL,NULL,NULL,19,9,5292),
	(2585,'E.1.13.4',104,NULL,NULL,NULL,19,9,5293),
	(2586,'E.1.13.5',104,NULL,NULL,NULL,19,9,5294),
	(2587,'E.1.13.6',104,NULL,NULL,NULL,19,9,5295),
	(2588,'E.1.13.7',104,NULL,NULL,NULL,19,9,5296),
	(2589,'E.1.13.8',104,NULL,NULL,NULL,19,9,5297),
	(2590,'E.1.13.9',104,NULL,NULL,NULL,19,9,5298),
	(2591,'E.1.14.13',106,NULL,NULL,NULL,19,9,5299),
	(2592,'E.1.14.14',106,NULL,NULL,NULL,19,9,5300),
	(2593,'E.1.14.15',106,NULL,NULL,NULL,19,9,5301),
	(2594,'E.1.14.16',106,NULL,NULL,NULL,19,9,5302),
	(2595,'E.1.14.17',106,NULL,NULL,NULL,19,9,5303),
	(2596,'E.1.14.20',106,NULL,NULL,NULL,19,9,5304),
	(2597,'E.1.14.21',106,NULL,NULL,NULL,19,9,5305),
	(2598,'E.1.15.1',NULL,NULL,NULL,NULL,19,NULL,5306),
	(2599,'E.1.15.2',NULL,NULL,NULL,NULL,19,NULL,5307),
	(2600,'E.1.15.3',NULL,NULL,NULL,NULL,19,NULL,5308),
	(2601,'E.1.15.4',NULL,NULL,NULL,NULL,19,NULL,5309),
	(2602,'E.1.5.1',70,NULL,NULL,NULL,19,NULL,5310),
	(2603,'E.1.7.22',83,NULL,NULL,NULL,19,7,5311),
	(2604,'E.1.7.40',83,NULL,NULL,NULL,19,NULL,5312),
	(2605,'E.1.7.41',83,NULL,NULL,NULL,19,NULL,5313),
	(2606,'E.1.7.42',83,NULL,NULL,NULL,19,NULL,5314),
	(2607,'E.1.7.43',83,NULL,NULL,NULL,19,NULL,5315),
	(2608,'E.1.8.1',83,NULL,NULL,NULL,19,8,5316),
	(2609,'E.1.8.2',83,NULL,NULL,NULL,19,8,5317),
	(2610,'E.1.8.3',83,NULL,NULL,NULL,19,8,5318),
	(2611,'E.1.9.1',86,NULL,NULL,NULL,19,9,5319),
	(2612,'E.1.9.10',86,NULL,NULL,NULL,19,9,5320),
	(2613,'E.1.9.2',86,NULL,NULL,NULL,19,9,5321),
	(2614,'E.1.9.3',86,NULL,NULL,NULL,19,9,5322),
	(2615,'E.1.9.4',86,NULL,NULL,NULL,19,9,5323),
	(2616,'E.1.9.5',86,NULL,NULL,NULL,19,9,5324),
	(2617,'E.1.9.6',86,NULL,NULL,NULL,19,9,5325),
	(2618,'E.1.9.7',86,NULL,NULL,NULL,19,9,5326),
	(2619,'E.1.9.8',86,NULL,NULL,NULL,19,9,5327),
	(2620,'E.1.9.9',86,NULL,NULL,NULL,19,9,5328),
	(2621,'E.2.1.1',NULL,2334,2279,14,18,15,5329),
	(2622,'E.2.1.10',NULL,2189,2169,14,18,15,5330),
	(2623,'E.2.1.11',NULL,2168,2154,14,18,15,5331),
	(2624,'E.2.1.2',NULL,2278,2270,14,18,15,5332),
	(2625,'E.2.1.3',NULL,2269,2255,14,18,15,5333),
	(2626,'E.2.1.4',NULL,2254,2218,14,18,15,5334),
	(2627,'E.2.1.51',NULL,2217,2193,14,18,15,5335),
	(2628,'E.2.1.69',NULL,NULL,NULL,14,18,15,5336),
	(2629,'E.2.10.1',102,NULL,NULL,NULL,18,15,5337),
	(2630,'E.2.11.11',103,NULL,NULL,NULL,18,15,5338),
	(2631,'E.2.11.12',103,NULL,NULL,NULL,18,15,5339),
	(2632,'E.2.11.13',103,NULL,NULL,NULL,18,15,5340),
	(2633,'E.2.11.2',103,NULL,NULL,NULL,18,15,5341),
	(2634,'E.2.11.5',103,NULL,NULL,NULL,18,15,5342),
	(2635,'E.2.11.6',103,NULL,NULL,NULL,18,15,5343),
	(2636,'E.2.12.4',86,NULL,NULL,NULL,18,15,5344),
	(2637,'E.2.12.5',86,NULL,NULL,NULL,18,15,5345),
	(2638,'E.2.13.1',106,NULL,NULL,NULL,18,15,5346),
	(2639,'E.2.13.2',106,NULL,NULL,NULL,18,15,5347),
	(2640,'E.2.13.3',106,NULL,NULL,NULL,18,15,5348),
	(2641,'E.2.13.4',106,NULL,NULL,NULL,18,15,5349),
	(2642,'E.2.13.5',106,NULL,NULL,NULL,18,15,5350),
	(2643,'E.2.13.6',106,NULL,NULL,NULL,18,15,5351),
	(2644,'E.2.14.1',112,NULL,NULL,NULL,18,15,5352),
	(2645,'E.2.15.1',104,NULL,NULL,NULL,18,15,5353),
	(2646,'E.2.16.1',113,NULL,NULL,NULL,18,15,5354),
	(2647,'E.2.16.2',113,NULL,NULL,NULL,18,15,5355),
	(2648,'E.2.16.3',113,NULL,NULL,NULL,18,15,5356),
	(2649,'E.2.2.1.1',NULL,NULL,NULL,15,18,15,5357),
	(2650,'E.2.2.14',NULL,NULL,NULL,15,18,15,5358),
	(2651,'E.2.2.19',NULL,NULL,NULL,15,18,15,5359),
	(2652,'E.2.2.20',NULL,NULL,NULL,15,18,15,5360),
	(2653,'E.2.4.1',NULL,NULL,NULL,15,18,15,5361),
	(2654,'E.2.5.1',114,NULL,NULL,NULL,18,15,5362),
	(2655,'E.2.6.1',94,NULL,NULL,NULL,18,15,5363),
	(2656,'E.2.6.2',94,NULL,NULL,NULL,18,15,5364),
	(2657,'E.2.6.3',94,NULL,NULL,NULL,18,15,5365),
	(2658,'E.2.7.1',78,NULL,NULL,NULL,18,15,5366),
	(2659,'E.2.8.1',117,NULL,NULL,NULL,18,15,5367),
	(2660,'E.2.9.1',110,NULL,NULL,NULL,18,15,5368),
	(2661,'E.2.9.2',110,NULL,NULL,NULL,18,15,5369),
	(2662,'E.2.9.3',110,NULL,NULL,NULL,18,15,5370),
	(2663,'E.2.9.4',110,NULL,NULL,NULL,18,15,5371),
	(2664,'E.2.9.5',110,NULL,NULL,NULL,18,15,5372),
	(2665,'E.3/1.1.0',86,NULL,NULL,16,18,12,5373),
	(2666,'E.3/1.1.1',86,NULL,NULL,16,18,12,5374),
	(2667,'E.3/1.1.10',86,NULL,NULL,16,18,12,5375),
	(2668,'E.3/1.1.11',86,NULL,NULL,16,18,12,5376),
	(2669,'E.3/1.1.12',86,NULL,NULL,16,18,12,5377),
	(2670,'E.3/1.1.2',86,NULL,NULL,16,18,12,5378),
	(2671,'E.3/1.1.3',86,NULL,NULL,16,18,12,5379),
	(2672,'E.3/1.1.4',86,NULL,NULL,16,18,12,5380),
	(2673,'E.3/1.1.5',86,NULL,NULL,16,18,12,5381),
	(2674,'E.3/1.1.6',86,NULL,NULL,16,18,12,5382),
	(2675,'E.3/1.1.7',86,NULL,NULL,16,18,12,5383),
	(2676,'E.3/1.1.8',86,NULL,NULL,16,18,12,5384),
	(2677,'E.3/1.1.9',86,NULL,NULL,16,18,12,5385),
	(2678,'E.3/2.1.1',104,2112,2095,17,18,18,5386),
	(2679,'E.3/2.1.2',104,2094,NULL,17,18,18,5387),
	(2680,'E.3/2.1.3',104,2046,2038,17,18,18,5388),
	(2681,'E.3/2.1.4',104,2037,2029,17,18,18,5389),
	(2682,'E.3/2.1.5',104,2028,2004,17,18,18,5390),
	(2683,'E.3/2.2.1',73,NULL,NULL,NULL,18,18,5391),
	(2684,'E.3/2.2.2',73,NULL,NULL,NULL,18,18,5392),
	(2685,'E.3/2.2.3',73,NULL,NULL,NULL,18,18,5393),
	(2686,'E.3/2.3.1',72,NULL,NULL,NULL,18,18,5394),
	(2687,'E.3/2.3.2',72,NULL,NULL,NULL,18,18,5395),
	(2688,'E.3/2.4.1',89,NULL,NULL,NULL,18,18,5396),
	(2689,'E.3/2.4.2',89,NULL,NULL,NULL,18,18,5397),
	(2690,'E.3/2.4.3',89,NULL,NULL,NULL,18,18,5398),
	(2691,'E.3/2.4.4',89,NULL,NULL,NULL,18,18,5399),
	(2692,'E.3/2.4.5',89,NULL,NULL,NULL,18,18,5400),
	(2693,'E.3/2.4.6',89,NULL,NULL,NULL,18,18,5401),
	(2694,'E.3/2.4.7',89,NULL,NULL,NULL,18,18,5402),
	(2695,'E.3/2.5.1',81,NULL,NULL,NULL,18,18,5403),
	(2696,'E.3/2.5.2',81,NULL,NULL,NULL,18,18,5404),
	(2697,'E.3/2.6.1',82,NULL,NULL,NULL,18,18,5405),
	(2698,'E.3/2.7.1',105,NULL,NULL,NULL,18,18,5406),
	(2699,'E.3/2.7.2',105,NULL,NULL,NULL,18,18,5407),
	(2700,'E.3/2.7.3',105,NULL,NULL,NULL,18,18,5408),
	(2701,'E.4.0.1',NULL,NULL,NULL,NULL,8,NULL,5409),
	(2702,'E.4.0.10',NULL,NULL,NULL,NULL,8,NULL,5410),
	(2703,'E.4.0.11',NULL,NULL,NULL,NULL,8,6,5411),
	(2704,'E.4.0.12',NULL,NULL,NULL,NULL,8,NULL,5412),
	(2705,'E.4.0.13',NULL,NULL,NULL,NULL,8,14,5413),
	(2706,'E.4.0.14',NULL,NULL,NULL,NULL,8,NULL,5414),
	(2707,'E.4.0.15',NULL,NULL,NULL,NULL,8,NULL,5415),
	(2708,'E.4.0.16',NULL,NULL,NULL,NULL,8,6,5416),
	(2709,'E.4.0.17',NULL,NULL,NULL,NULL,8,NULL,5417),
	(2710,'E.4.0.18',NULL,NULL,NULL,NULL,8,6,5418),
	(2711,'E.4.0.19',NULL,NULL,NULL,NULL,8,NULL,5419),
	(2712,'E.4.0.2',NULL,NULL,NULL,NULL,8,NULL,5420),
	(2713,'E.4.0.20',NULL,NULL,NULL,NULL,8,NULL,5421),
	(2714,'E.4.0.3',NULL,NULL,NULL,NULL,8,NULL,5422),
	(2715,'E.4.0.4',NULL,NULL,NULL,NULL,8,NULL,5423),
	(2716,'E.4.0.5',NULL,NULL,NULL,NULL,8,NULL,5424),
	(2717,'E.4.0.6',NULL,NULL,NULL,NULL,8,NULL,5425),
	(2718,'E.4.0.7',NULL,NULL,NULL,NULL,8,6,5426),
	(2719,'E.4.0.8',NULL,NULL,NULL,NULL,8,NULL,5427),
	(2720,'E.4.0.9',NULL,NULL,NULL,NULL,8,NULL,5428),
	(2721,'E.4.1.1',78,2017,1985,18,8,6,5429),
	(2722,'E.4.1.10',78,1860,1837,18,8,6,5430),
	(2723,'E.4.1.11',78,1836,1834,18,8,6,5431),
	(2724,'E.4.1.12',78,NULL,NULL,18,8,6,5432),
	(2725,'E.4.1.13',78,NULL,NULL,18,8,6,5433),
	(2726,'E.4.1.14',78,NULL,NULL,18,8,6,5434),
	(2727,'E.4.1.15',78,NULL,NULL,18,8,6,5435),
	(2728,'E.4.1.2',78,1984,1975,18,8,6,5436),
	(2729,'E.4.1.3',78,1974,1954,18,8,6,5437),
	(2730,'E.4.1.4',78,1953,1935,18,8,6,5438),
	(2731,'E.4.1.5',78,1934,1924,18,8,6,5439),
	(2732,'E.4.1.6',78,1923,1896,18,8,6,5440),
	(2733,'E.4.1.7',78,1895,1874,18,8,6,5441),
	(2734,'E.4.1.8',78,1873,1869,18,8,6,5442),
	(2735,'E.4.1.9',78,1868,1861,18,8,6,5443),
	(2736,'E.4.10.1',NULL,NULL,NULL,19,8,6,5444),
	(2737,'E.4.10.2',NULL,NULL,NULL,19,8,6,5445),
	(2738,'E.4.10.3',NULL,NULL,NULL,19,8,6,5446),
	(2739,'E.4.10.4',NULL,NULL,NULL,19,8,6,5447),
	(2740,'E.4.10.5',NULL,NULL,NULL,19,8,6,5448),
	(2741,'E.4.10.6',NULL,NULL,NULL,19,8,6,5449),
	(2742,'E.4.10.7',NULL,NULL,NULL,19,8,6,5450),
	(2743,'E.4.11.1',88,NULL,NULL,NULL,8,NULL,5451),
	(2744,'E.4.11.2',88,NULL,NULL,NULL,8,NULL,5452),
	(2745,'E.4.12.1',66,NULL,NULL,NULL,8,6,5453),
	(2746,'E.4.12.2',66,NULL,NULL,NULL,8,6,5454),
	(2747,'E.4.12.3',66,NULL,NULL,NULL,8,6,5455),
	(2748,'E.4.12.4',66,NULL,NULL,NULL,8,6,5456),
	(2749,'E.4.13.1',67,NULL,NULL,NULL,8,6,5457),
	(2750,'E.4.13.2',67,NULL,NULL,NULL,8,6,5458),
	(2751,'E.4.14.1',NULL,NULL,NULL,20,8,6,5459),
	(2752,'E.4.14.2',NULL,NULL,NULL,20,8,6,5460),
	(2753,'E.4.14.3',NULL,NULL,NULL,20,8,6,5461),
	(2754,'E.4.14.4',NULL,NULL,NULL,20,8,6,5462),
	(2755,'E.4.14.5',NULL,NULL,NULL,20,8,6,5463),
	(2756,'E.4.15.1',99,NULL,NULL,NULL,8,NULL,5464),
	(2757,'E.4.15.2',99,NULL,NULL,NULL,8,NULL,5465),
	(2758,'E.4.15.3',99,NULL,NULL,NULL,8,NULL,5466),
	(2759,'E.4.16.1',90,NULL,NULL,NULL,8,6,5467),
	(2760,'E.4.17.1',107,NULL,NULL,NULL,8,NULL,5468),
	(2761,'E.4.18.1',NULL,NULL,NULL,21,8,6,5469),
	(2762,'E.4.19.1',NULL,NULL,NULL,22,8,6,5470),
	(2763,'E.4.19.2',NULL,NULL,NULL,22,8,6,5471),
	(2764,'E.4.2.1',87,NULL,NULL,23,8,6,5472),
	(2765,'E.4.2.10',87,1842,1841,23,8,6,5473),
	(2766,'E.4.2.11',87,1840,1836,23,8,6,5474),
	(2767,'E.4.2.12',87,1835,NULL,23,8,6,5475),
	(2768,'E.4.2.13',87,1834,1823,23,8,6,5476),
	(2769,'E.4.2.13a',87,NULL,NULL,23,8,6,5477),
	(2770,'E.4.2.14',87,1822,1763,23,8,6,5478),
	(2771,'E.4.2.15',87,NULL,NULL,23,8,6,5479),
	(2772,'E.4.2.2',87,NULL,NULL,23,8,6,5480),
	(2773,'E.4.2.3',87,NULL,NULL,23,8,6,5481),
	(2774,'E.4.2.4',87,NULL,NULL,23,8,6,5482),
	(2775,'E.4.2.5',87,NULL,NULL,23,8,6,5483),
	(2776,'E.4.2.6',87,NULL,NULL,23,8,6,5484),
	(2777,'E.4.2.7',87,1894,1866,23,8,6,5485),
	(2778,'E.4.2.8',87,1865,1850,23,8,6,5486),
	(2779,'E.4.2.9',87,1849,1843,23,8,6,5487),
	(2780,'E.4.20.1',75,NULL,NULL,NULL,8,NULL,5488),
	(2781,'E.4.21.1',97,NULL,NULL,NULL,8,6,5489),
	(2782,'E.4.22.1',79,NULL,NULL,NULL,8,6,5490),
	(2783,'E.4.23.1',74,NULL,NULL,NULL,8,14,5491),
	(2784,'E.4.23.10',74,NULL,NULL,NULL,8,14,5492),
	(2785,'E.4.23.2',74,NULL,NULL,NULL,8,14,5493),
	(2786,'E.4.23.3',74,NULL,NULL,NULL,8,14,5494),
	(2787,'E.4.23.4',74,NULL,NULL,NULL,8,14,5495),
	(2788,'E.4.23.5',74,NULL,NULL,NULL,8,14,5496),
	(2789,'E.4.23.6',74,NULL,NULL,NULL,8,14,5497),
	(2790,'E.4.23.7',74,NULL,NULL,NULL,8,14,5498),
	(2791,'E.4.23.8',74,NULL,NULL,NULL,8,14,5499),
	(2792,'E.4.23.9',74,NULL,NULL,NULL,8,14,5500),
	(2793,'E.4.24.1',64,NULL,NULL,NULL,8,6,5501),
	(2794,'E.4.25.1',116,NULL,NULL,NULL,8,6,5502),
	(2795,'E.4.25.2',116,NULL,NULL,NULL,8,6,5503),
	(2796,'E.4.25.3',116,NULL,NULL,NULL,8,6,5504),
	(2797,'E.4.25.4',116,NULL,NULL,NULL,8,6,5505),
	(2798,'E.4.25.5',116,NULL,NULL,NULL,8,14,5506),
	(2799,'E.4.26.1',98,NULL,NULL,NULL,8,6,5507),
	(2800,'E.4.27.1',100,NULL,NULL,NULL,8,6,5508),
	(2801,'E.4.27.2',100,NULL,NULL,NULL,8,6,5509),
	(2802,'E.4.27.3',100,NULL,NULL,NULL,8,6,5510),
	(2803,'E.4.27.4',100,NULL,NULL,NULL,8,14,5511),
	(2804,'E.4.27.5',100,NULL,NULL,NULL,8,14,5512),
	(2805,'E.4.28.1',57,NULL,NULL,NULL,8,6,5513),
	(2806,'E.4.28.2',57,NULL,NULL,NULL,8,6,5514),
	(2807,'E.4.28.3',57,NULL,NULL,NULL,8,6,5515),
	(2808,'E.4.28.4',57,NULL,NULL,NULL,8,6,5516),
	(2809,'E.4.29.1',77,NULL,NULL,NULL,8,6,5517),
	(2810,'E.4.3.1',61,1894,1881,24,8,6,5518),
	(2811,'E.4.3.10',61,1646,1626,24,8,6,5519),
	(2812,'E.4.3.11',61,1625,1595,24,8,6,5520),
	(2813,'E.4.3.2',61,1880,1845,24,8,6,5521),
	(2814,'E.4.3.3',61,1844,1831,24,8,6,5522),
	(2815,'E.4.3.4',61,1830,1813,24,8,6,5523),
	(2816,'E.4.3.5',61,1812,1793,24,8,6,5524),
	(2817,'E.4.3.6',61,1792,1750,24,8,14,5525),
	(2818,'E.4.3.7',61,1749,1712,24,8,14,5526),
	(2819,'E.4.3.8',61,1711,1684,24,8,14,5527),
	(2820,'E.4.3.9',61,1683,1647,24,8,14,5528),
	(2821,'E.4.30.1',59,NULL,NULL,NULL,8,6,5529),
	(2822,'E.4.31.1',80,NULL,NULL,NULL,8,14,5530),
	(2823,'E.4.32.1',65,NULL,NULL,NULL,8,6,5531),
	(2824,'E.4.32.2',65,NULL,NULL,NULL,8,6,5532),
	(2825,'E.4.32.3',65,NULL,NULL,NULL,8,6,5533),
	(2826,'E.4.33.1',115,NULL,NULL,NULL,8,14,5534),
	(2827,'E.4.33.2',115,NULL,NULL,NULL,8,14,5535),
	(2828,'E.4.33.3',115,NULL,NULL,NULL,8,14,5536),
	(2829,'E.4.33.4',115,NULL,NULL,NULL,8,14,5537),
	(2830,'E.4.33.5',115,NULL,NULL,NULL,8,14,5538),
	(2831,'E.4.33.6',115,NULL,NULL,NULL,8,14,5539),
	(2832,'E.4.33.7',115,NULL,NULL,NULL,8,14,5540),
	(2833,'E.4.33.8',115,NULL,NULL,NULL,8,14,5541),
	(2834,'E.4.33.9',115,NULL,NULL,NULL,8,14,5542),
	(2835,'E.4.34.1',111,NULL,NULL,NULL,8,14,5543),
	(2836,'E.4.34.2',111,NULL,NULL,NULL,8,14,5544),
	(2837,'E.4.34.3',111,NULL,NULL,NULL,8,14,5545),
	(2838,'E.4.35.1',109,NULL,NULL,NULL,8,14,5546),
	(2839,'E.4.35.2',109,NULL,NULL,NULL,8,14,5547),
	(2840,'E.4.35.3',109,NULL,NULL,NULL,8,14,5548),
	(2841,'E.4.36.1',69,NULL,NULL,NULL,8,14,5549),
	(2842,'E.4.4.1',106,NULL,NULL,NULL,8,6,5550),
	(2843,'E.4.4.2',106,NULL,NULL,NULL,8,6,5551),
	(2844,'E.4.4.3',106,NULL,NULL,NULL,8,6,5552),
	(2845,'E.4.4.4',106,NULL,NULL,NULL,8,6,5553),
	(2846,'E.4.4.5',106,NULL,NULL,NULL,8,6,5554),
	(2847,'E.4.4.6',106,NULL,NULL,NULL,8,6,5555),
	(2848,'E.4.4.7',106,NULL,NULL,NULL,8,6,5556),
	(2849,'E.4.4.8',106,NULL,NULL,NULL,8,6,5557),
	(2850,'E.4.4.9',106,NULL,NULL,NULL,8,6,5558),
	(2851,'E.4.5.1',72,NULL,NULL,NULL,8,6,5559),
	(2852,'E.4.5.10',72,NULL,NULL,NULL,8,6,5560),
	(2853,'E.4.5.11',72,NULL,NULL,NULL,8,6,5561),
	(2854,'E.4.5.12',72,NULL,NULL,NULL,8,6,5562),
	(2855,'E.4.5.13',72,NULL,NULL,NULL,8,6,5563),
	(2856,'E.4.5.14',72,NULL,NULL,NULL,8,6,5564),
	(2857,'E.4.5.15',72,NULL,NULL,NULL,8,6,5565),
	(2858,'E.4.5.16',72,NULL,NULL,NULL,8,6,5566),
	(2859,'E.4.5.17',72,NULL,NULL,NULL,8,6,5567),
	(2860,'E.4.5.18',72,NULL,NULL,NULL,8,6,5568),
	(2861,'E.4.5.19',72,NULL,NULL,NULL,8,6,5569),
	(2862,'E.4.5.2',72,NULL,NULL,NULL,8,6,5570),
	(2863,'E.4.5.20',72,NULL,NULL,NULL,8,14,5571),
	(2864,'E.4.5.21',72,NULL,NULL,NULL,8,14,5572),
	(2865,'E.4.5.22',72,NULL,NULL,NULL,8,14,5573),
	(2866,'E.4.5.23',72,NULL,NULL,NULL,8,14,5574),
	(2867,'E.4.5.24',72,NULL,NULL,NULL,8,14,5575),
	(2868,'E.4.5.3',72,NULL,NULL,NULL,8,6,5576),
	(2869,'E.4.5.4',72,NULL,NULL,NULL,8,6,5577),
	(2870,'E.4.5.5',72,NULL,NULL,NULL,8,6,5578),
	(2871,'E.4.5.6',72,NULL,NULL,NULL,8,6,5579),
	(2872,'E.4.5.7',72,NULL,NULL,NULL,8,6,5580),
	(2873,'E.4.5.8',72,NULL,NULL,NULL,8,6,5581),
	(2874,'E.4.5.9',72,NULL,NULL,NULL,8,6,5582),
	(2875,'E.4.6.1',89,NULL,NULL,NULL,8,6,5583),
	(2876,'E.4.6.10',89,NULL,NULL,NULL,8,6,5584),
	(2877,'E.4.6.11',89,NULL,NULL,NULL,8,6,5585),
	(2878,'E.4.6.12',89,NULL,NULL,NULL,8,6,5586),
	(2879,'E.4.6.2',89,NULL,NULL,NULL,8,6,5587),
	(2880,'E.4.6.3',89,NULL,NULL,NULL,8,6,5588),
	(2881,'E.4.6.4',89,NULL,NULL,NULL,8,6,5589),
	(2882,'E.4.6.5',89,NULL,NULL,NULL,8,6,5590),
	(2883,'E.4.6.6',89,NULL,NULL,NULL,8,6,5591),
	(2884,'E.4.6.7',89,NULL,NULL,NULL,8,6,5592),
	(2885,'E.4.6.8',89,NULL,NULL,NULL,8,6,5593),
	(2886,'E.4.6.9',89,NULL,NULL,NULL,8,6,5594),
	(2887,'E.4.7.1',84,NULL,NULL,NULL,8,6,5595),
	(2888,'E.4.8.1',83,NULL,NULL,NULL,8,6,5596),
	(2889,'E.4.8.2',83,NULL,NULL,NULL,8,6,5597),
	(2890,'E.4.9.1',91,NULL,NULL,NULL,8,NULL,5598),
	(2891,'N.0.1001',95,NULL,NULL,NULL,13,NULL,5599),
	(2892,'N.0.1002',95,NULL,NULL,NULL,13,NULL,5600),
	(2893,'S.0.1001',NULL,NULL,NULL,25,10,4,5601),
	(2894,'S.0.1002',NULL,NULL,NULL,25,10,4,5602),
	(2895,'A.0.108',NULL,744,727,NULL,14,3,5230),
	(2896,'A.0.109',NULL,726,722,NULL,14,3,5232),
	(2897,'A.0.110',NULL,721,705,NULL,14,17,5233),
	(2898,'A.0.111',NULL,704,681,NULL,14,17,5241),
	(2899,'A.0.112',NULL,680,669,NULL,14,17,5242),
	(2900,'A.0.113',NULL,668,627,NULL,14,17,5243),
	(2901,'A.0.114',NULL,NULL,NULL,NULL,14,17,5246),
	(2902,'A.0.115',NULL,NULL,NULL,NULL,14,17,5247),
	(2903,'A.0.116',NULL,NULL,612,NULL,14,17,5248),
	(2904,'B.6.23',NULL,704,703,13,10,4,5241),
	(2905,'E.1.12.7',96,NULL,NULL,NULL,19,9,5304),
	(2906,'B.6.21',NULL,721,710,13,10,4,5235);

/*!40000 ALTER TABLE `Reign` ENABLE KEYS */;
UNLOCK TABLES;


# Dump of table Ruler
# ------------------------------------------------------------

DROP TABLE IF EXISTS `Ruler`;

CREATE TABLE `Ruler` (
  `id` int(11) NOT NULL AUTO_INCREMENT,
  `name` varchar(100) NOT NULL,
  PRIMARY KEY (`id`),
  UNIQUE KEY `uq_name` (`name`),
  KEY `idx_name` (`name`)
) ENGINE=InnoDB AUTO_INCREMENT=5607 DEFAULT CHARSET=utf8;

LOCK TABLES `Ruler` WRITE;
/*!40000 ALTER TABLE `Ruler` DISABLE KEYS */;

INSERT INTO `Ruler` (`id`, `name`)
VALUES
	(5295,'A-Ane-pada'),
	(5288,'A-Anzu'),
	(5293,'A-KALAM-du'),
	(5321,'A-kurgal'),
	(5537,'Abba-Il'),
	(5445,'Abdi-Erah'),
	(5527,'Abi-eshuh '),
	(5424,'Abi-maras'),
	(5425,'Abi-nu-x'),
	(5484,'Abi-sare'),
	(5161,'Abirattash'),
	(5281,'Abzu-kidu'),
	(5210,'Adad-apla-iddina'),
	(5426,'Adad-ilushu'),
	(5105,'Adad-narari I'),
	(5129,'Adad-narari II'),
	(5036,'Adad-narari III'),
	(5428,'Adad-qarrad'),
	(5076,'Adad-salulu'),
	(5154,'Adad-shuma-iddina'),
	(5155,'Adad-shuma-usur'),
	(5077,'Adasi'),
	(5427,'Addu-malik'),
	(5604,'Addu-nirari'),
	(5310,'Aga-ak'),
	(5141,'Agum I'),
	(5448,'Ahi-maras'),
	(5575,'Ahushina'),
	(5468,'Aiiabum'),
	(5283,'Aka'),
	(5055,'Akija'),
	(5197,'Alexander III'),
	(5199,'Alexander IV'),
	(5388,'Amar-Suena'),
	(5423,'Ambuna-ahi'),
	(5589,'Amer-Nunu'),
	(5051,'Aminu'),
	(5528,'Ammi-ditana'),
	(5459,'Ammi-dushur'),
	(5409,'Ammi-ishtamar'),
	(5497,'Ammi-madar'),
	(5519,'Ammi-saduqa'),
	(5544,'Ammi-taqumma'),
	(5547,'Ammu-sama'),
	(5264,'An(u)bu'),
	(5555,'Anam'),
	(5168,'Antiochus I Soter'),
	(5169,'Antiochus II Theos'),
	(5172,'Antiochus III'),
	(5174,'Antiochus IV Epiphanes'),
	(5469,'Anubanini'),
	(5402,'Anun-Dagan'),
	(5042,'Apiashal'),
	(5523,'ApiI-Sin'),
	(5396,'Apil-kin'),
	(5531,'Aplahanda'),
	(5506,'Aqba-Hammu'),
	(5104,'Arik-din-ili'),
	(5467,'Arim-Lim'),
	(5187,'Arses'),
	(5182,'Artaxerxes I'),
	(5185,'Artaxerxes II Memnon'),
	(5186,'Artaxerxes III Ochus'),
	(5118,'Ashared-apil-Ekur'),
	(5596,'Ashduni-iarim'),
	(5505,'Ashkur-Addu'),
	(5243,'Ashurbanipal'),
	(5122,'Ashurnasirpal I '),
	(5033,'Ashurnasirpal II'),
	(5070,'Asinum'),
	(5072,'Assur-apla-idi'),
	(5119,'Assur-bel-kala'),
	(5098,'Assur-bel-nisheshu'),
	(5113,'Assur-dan I'),
	(5128,'Assur-dan II'),
	(5038,'Assur-dan III'),
	(5071,'Assur-dugul'),
	(5246,'Assur-etel-ilani'),
	(5095,'Assur-nadin-ahhe I'),
	(5100,'Assur-nadin-ahhe II'),
	(5109,'Assur-nadin-apli'),
	(5237,'Assur-nadin-shumi'),
	(5089,'Assur-narari I'),
	(5097,'Assur-narari II'),
	(5110,'Assur-narari III'),
	(5124,'Assur-narari IV '),
	(5039,'Assur-narari V'),
	(5094,'Assur-rabi I'),
	(5125,'Assur-rabi II'),
	(5099,'Assur-rem-nisheshu'),
	(5116,'Assur-resha-ishi I'),
	(5126,'Assur-resha-ishi II'),
	(5093,'Assur-shaduni'),
	(5040,'Assur-uballit'),
	(5102,'Assur-uballit I'),
	(5108,'Assurnasirpal'),
	(5407,'Atal-shen'),
	(5514,'Atamrum'),
	(5410,'Awil-Ili'),
	(5030,'Azuzu'),
	(5579,'Azuzum'),
	(5254,'Baba-aha-iddina'),
	(5289,'Balulu'),
	(5257,'Bara-heNIdu'),
	(5190,'Bardija'),
	(5081,'Bazaja'),
	(5275,'Bazi and Zizi'),
	(5236,'Bel-ibni'),
	(5195,'Bel-shimmani'),
	(5562,'Belakum'),
	(5502,'BI/GA-ID/ DA-ha-X'),
	(5576,'Bilalama'),
	(5489,'Bunu-Eshtar'),
	(5441,'Bur-Sin'),
	(5131,'Burnaburiash I'),
	(5140,'Burnaburiash II'),
	(5189,'Cambyses'),
	(5181,'Cyrus II'),
	(5569,'Dadusha'),
	(5591,'Dagan-[...]'),
	(5435,'Damiq-ilishu'),
	(5566,'Dannum-tahaz'),
	(5193,'Darius I'),
	(5184,'Darius II'),
	(5188,'Darius III'),
	(5330,'Dudu'),
	(5284,'E-abzu'),
	(5322,'E-anatum'),
	(5261,'E-IGI.NIM-pa\'e'),
	(5213,'Ea-mukin-zeri'),
	(5298,'Elili'),
	(5323,'En-anatum I'),
	(5325,'En-anatum II'),
	(5326,'En-entarzi'),
	(5324,'En-metena'),
	(5303,'En-shakush-Ana'),
	(5311,'EN.ME-barage-si'),
	(5430,'Enlil-bani'),
	(5111,'Enlil-kudurri-usur'),
	(5159,'Enlil-nadin-ahi'),
	(5207,'Enlil-nadin-apli'),
	(5151,'Enlil-nadin-shumi'),
	(5103,'Enlil-narari'),
	(5091,'Enlil-nasir I'),
	(5096,'Enlil-nasir II'),
	(5269,'Enna-Dagan'),
	(5318,'Enna-il'),
	(5341,'Ennanum'),
	(5587,'Ennin-Dagan'),
	(5355,'Epir-mupi'),
	(5101,'Eriba-Adad I'),
	(5120,'Eriba-Adad II'),
	(5224,'Eriba-Marduk'),
	(5059,'Erishum I'),
	(5064,'Erishum II'),
	(5085,'Erishum III'),
	(5443,'Erra-imitti'),
	(5357,'Erridu-pizir'),
	(5242,'Esarhaddon'),
	(5354,'Eshpum'),
	(5554,'Eteia'),
	(5216,'Eulmash-shakin-shumi'),
	(5177,'Evil-Merodach'),
	(5598,'GA/BI-NI/IR-ma-bi-de-e'),
	(5291,'Gan-kug-sig'),
	(5130,'Gandash'),
	(5287,'Gisha-kidu'),
	(5383,'Gudea'),
	(5274,'Gulla'),
	(5483,'Gungunum'),
	(5516,'Hadni-Addu'),
	(5504,'Hadnu-rapi'),
	(5509,'Haia-abum'),
	(5517,'Haia-sumu'),
	(5045,'Hajanu'),
	(5337,'Hala-adda'),
	(5373,'Hala-Bau'),
	(5043,'Hale'),
	(5444,'Halium'),
	(5545,'Hammu-rapi (Alalakh)'),
	(5525,'Hammu-rapi (Babylon)'),
	(5492,'Hammu-rapi (Hana)'),
	(5536,'Hammu-rapi I (Iamhad)'),
	(5542,'Hammu-rapi II (Iamhad)'),
	(5164,'Harba-x'),
	(5271,'HI-da\'ar'),
	(5515,'Himdiia'),
	(5405,'Hunhili'),
	(5267,'IB-LUL-il'),
	(5080,'IB.TAR-Sin'),
	(5563,'Ibal-pi-El I'),
	(5571,'Ibal-pi-El II'),
	(5573,'Ibbi-Sin (Eshnunna)'),
	(5390,'Ibbi-Sin (Ur)'),
	(5462,'Ibbishu-Malik'),
	(5567,'Ibni-Erra'),
	(5397,'Iddi(n)-Ilum'),
	(5470,'Iddi(n)-Sin'),
	(5437,'Iddin-Dagan'),
	(5603,'Idrimi'),
	(5499,'Iggid-Lim'),
	(5270,'Iku(n)-ishar'),
	(5266,'Iku(n)-Shamagan'),
	(5276,'Iku(n)-Shamash'),
	(5265,'Ikun-Mari'),
	(5461,'Ikun-pi-Sin'),
	(5060,'Ikunum'),
	(5286,'Il'),
	(5050,'Ila-kabkabi'),
	(5412,'Ilani'),
	(5356,'Ili-ishmani'),
	(5606,'Ilim-ilimma II'),
	(5046,'Ilu-Mer'),
	(5058,'Ilu-shumma '),
	(5553,'Ilum-gamiI'),
	(5398,'Ilum-ishar'),
	(5413,'Ilum-mutnen'),
	(5454,'Ilum/Anum-muttabbil'),
	(5574,'Iluni'),
	(5549,'Indilimgur'),
	(5582,'Ipiq-Adad I'),
	(5564,'Ipiq-Adad II'),
	(5451,'Ipiq-Eshtar'),
	(5075,'Ipqi-Ishtar'),
	(5568,'Iqish-Tishpak'),
	(5556,'IR3-ne-ne'),
	(5540,'Irkabtum (Iamhad)'),
	(5548,'Irkabtum (Tuba)'),
	(5498,'Ishar-Lim'),
	(5577,'Ishar-ramashu'),
	(5429,'Ishbi-Erra'),
	(5272,'Ishgi-Mari'),
	(5438,'Ishme-Dagan'),
	(5066,'Ishme-Dagan I'),
	(5087,'Ishme-Dagan II'),
	(5278,'Ishtup-Shar'),
	(5583,'Isi-Dagan'),
	(5493,'Isi-sumu-abu'),
	(5500,'Isih-Dagan'),
	(5362,'Itbe-labba'),
	(5432,'Iter-pisha'),
	(5600,'Ithi-Teshub, Son of Kip-Teshub'),
	(5029,'Ititi (Assyria)'),
	(5361,'Ititi (Gutium)'),
	(5401,'Itlal-Erra'),
	(5204,'Itti-Marduk-balatu'),
	(5595,'Itur-Shamash'),
	(5457,'Itur-sharrum'),
	(5588,'Itur-[...]'),
	(5139,'Kadashman-Enlil I'),
	(5147,'Kadashman-Enlil II'),
	(5137,'Kadashman-Harbe I'),
	(5153,'Kadashman-Harbe II'),
	(5146,'Kadashman-Turgu'),
	(5381,'Kaku'),
	(5245,'Kandalanu'),
	(5142,'Kara-hardash'),
	(5136,'Kara-indash'),
	(5214,'Kashshu-nadin-ahhe'),
	(5162,'Kashtiliashu (Babylon)'),
	(5495,'Kashtiliashu (Hana)'),
	(5152,'Kashtiliashu I'),
	(5150,'Kashtiliashu IV'),
	(5054,'Kikkija'),
	(5570,'Kirikiri'),
	(5348,'Kuda'),
	(5148,'Kudur-Enlil'),
	(5477,'Kudur-mabuk'),
	(5273,'Kun-duri'),
	(5138,'Kurigalzu I'),
	(5144,'Kurigalzu II'),
	(5358,'La-\'arab'),
	(5179,'Labashi-Marduk'),
	(5456,'lashub-Iahad'),
	(5597,'lawium'),
	(5480,'lemsium'),
	(5078,'Libaja'),
	(5442,'Lipit-Enlil'),
	(5439,'Lipit-Eshtar'),
	(5379,'Lu-Bau'),
	(5366,'Lu-dingirama'),
	(5353,'Lu-saga'),
	(5343,'Lu-Utu'),
	(5340,'Lugal-ana-tuma'),
	(5327,'Lugal-Anda'),
	(5262,'Lugal-Ane-mundu'),
	(5369,'Lugal-gish'),
	(5300,'Lugal-kigine-dudu'),
	(5301,'Lugal-KISAL-si'),
	(5317,'Lugal-namnir-sum'),
	(5364,'Lugal-nizu'),
	(5299,'Lugal-SILA-si'),
	(5313,'LUGAL-UD'),
	(5344,'Lugal-ushumgal'),
	(5304,'Lugal-zage-si'),
	(5307,'Lugal-[...]'),
	(5305,'Lugal-[SILA]'),
	(5258,'Lugalda-lu'),
	(5380,'Lugula'),
	(5082,'Lullaja'),
	(5259,'LUM-ma'),
	(5333,'Man-ishtushu'),
	(5446,'Manana'),
	(5450,'Manium'),
	(5240,'Mar-biti-ahhe-iddina'),
	(5219,'Mar-biti-apla-usur'),
	(5211,'Marduk-ahhe-eriba'),
	(5235,'Marduk-apla-iddina II'),
	(5223,'Marduk-apla-usur'),
	(5253,'Marduk-balassu-iqbi'),
	(5222,'Marduk-bel-[zeri]'),
	(5201,'Marduk-kabit-ahheshu'),
	(5208,'Marduk-nadin-ahhe'),
	(5209,'Marduk-shapik-zeri'),
	(5252,'Marduk-zakir-shumi I'),
	(5234,'Marduk-zakir-shumi II'),
	(5202,'Marduk-zer?-[x]'),
	(5256,'Me-ba-LAK 551'),
	(5316,'Me-silim'),
	(5156,'Meli-shipak'),
	(5157,'Merodach-Baladan I'),
	(5294,'Mes-Ane-pada'),
	(5292,'Mes-KALAM-du'),
	(5296,'Mes-KALAM-du (the prince)'),
	(5297,'Mes-kiag-nun'),
	(5368,'Mes-kigal'),
	(5263,'Mes-kigala'),
	(5260,'MUG-si'),
	(5239,'Mushezib-Marduk'),
	(5068,'Mut-Ashkur'),
	(5115,'Mutakkil-Nusku'),
	(5511,'Mutiia'),
	(5414,'Mutusha'),
	(5558,'Nabi-ilishu'),
	(5180,'Nabonidus'),
	(5175,'Nabopolassar'),
	(5251,'Nabu-apla-iddina'),
	(5220,'Nabu-mukin-apli'),
	(5229,'Nabu-mukin-zeri'),
	(5227,'Nabu-nadin-zeri'),
	(5226,'Nabu-nasir'),
	(5225,'Nabu-shuma-ishkun'),
	(5250,'Nabu-shuma-ukin I'),
	(5228,'Nabu-shuma-ukin II'),
	(5203,'Nabu-shumu-libur'),
	(5339,'Namahni'),
	(5279,'Nammah'),
	(5365,'Nammah-abzu'),
	(5377,'Nammahani'),
	(5472,'Naplanum'),
	(5447,'Naqimum'),
	(5334,'Naram-Sin (Akkad)'),
	(5063,'Naram-Sin (Assyria)'),
	(5565,'Naram-Sin (Eshnunna)'),
	(5073,'Nasir-Sin'),
	(5143,'Nazi-Bugash'),
	(5145,'Nazi-Maruttash'),
	(5206,'Nebuchadnezzar I'),
	(5176,'Nebuchadnezzar II'),
	(5191,'Nebuchadnezzar III'),
	(5192,'Nebuchadnezzar IV'),
	(5238,'Nergal-ushezib'),
	(5178,'Neriglissar'),
	(5453,'Nidnusha'),
	(5255,'Nin-KISAL-si'),
	(5112,'Ninurta-apil-Ekur'),
	(5602,'Ninurta-kudurri-usur'),
	(5217,'Ninurta-kudurri-usur I'),
	(5231,'Ninurta-kudurri-usur II'),
	(5205,'Ninurta-nadin-shumi'),
	(5114,'Ninurta-tukulti-Assur'),
	(5221,'Ninurta?-apl?-[...]'),
	(5605,'Niqmepuh'),
	(5539,'Niqmi-Epuh'),
	(5268,'NIzi'),
	(5486,'Nur-Adad'),
	(5395,'Nur-ahum I'),
	(5559,'Nur-ahum II'),
	(5092,'Nur-ili'),
	(5415,'Nur-Surutar'),
	(5282,'Pa-bilga ...'),
	(5336,'Period of Confusion'),
	(5198,'Philip Arrhidaeus'),
	(5416,'Pi-Eshtar'),
	(5378,'Pirig-me'),
	(5490,'Pishenden'),
	(5488,'Puhiia'),
	(5417,'Pulsuna-Addu'),
	(5056,'Puzur-Assur I'),
	(5062,'Puzur-Assur II'),
	(5090,'Puzur-Assur III'),
	(5400,'Puzur-Eshtar'),
	(5349,'Puzur-ili'),
	(5345,'Puzur-Mama'),
	(5352,'Puzur-shullat'),
	(5067,'Puzur-Sin'),
	(5513,'Qarni-Lim'),
	(5557,'Rim-Anum'),
	(5478,'Rim-Sin I'),
	(5479,'Rim-Sin II'),
	(5069,'Rimu-x'),
	(5332,'Rimush'),
	(5277,'Sa\'umu'),
	(5522,'Sabium'),
	(5044,'Samanu'),
	(5481,'Samium'),
	(5529,'Sammetar'),
	(5520,'Samsu-ditana'),
	(5526,'Samsu-iluna'),
	(5503,'Samu-Addu'),
	(5329,'Sargon'),
	(5061,'Sargon I'),
	(5233,'Sargon II'),
	(5599,'Saushtatar, son of Parsatatar'),
	(5167,'Seleucus I Nicator'),
	(5170,'Seleucus II Callinicus'),
	(5171,'Seleucus III Soter'),
	(5173,'Seleucus IV Philopater'),
	(5241,'Sennacherib'),
	(5149,'Shagarakti-shuriash'),
	(5057,'Shalim-ahum'),
	(5106,'Shalmaneser I'),
	(5034,'Shalmaneser III'),
	(5037,'Shalmaneser IV'),
	(5232,'Shalmaneser V'),
	(5196,'Shamash-eriba'),
	(5249,'Shamash-mudammiq'),
	(5601,'Shamash-resha-usur'),
	(5244,'Shamash-shuma-ukin'),
	(5418,'Shamhum'),
	(5584,'Shamshi-Adad'),
	(5065,'Shamshi-Adad I'),
	(5086,'Shamshi-Adad II'),
	(5088,'Shamshi-Adad III'),
	(5121,'Shamshi-Adad IV'),
	(5035,'Shamshi-Adad V'),
	(5367,'SHAR-A-TI-GU-BI-SI-IN'),
	(5335,'Shar-kali-sharri'),
	(5419,'Sharam'),
	(5359,'Sharlagan'),
	(5079,'Sharma-Adad I'),
	(5084,'Sharma-Adad II'),
	(5560,'Sharriia'),
	(5507,'Sharrum-kima-kalima'),
	(5218,'Shirikti-shuqamuna'),
	(5123,'Shlamaneser II'),
	(5436,'Shu-iIishu'),
	(5394,'Shu-iliya'),
	(5422,'Shu-Kakka'),
	(5083,'Shu-Ninua'),
	(5389,'Shu-Sin'),
	(5331,'Shu-Turul'),
	(5338,'Shul'),
	(5387,'Shulgi'),
	(5496,'Shunuhru-Ammu'),
	(5342,'Shurush-kin'),
	(5360,'Si\'um'),
	(5475,'Silli-Adad'),
	(5572,'Silli-Sin'),
	(5052,'Silulu'),
	(5212,'Simbar-shipak'),
	(5460,'Sin-abushu'),
	(5458,'Sin-gamil (Diniktum)'),
	(5552,'Sin-gamil (Uruk)'),
	(5487,'Sin-iddinam'),
	(5474,'Sin-iqisham'),
	(5473,'Sin-iribam (Larsa)'),
	(5551,'Sin-iribam (Uruk)'),
	(5550,'Sin-kashid'),
	(5434,'Sin-magir'),
	(5524,'Sin-muballit'),
	(5074,'Sin-namir'),
	(5248,'Sin-shar-ishkun'),
	(5247,'Sin-shumu-lishir'),
	(5032,'Son of Urdanum'),
	(5053,'Sulili'),
	(5546,'Sumi-rapa'),
	(5518,'Sumu-abum'),
	(5464,'Sumu-Amnanim'),
	(5485,'Sumu-El'),
	(5534,'Sumu-Epuh'),
	(5594,'Sumu-Iamam'),
	(5449,'Sumu-iamutbala'),
	(5521,'Sumu-la-Il'),
	(5466,'Sumu-numhim'),
	(5465,'Sumu-Samas'),
	(5308,'Supposed Unnamed King of Kish'),
	(5452,'Takil-ilissu'),
	(5406,'Talpush-atili'),
	(5117,'Tiglath-pileser I'),
	(5127,'Tiglath-pileser II'),
	(5230,'Tiglath-pileser III'),
	(5028,'Tikulti-Ninurta II '),
	(5510,'Tilabnu'),
	(5590,'Tir-Dagan'),
	(5403,'Tish-atal (Karahar)'),
	(5408,'Tish-atal (Urkish & Nawar)'),
	(5107,'Tukulti-Ninurta I'),
	(5399,'Tura(m)-Dagan'),
	(5508,'Turum-natki'),
	(5160,'uncertain'),
	(5215,'unidentified Bazi'),
	(5200,'unidentified Isin II'),
	(5306,'unknown \"Vanquisher of Hamazi\"'),
	(5309,'unknown ED ruler'),
	(5372,'unknown Governor'),
	(5165,'unknown Kassite 1'),
	(5166,'unknown Kassite 2'),
	(5132,'unknown Kassite 3'),
	(5133,'unknown Kassite 4'),
	(5134,'unknown Kassite 5'),
	(5135,'unknown Kassite 6'),
	(5420,'unknown OB ruler'),
	(5315,'unnamed King of Kish'),
	(5393,'unnamed ruler probably of Girsu'),
	(5320,'unnamed rulers of Lagash'),
	(5375,'Ur-ayabba'),
	(5382,'Ur-Bau'),
	(5433,'Ur-dukuga'),
	(5280,'Ur-Enlil'),
	(5385,'Ur-GAR'),
	(5347,'Ur-gigira'),
	(5285,'Ur-LUM-ma'),
	(5376,'Ur-Mama'),
	(5386,'Ur-Nammu'),
	(5319,'Ur-Nanshe I'),
	(5392,'Ur-Nanshe II'),
	(5346,'Ur-nigina'),
	(5391,'Ur-Ningirsu'),
	(5374,'Ur-Ningirsu I'),
	(5384,'Ur-Ningirsu II'),
	(5581,'Ur-Ningishzida'),
	(5580,'Ur-Ninmar'),
	(5440,'Ur-Ninurta'),
	(5290,'Ur-Pabilsag'),
	(5370,'Ur-TUR'),
	(5350,'Ur-Utu'),
	(5302,'Ur-zage'),
	(5328,'URU-KA-gina'),
	(5363,'Uruna-badbi'),
	(5163,'Urzigurumash'),
	(5041,'Ushpija'),
	(5421,'Usi-nawir'),
	(5578,'Usur-awassu'),
	(5351,'Utu-hegal'),
	(5314,'UTUK'),
	(5476,'Warad-Sin'),
	(5561,'Warassa'),
	(5194,'Xerxes I'),
	(5183,'Xerxes II'),
	(5501,'Ya\'ush-Addu'),
	(5494,'Yadih-abu'),
	(5463,'Yadkur-Il'),
	(5592,'Yaggid-Lim'),
	(5533,'Yahdun-Lim (Carchemish)'),
	(5593,'Yahdun-Lim (Mari)'),
	(5048,'Yakmeni'),
	(5047,'Yakmesi'),
	(5512,'Yakun-ashar'),
	(5411,'Yakun-Diri'),
	(5049,'Yakzur-ilu'),
	(5530,'Yamsi-Hadnu'),
	(5491,'Yapah-sumu-abu'),
	(5543,'Yarim-Lim'),
	(5535,'Yarim-Lim I'),
	(5538,'Yarim-Lim II'),
	(5541,'Yarim-Lim III'),
	(5585,'Yasmah-Addu'),
	(5532,'Yatar-ami'),
	(5158,'Zababa-shuma-iddina'),
	(5482,'Zabaia'),
	(5471,'Zabazuna'),
	(5431,'Zambiya'),
	(5404,'Zardamu'),
	(5031,'Zarriqum'),
	(5586,'Zimri-Lim'),
	(5371,'[...I-AB'),
	(5455,'[...]-ba'),
	(5312,'[RN], Offspring of \"Lady Dragon\"');

/*!40000 ALTER TABLE `Ruler` ENABLE KEYS */;
UNLOCK TABLES;


# Dump of table ruler_city
# ------------------------------------------------------------

DROP TABLE IF EXISTS `ruler_city`;

CREATE TABLE `ruler_city` (
  `ruler_id` int(11) NOT NULL,
  `city_id` int(11) NOT NULL,
  PRIMARY KEY (`ruler_id`,`city_id`),
  KEY `city_id` (`city_id`),
  CONSTRAINT `ruler_city_ibfk_1` FOREIGN KEY (`ruler_id`) REFERENCES `ruler` (`id`),
  CONSTRAINT `ruler_city_ibfk_2` FOREIGN KEY (`city_id`) REFERENCES `city` (`id`)
) ENGINE=InnoDB DEFAULT CHARSET=utf8;



# Dump of table ruler_Dynasty
# ------------------------------------------------------------

DROP TABLE IF EXISTS `ruler_Dynasty`;

CREATE TABLE `ruler_Dynasty` (
  `id` int(11) NOT NULL AUTO_INCREMENT,
  `ruler_id` int(11) NOT NULL,
  `dynasty_id` int(11) NOT NULL,
  `rim_ref` varchar(75) DEFAULT NULL,
  `start_year_id` int(11) DEFAULT NULL,
  `end_year_id` int(11) DEFAULT NULL,
  PRIMARY KEY (`id`),
  KEY `ruler_id` (`ruler_id`),
  KEY `dynasty_id` (`dynasty_id`),
  KEY `start_year_id` (`start_year_id`),
  KEY `end_year_id` (`end_year_id`),
  CONSTRAINT `ruler_dynasty_ibfk_1` FOREIGN KEY (`ruler_id`) REFERENCES `ruler` (`id`),
  CONSTRAINT `ruler_dynasty_ibfk_2` FOREIGN KEY (`dynasty_id`) REFERENCES `dynasty` (`id`),
  CONSTRAINT `ruler_dynasty_ibfk_3` FOREIGN KEY (`start_year_id`) REFERENCES `year` (`id`),
  CONSTRAINT `ruler_dynasty_ibfk_4` FOREIGN KEY (`end_year_id`) REFERENCES `year` (`id`)
) ENGINE=InnoDB DEFAULT CHARSET=utf8;



# Dump of table ruler_tablet
# ------------------------------------------------------------

DROP TABLE IF EXISTS `ruler_tablet`;

CREATE TABLE `ruler_tablet` (
  `ruler_id` int(11) NOT NULL,
  `tablet_id` int(11) NOT NULL,
  PRIMARY KEY (`ruler_id`,`tablet_id`),
  KEY `tablet_id` (`tablet_id`),
  CONSTRAINT `ruler_tablet_ibfk_1` FOREIGN KEY (`ruler_id`) REFERENCES `ruler` (`id`) ON DELETE CASCADE ON UPDATE CASCADE,
  CONSTRAINT `ruler_tablet_ibfk_2` FOREIGN KEY (`tablet_id`) REFERENCES `tablet` (`id`) ON DELETE CASCADE ON UPDATE CASCADE
) ENGINE=InnoDB DEFAULT CHARSET=utf8;

LOCK TABLES `ruler_tablet` WRITE;
/*!40000 ALTER TABLE `ruler_tablet` DISABLE KEYS */;

INSERT INTO `ruler_tablet` (`ruler_id`, `tablet_id`)
VALUES
	(5527,449),
	(5527,450),
	(5527,451),
	(5105,452),
	(5105,453),
	(5388,454),
	(5528,455),
	(5528,456),
	(5519,457),
	(5519,458),
	(5519,459),
	(5519,460),
	(5519,461),
	(5519,462),
	(5519,463),
	(5519,464),
	(5519,465),
	(5519,466),
	(5519,467),
	(5519,468),
	(5555,469),
	(5243,470),
	(5243,471),
	(5243,472),
	(5243,473),
	(5243,474),
	(5243,475),
	(5243,476),
	(5243,477),
	(5243,478),
	(5243,479),
	(5243,480),
	(5243,481),
	(5243,482),
	(5243,483),
	(5243,484),
	(5243,485),
	(5243,486),
	(5243,487),
	(5243,488),
	(5098,489),
	(5128,490),
	(5089,491),
	(5039,492),
	(5116,493),
	(5102,494),
	(5102,495),
	(5579,496),
	(5576,497),
	(5441,498),
	(5189,499),
	(5181,500),
	(5181,501),
	(5181,502),
	(5193,503),
	(5242,504),
	(5242,505),
	(5242,506),
	(5242,507),
	(5242,508),
	(5242,509),
	(5242,510),
	(5383,511),
	(5383,512),
	(5483,513),
	(5525,514),
	(5525,515),
	(5525,516),
	(5525,517),
	(5525,518),
	(5525,519),
	(5525,520),
	(5525,521),
	(5390,522),
	(5603,523),
	(5603,524),
	(5606,525),
	(5582,526),
	(5564,527),
	(5577,528),
	(5439,529),
	(5439,530),
	(5180,531),
	(5180,532),
	(5251,533),
	(5176,534),
	(5176,535),
	(5191,536),
	(5112,537),
	(5486,538),
	(5486,539),
	(5486,540),
	(5090,541),
	(5557,542),
	(5557,543),
	(5557,544),
	(5557,545),
	(5557,546),
	(5478,547),
	(5522,548),
	(5526,549),
	(5526,550),
	(5526,551),
	(5526,552),
	(5526,553),
	(5526,554),
	(5526,555),
	(5526,556),
	(5233,557),
	(5233,558),
	(5233,559),
	(5106,560),
	(5106,561),
	(5106,562),
	(5065,563),
	(5035,564),
	(5389,565),
	(5389,566),
	(5387,567),
	(5387,568),
	(5458,569),
	(5487,570),
	(5485,571),
	(5117,572),
	(5117,573),
	(5117,574),
	(5117,575),
	(5107,576),
	(5107,577),
	(5386,578),
	(5386,579),
	(5386,580),
	(5386,581),
	(5386,582),
	(5386,583),
	(5386,584),
	(5386,585),
	(5386,586),
	(5476,587),
	(5476,588),
	(5543,589),
	(5242,667),
	(5243,667),
	(5242,668),
	(5243,668),
	(5242,669),
	(5243,669),
	(5242,670),
	(5243,670),
	(5242,671),
	(5243,671),
	(5242,672),
	(5243,672),
	(5242,673),
	(5243,673),
	(5242,674),
	(5243,674),
	(5242,675),
	(5243,675),
	(5242,676),
	(5243,676);

/*!40000 ALTER TABLE `ruler_tablet` ENABLE KEYS */;
UNLOCK TABLES;


# Dump of table script_type
# ------------------------------------------------------------

DROP TABLE IF EXISTS `script_type`;

CREATE TABLE `script_type` (
  `id` int(11) NOT NULL AUTO_INCREMENT,
  `script` varchar(50) NOT NULL,
  PRIMARY KEY (`id`),
  UNIQUE KEY `uq_script` (`script`),
  KEY `idx_script` (`script`)
) ENGINE=InnoDB AUTO_INCREMENT=3 DEFAULT CHARSET=utf8;

LOCK TABLES `script_type` WRITE;
/*!40000 ALTER TABLE `script_type` DISABLE KEYS */;

INSERT INTO `script_type` (`id`, `script`)
VALUES
	(1,'Assyrian'),
	(2,'Babylonian');

/*!40000 ALTER TABLE `script_type` ENABLE KEYS */;
UNLOCK TABLES;


# Dump of table sign
# ------------------------------------------------------------

DROP TABLE IF EXISTS `sign`;

CREATE TABLE `sign` (
  `id` int(11) NOT NULL AUTO_INCREMENT,
  `name` varchar(50) NOT NULL,
  PRIMARY KEY (`id`),
  KEY `ix_sign_name` (`name`)
) ENGINE=InnoDB AUTO_INCREMENT=436 DEFAULT CHARSET=utf8;

LOCK TABLES `sign` WRITE;
/*!40000 ALTER TABLE `sign` DISABLE KEYS */;

INSERT INTO `sign` (`id`, `name`)
VALUES
	(1,'1'),
	(17,'1+A2'),
	(16,'1+EN'),
	(10,'10'),
	(424,'15'),
	(2,'2'),
	(11,'20'),
	(3,'3'),
	(12,'30'),
	(4,'4'),
	(5,'5'),
	(13,'50'),
	(6,'6'),
	(14,'60'),
	(7,'7'),
	(8,'8'),
	(9,'9'),
	(18,'A'),
	(19,'A\''),
	(20,'A+NA'),
	(21,'A2'),
	(22,'AB'),
	(23,'AB2'),
	(24,'ABZU'),
	(29,'AD'),
	(30,'AD3'),
	(31,'AD4'),
	(33,'AG2'),
	(283,'AGA'),
	(383,'AGA2'),
	(79,'AGAR2'),
	(34,'AGRIG'),
	(35,'AH'),
	(32,'AK'),
	(36,'AL'),
	(37,'ALAN'),
	(38,'ALIM'),
	(39,'AM'),
	(40,'AMA'),
	(41,'AMAR'),
	(42,'AN'),
	(97,'AN+AG'),
	(43,'AN+AK'),
	(44,'AN+EN'),
	(98,'AN+EN'),
	(99,'AN+EN.ZU'),
	(45,'AN_E'),
	(46,'APIN'),
	(47,'AR'),
	(48,'ARAD'),
	(49,'ARAD2'),
	(50,'ARHU_'),
	(51,'ASILA4'),
	(52,'AZ'),
	(25,'A_'),
	(26,'A_+_UR'),
	(27,'A_2'),
	(28,'A_3'),
	(53,'BA'),
	(54,'BABILIM'),
	(55,'BAD'),
	(56,'BAD3'),
	(57,'BALA'),
	(331,'BAN'),
	(58,'BAN2'),
	(59,'BANIA'),
	(60,'BANMIN'),
	(61,'BAR'),
	(62,'BARA2'),
	(63,'BI'),
	(64,'BIR'),
	(65,'BU'),
	(66,'BUL'),
	(67,'BULUG'),
	(68,'BUR'),
	(69,'BUR2'),
	(70,'BUR5'),
	(100,'DA'),
	(101,'DAG'),
	(370,'DAH'),
	(102,'DALLA'),
	(103,'DAM'),
	(104,'DAR'),
	(105,'DAR3'),
	(106,'DE2'),
	(107,'DI'),
	(110,'DIM'),
	(111,'DIM3'),
	(112,'DIN'),
	(113,'DIRI'),
	(15,'DIVIDING SIGN'),
	(109,'DI_'),
	(114,'DU'),
	(116,'DU8'),
	(117,'DUB'),
	(118,'DUB2'),
	(119,'DUG'),
	(120,'DUGUD'),
	(115,'DUL'),
	(121,'DUL'),
	(122,'DUR'),
	(123,'E'),
	(124,'E2'),
	(125,'E3'),
	(127,'EDIN'),
	(128,'EDURU'),
	(129,'EGIR'),
	(130,'EH3'),
	(131,'EL'),
	(352,'EL'),
	(132,'EME'),
	(133,'EN'),
	(134,'ENGUR'),
	(135,'ENKU'),
	(136,'ENSI2'),
	(137,'ER2'),
	(138,'ERIM'),
	(139,'ERIM2'),
	(334,'ERIN2'),
	(140,'ESIR2'),
	(141,'EZEN'),
	(126,'E_'),
	(142,'GA'),
	(143,'GA2'),
	(144,'GABA'),
	(145,'GABAR'),
	(147,'GADA'),
	(149,'GAL'),
	(150,'GAL.UNKEN.NA'),
	(151,'GALGA'),
	(152,'GAM'),
	(153,'GAN'),
	(154,'GAN2'),
	(310,'GAR'),
	(155,'GAR3'),
	(156,'GARIN'),
	(157,'GAZ'),
	(146,'GA_AN'),
	(158,'GEME2'),
	(159,'GI'),
	(160,'GI4'),
	(161,'GIBIL'),
	(164,'GIG'),
	(165,'GIGIR'),
	(166,'GIL'),
	(167,'GIM'),
	(168,'GIN2'),
	(169,'GIR'),
	(170,'GIR2'),
	(171,'GIR3'),
	(172,'GISAL'),
	(162,'GI_'),
	(210,'GI_'),
	(163,'GI_GAL'),
	(173,'GU'),
	(174,'GU2'),
	(176,'GU7'),
	(177,'GUBALAG'),
	(175,'GUD'),
	(178,'GUL'),
	(179,'GUR'),
	(180,'GUR7'),
	(181,'HA'),
	(182,'HAL'),
	(183,'HALBA5'),
	(184,'HAR'),
	(185,'HI'),
	(374,'HI'),
	(186,'HI+A'),
	(187,'HU'),
	(188,'HUB'),
	(189,'HUB2'),
	(190,'HUL'),
	(191,'HUL2'),
	(192,'I'),
	(193,'I+NA'),
	(194,'IA'),
	(195,'IA2'),
	(196,'IB'),
	(198,'ID2'),
	(199,'IDIM'),
	(200,'IG'),
	(201,'IGI'),
	(202,'IL'),
	(203,'IL2'),
	(204,'ILIMMU4'),
	(205,'IM'),
	(206,'IMIN'),
	(207,'IN'),
	(208,'IR'),
	(209,'ITI'),
	(197,'I_'),
	(211,'KA'),
	(216,'KA2'),
	(217,'KAB'),
	(148,'KAK'),
	(220,'KAL'),
	(221,'KAL'),
	(222,'KALAM'),
	(223,'KAM'),
	(224,'KAM'),
	(225,'KAM2'),
	(226,'KAR'),
	(227,'KAR2'),
	(228,'KASKAL'),
	(214,'KAxGU'),
	(215,'KAxKIB'),
	(212,'KAx_E'),
	(213,'KAx_ID'),
	(218,'KA_3'),
	(219,'KA_4'),
	(229,'KI'),
	(234,'KI.MIN'),
	(230,'KIB'),
	(232,'KID'),
	(235,'KIN'),
	(236,'KINDA'),
	(237,'KINGUSILA'),
	(238,'KISAL'),
	(231,'KI_'),
	(239,'KU'),
	(240,'KU3'),
	(241,'KUM'),
	(242,'KUN'),
	(243,'KUR'),
	(244,'KURU7'),
	(245,'LA'),
	(246,'LA\'U4'),
	(247,'LAGAB'),
	(248,'LAGAR'),
	(249,'LAH4'),
	(254,'LAH4'),
	(250,'LAH5'),
	(251,'LAL'),
	(252,'LAL2'),
	(332,'LAL2'),
	(253,'LAL3'),
	(255,'LAM'),
	(256,'LARSAM'),
	(257,'LI'),
	(258,'LIBI_'),
	(260,'LIL'),
	(261,'LIMMU2'),
	(259,'LI_'),
	(108,'LU'),
	(262,'LU'),
	(263,'LU2'),
	(264,'LUGAL'),
	(265,'LUH'),
	(266,'LUL'),
	(267,'LUM'),
	(268,'MA'),
	(269,'MA2'),
	(272,'MAH'),
	(273,'MAN'),
	(274,'MAR'),
	(275,'MARDUK'),
	(270,'MA_'),
	(271,'MA_2'),
	(276,'ME'),
	(277,'ME3'),
	(279,'MEN'),
	(280,'MES'),
	(278,'ME_'),
	(281,'MI'),
	(282,'MIN'),
	(284,'MITUM'),
	(285,'MU'),
	(289,'MUD'),
	(290,'MUG'),
	(291,'MUL'),
	(292,'MUN'),
	(296,'MURU2'),
	(286,'MU_'),
	(287,'MU_2'),
	(288,'MU_3'),
	(297,'NA'),
	(298,'NA2'),
	(299,'NA4'),
	(300,'NAB'),
	(301,'NAG'),
	(302,'NAGAR'),
	(303,'NAM'),
	(304,'NANNA'),
	(305,'NAR'),
	(306,'NE'),
	(307,'NI'),
	(308,'NIBRU'),
	(309,'NIG'),
	(311,'NIGIN'),
	(312,'NIGIN11'),
	(313,'NIGIN3'),
	(314,'NIGIN4'),
	(315,'NIM'),
	(316,'NIMIN'),
	(317,'NIN'),
	(318,'NINA'),
	(319,'NINDA2'),
	(321,'NIR'),
	(322,'NU'),
	(323,'NUMUN'),
	(324,'NUN'),
	(325,'NUNUZ'),
	(326,'NUSKA'),
	(327,'PA'),
	(329,'PAD'),
	(330,'PAD3'),
	(328,'PAP'),
	(333,'PI'),
	(380,'PU2'),
	(335,'PUZUR4'),
	(336,'RA'),
	(337,'RAB'),
	(338,'RI'),
	(339,'RU'),
	(340,'SA'),
	(341,'SA4'),
	(342,'SAG'),
	(293,'SAL'),
	(294,'SAL+LAGAR'),
	(343,'SAL+ME'),
	(345,'SAR'),
	(346,'SI'),
	(347,'SIG'),
	(348,'SIG2'),
	(295,'SIG4'),
	(349,'SIG4'),
	(350,'SIG5'),
	(351,'SIG7'),
	(353,'SILA3'),
	(354,'SILA4'),
	(355,'SIPA'),
	(356,'SIZKUR'),
	(357,'SU'),
	(358,'SUD'),
	(359,'SUEN'),
	(360,'SUG'),
	(361,'SUH3'),
	(363,'SUHUR'),
	(362,'SUHU_'),
	(364,'SUM'),
	(365,'SUR'),
	(366,'SUR9'),
	(367,'TA'),
	(368,'TAB'),
	(369,'TAG'),
	(233,'TAK4'),
	(371,'TAR'),
	(372,'TE'),
	(373,'TI'),
	(375,'TIR'),
	(376,'TU'),
	(377,'TU6'),
	(378,'TUG2'),
	(379,'TUKU'),
	(381,'TUM'),
	(382,'TUM3'),
	(384,'TUR'),
	(385,'TUR+DI_'),
	(386,'TUR+U_'),
	(387,'TUR3'),
	(388,'U'),
	(391,'U2'),
	(392,'U3'),
	(393,'U5'),
	(394,'U8'),
	(395,'UB'),
	(398,'UD'),
	(399,'UG'),
	(400,'UGU'),
	(389,'UGUN'),
	(401,'UGUN'),
	(390,'UGUR'),
	(402,'UH2'),
	(403,'UH3'),
	(405,'UKU2'),
	(406,'UL'),
	(407,'UM'),
	(408,'UMUH'),
	(409,'UN'),
	(404,'UNKEN'),
	(410,'UNUG'),
	(411,'UR'),
	(412,'UR2'),
	(413,'UR3'),
	(414,'UR4'),
	(415,'URI'),
	(416,'URI5'),
	(417,'URU'),
	(418,'URU2'),
	(419,'URUDU'),
	(320,'URUM'),
	(420,'USAN'),
	(397,'USAR'),
	(421,'UZ'),
	(422,'UZ3'),
	(423,'UZU'),
	(396,'U_'),
	(425,'ZA'),
	(426,'ZAG'),
	(427,'ZAH2'),
	(428,'ZAR'),
	(430,'ZE2'),
	(429,'ZI'),
	(431,'ZIB'),
	(432,'ZIK'),
	(433,'ZIMBIR'),
	(434,'ZU'),
	(435,'ZUM'),
	(71,'_A'),
	(72,'_A3'),
	(73,'_A6'),
	(74,'_AB'),
	(75,'_AH'),
	(76,'_AM2'),
	(77,'_ANABI'),
	(78,'_AR2'),
	(80,'_E'),
	(81,'_E3'),
	(86,'_EMBI'),
	(82,'_E_'),
	(83,'_E_2'),
	(84,'_ID'),
	(344,'_ID'),
	(85,'_IM'),
	(87,'_INIG'),
	(88,'_IR'),
	(89,'_ITA3'),
	(90,'_ITA4'),
	(91,'_U'),
	(92,'_U.MIN'),
	(93,'_U2'),
	(95,'_UD3'),
	(96,'_UL'),
	(94,'_U_ANA');

/*!40000 ALTER TABLE `sign` ENABLE KEYS */;
UNLOCK TABLES;


# Dump of table sub_locality
# ------------------------------------------------------------

DROP TABLE IF EXISTS `sub_locality`;

CREATE TABLE `sub_locality` (
  `id` int(11) NOT NULL AUTO_INCREMENT,
  `name` varchar(100) NOT NULL,
  PRIMARY KEY (`id`),
  UNIQUE KEY `uq_name` (`name`),
  KEY `idx_name` (`name`)
) ENGINE=InnoDB DEFAULT CHARSET=utf8;



# Dump of table sub_period
# ------------------------------------------------------------

DROP TABLE IF EXISTS `sub_period`;

CREATE TABLE `sub_period` (
  `id` int(11) NOT NULL AUTO_INCREMENT,
  `name` varchar(100) NOT NULL,
  `period_id` int(11) NOT NULL,
  PRIMARY KEY (`id`),
  KEY `idx_name` (`name`),
  KEY `period_id` (`period_id`),
  CONSTRAINT `sub_period_ibfk_1` FOREIGN KEY (`period_id`) REFERENCES `Period` (`id`) ON DELETE CASCADE ON UPDATE CASCADE
) ENGINE=InnoDB AUTO_INCREMENT=19 DEFAULT CHARSET=utf8;

LOCK TABLES `sub_period` WRITE;
/*!40000 ALTER TABLE `sub_period` DISABLE KEYS */;

INSERT INTO `sub_period` (`id`, `name`, `period_id`)
VALUES
	(1,'Achaemenid',11),
	(2,'Chaldean',10),
	(3,'Early Neo-Assyrian',14),
	(4,'Early Neo-Babylonian',10),
	(5,'Early Old Assyrian',12),
	(6,'Early Old Babylonian',8),
	(7,'ED I',17),
	(8,'ED IIIa',17),
	(9,'ED IIIb',17),
	(10,'Greek',11),
	(11,'Kassite',9),
	(12,'Lagash II',18),
	(13,'Late Old Assyrian',12),
	(14,'Late Old Babylonian',8),
	(15,'Old Akkadian',18),
	(16,'Post-Kassite',9),
	(17,'Sargonid',18),
	(18,'Ur III',18);

/*!40000 ALTER TABLE `sub_period` ENABLE KEYS */;
UNLOCK TABLES;


# Dump of table subperiod_dynasty
# ------------------------------------------------------------

DROP TABLE IF EXISTS `subperiod_dynasty`;

CREATE TABLE `subperiod_dynasty` (
  `subperiod_id` int(11) NOT NULL,
  `dynasty_id` int(11) NOT NULL,
  PRIMARY KEY (`subperiod_id`,`dynasty_id`),
  KEY `dynasty_id` (`dynasty_id`),
  CONSTRAINT `subperiod_dynasty_ibfk_1` FOREIGN KEY (`subperiod_id`) REFERENCES `sub_period` (`id`) ON DELETE CASCADE ON UPDATE CASCADE,
  CONSTRAINT `subperiod_dynasty_ibfk_2` FOREIGN KEY (`dynasty_id`) REFERENCES `dynasty` (`id`) ON DELETE CASCADE ON UPDATE CASCADE
) ENGINE=InnoDB DEFAULT CHARSET=utf8;



# Dump of table surface
# ------------------------------------------------------------

DROP TABLE IF EXISTS `surface`;

CREATE TABLE `surface` (
  `id` int(11) NOT NULL AUTO_INCREMENT,
  `name` varchar(20) NOT NULL,
  PRIMARY KEY (`id`),
  KEY `ix_surface_name` (`name`)
) ENGINE=InnoDB AUTO_INCREMENT=10 DEFAULT CHARSET=utf8;

LOCK TABLES `surface` WRITE;
/*!40000 ALTER TABLE `surface` DISABLE KEYS */;

INSERT INTO `surface` (`id`, `name`)
VALUES
	(1,'base'),
	(2,'catchline'),
	(3,'colophon'),
	(4,'head'),
	(5,'left edge'),
	(6,'obv'),
	(7,'rev'),
	(8,'seal'),
	(9,'shaft');

/*!40000 ALTER TABLE `surface` ENABLE KEYS */;
UNLOCK TABLES;


# Dump of table Tablet
# ------------------------------------------------------------

DROP TABLE IF EXISTS `Tablet`;

CREATE TABLE `Tablet` (
  `id` int(11) NOT NULL AUTO_INCREMENT,
  `museum_number` varchar(75) NOT NULL,
  `medium_id` int(11) NOT NULL,
  `script_type_id` int(11) DEFAULT NULL,
  `city_id` int(11) DEFAULT NULL,
  `origin_city_id` int(11) DEFAULT NULL,
  `publication` varchar(200) DEFAULT NULL,
  `period_id` int(11) NOT NULL,
  `from_id` int(11) DEFAULT NULL,
  `to_id` int(11) DEFAULT NULL,
  `ancient_month` varchar(10) DEFAULT NULL,
  `ancient_day` varchar(10) DEFAULT NULL,
  `text_vehicle_id` int(11) DEFAULT NULL,
  `notes` varchar(500) DEFAULT NULL,
  `language_id` int(11) DEFAULT NULL,
  `year_id` int(11) DEFAULT NULL,
  `method_id` int(11) DEFAULT NULL,
  `function_id` int(11) DEFAULT NULL,
  `genre_id` int(11) DEFAULT NULL,
  `dynasty_id` int(11) DEFAULT NULL,
  `locality_id` int(11) DEFAULT NULL,
  `sub_locality_id` int(11) DEFAULT NULL,
  `sub_period_id` int(11) DEFAULT NULL,
  `city_site_id` int(11) DEFAULT NULL,
  `reign_id` int(11) DEFAULT NULL,
  `timestamp` datetime NOT NULL,
  `ancient_year` varchar(10) DEFAULT NULL,
  `absolute_month` varchar(10) DEFAULT NULL,
  `absolute_day` varchar(10) DEFAULT NULL,
  `eponym_id` int(11) DEFAULT NULL,
  `author_id` int(11) DEFAULT NULL,
  PRIMARY KEY (`id`),
  UNIQUE KEY `museum_number` (`museum_number`),
  KEY `medium_id` (`medium_id`),
  KEY `script_type_id` (`script_type_id`),
  KEY `city_id` (`city_id`),
  KEY `origin_city_id` (`origin_city_id`),
  KEY `period_id` (`period_id`),
  KEY `text_vehicle_id` (`text_vehicle_id`),
  KEY `idx_museum_number` (`museum_number`),
  KEY `tablet_ibfk_6` (`from_id`),
  KEY `tablet_ibfk_7` (`to_id`),
  KEY `year_id` (`year_id`),
  KEY `method_id` (`method_id`),
  KEY `function_id` (`function_id`),
  KEY `genre_id` (`genre_id`),
  KEY `dynasty_id` (`dynasty_id`),
  KEY `locality_id` (`locality_id`),
  KEY `sub_locality_id` (`sub_locality_id`),
  KEY `sub_period_id` (`sub_period_id`),
  KEY `city_site_id` (`city_site_id`),
  KEY `reign_id` (`reign_id`),
  KEY `eponym_id` (`eponym_id`),
  KEY `author_id` (`author_id`),
  CONSTRAINT `tablet_ibfk_1` FOREIGN KEY (`medium_id`) REFERENCES `medium` (`id`),
  CONSTRAINT `tablet_ibfk_10` FOREIGN KEY (`year_id`) REFERENCES `year` (`id`),
  CONSTRAINT `tablet_ibfk_11` FOREIGN KEY (`method_id`) REFERENCES `method` (`id`),
  CONSTRAINT `tablet_ibfk_12` FOREIGN KEY (`function_id`) REFERENCES `function` (`id`),
  CONSTRAINT `tablet_ibfk_13` FOREIGN KEY (`genre_id`) REFERENCES `genre` (`id`),
  CONSTRAINT `tablet_ibfk_14` FOREIGN KEY (`dynasty_id`) REFERENCES `dynasty` (`id`),
  CONSTRAINT `tablet_ibfk_15` FOREIGN KEY (`locality_id`) REFERENCES `locality` (`id`),
  CONSTRAINT `tablet_ibfk_16` FOREIGN KEY (`sub_locality_id`) REFERENCES `sub_locality` (`id`),
  CONSTRAINT `tablet_ibfk_17` FOREIGN KEY (`sub_period_id`) REFERENCES `sub_period` (`id`),
  CONSTRAINT `tablet_ibfk_18` FOREIGN KEY (`city_site_id`) REFERENCES `city_site` (`id`),
  CONSTRAINT `tablet_ibfk_19` FOREIGN KEY (`reign_id`) REFERENCES `reign` (`id`),
  CONSTRAINT `tablet_ibfk_2` FOREIGN KEY (`script_type_id`) REFERENCES `script_type` (`id`),
  CONSTRAINT `tablet_ibfk_20` FOREIGN KEY (`eponym_id`) REFERENCES `eponym` (`id`),
  CONSTRAINT `tablet_ibfk_21` FOREIGN KEY (`author_id`) REFERENCES `author` (`id`),
  CONSTRAINT `tablet_ibfk_3` FOREIGN KEY (`city_id`) REFERENCES `city` (`id`),
  CONSTRAINT `tablet_ibfk_4` FOREIGN KEY (`origin_city_id`) REFERENCES `city` (`id`),
  CONSTRAINT `tablet_ibfk_5` FOREIGN KEY (`period_id`) REFERENCES `period` (`id`),
  CONSTRAINT `tablet_ibfk_6` FOREIGN KEY (`from_id`) REFERENCES `correspondent` (`id`),
  CONSTRAINT `tablet_ibfk_7` FOREIGN KEY (`to_id`) REFERENCES `correspondent` (`id`),
  CONSTRAINT `tablet_ibfk_9` FOREIGN KEY (`text_vehicle_id`) REFERENCES `text_vehicle` (`id`)
) ENGINE=InnoDB AUTO_INCREMENT=677 DEFAULT CHARSET=utf8;

LOCK TABLES `Tablet` WRITE;
/*!40000 ALTER TABLE `Tablet` DISABLE KEYS */;

INSERT INTO `Tablet` (`id`, `museum_number`, `medium_id`, `script_type_id`, `city_id`, `origin_city_id`, `publication`, `period_id`, `from_id`, `to_id`, `ancient_month`, `ancient_day`, `text_vehicle_id`, `notes`, `language_id`, `year_id`, `method_id`, `function_id`, `genre_id`, `dynasty_id`, `locality_id`, `sub_locality_id`, `sub_period_id`, `city_site_id`, `reign_id`, `timestamp`, `ancient_year`, `absolute_month`, `absolute_day`, `eponym_id`, `author_id`)
VALUES
	(449,'BM_94168',2,NULL,101,NULL,'AbB 13, 139',8,NULL,NULL,NULL,NULL,12,NULL,NULL,NULL,1,NULL,2,NULL,3,NULL,14,NULL,NULL,'2012-06-19 17:40:28',NULL,NULL,NULL,NULL,NULL),
	(450,'BM_38446',2,NULL,NULL,NULL,'RIME.4.3.8.1',8,NULL,NULL,NULL,NULL,12,NULL,NULL,NULL,1,NULL,1,NULL,3,NULL,14,NULL,NULL,'2012-06-19 17:40:28',NULL,NULL,NULL,NULL,NULL),
	(451,'BM_80270',2,NULL,101,NULL,'Kraus (1984) pp. 376-377',8,NULL,NULL,'8','10',12,NULL,NULL,1709,1,NULL,1,NULL,3,NULL,14,NULL,NULL,'2012-06-19 17:40:28','3',NULL,NULL,NULL,NULL),
	(452,'56_9-9_195',2,NULL,93,NULL,'RIMA.0.76.1002',13,NULL,NULL,NULL,NULL,14,NULL,NULL,NULL,1,NULL,3,NULL,2,NULL,NULL,NULL,NULL,'2012-06-19 17:40:28',NULL,NULL,NULL,NULL,NULL),
	(453,'VAT_9653',2,NULL,NULL,NULL,'RIMA.0.76.1',13,NULL,NULL,NULL,NULL,12,NULL,NULL,NULL,1,NULL,3,NULL,2,NULL,NULL,NULL,NULL,'2012-06-19 17:40:28',NULL,NULL,NULL,NULL,NULL),
	(454,'A_587-1982',2,NULL,68,NULL,'BCT 1, 41',18,NULL,NULL,'11','1',12,NULL,NULL,NULL,1,NULL,1,NULL,3,NULL,18,NULL,NULL,'2012-06-19 17:40:28','1Bb',NULL,NULL,NULL,NULL),
	(455,'BM_92626',2,NULL,NULL,NULL,'AbB 2, 54',8,9,NULL,NULL,NULL,12,NULL,NULL,NULL,1,NULL,2,NULL,3,NULL,14,NULL,NULL,'2012-06-19 17:40:28',NULL,NULL,NULL,NULL,NULL),
	(456,'BM_80161_seal',2,NULL,NULL,NULL,'RIME.4.3.9.2013',8,NULL,NULL,NULL,NULL,12,NULL,NULL,NULL,2,NULL,4,NULL,3,NULL,14,NULL,NULL,'2012-06-19 17:40:28',NULL,NULL,NULL,NULL,NULL),
	(457,'BM_97328',2,NULL,101,61,'AbB 12, 8',8,6,NULL,NULL,NULL,12,NULL,NULL,NULL,1,NULL,2,NULL,3,NULL,14,NULL,NULL,'2012-06-19 17:40:28',NULL,NULL,NULL,NULL,NULL),
	(458,'BM_97256',2,NULL,101,61,'AbB 12, 4',8,5,NULL,NULL,NULL,12,NULL,NULL,NULL,1,NULL,2,NULL,3,NULL,14,NULL,NULL,'2012-06-19 17:40:28',NULL,NULL,NULL,NULL,NULL),
	(459,'BM_97249',2,NULL,101,61,'AbB 12, 3',8,5,NULL,NULL,NULL,12,NULL,NULL,NULL,1,NULL,2,NULL,3,NULL,14,NULL,NULL,'2012-06-19 17:40:28',NULL,NULL,NULL,NULL,NULL),
	(460,'BM_97227',2,NULL,101,61,'AbB 12, 7',8,6,NULL,NULL,NULL,12,NULL,NULL,NULL,1,NULL,2,NULL,3,NULL,14,NULL,NULL,'2012-06-19 17:40:28',NULL,NULL,NULL,NULL,NULL),
	(461,'BM_97212',2,NULL,101,61,'AbB 12, 6',8,6,NULL,NULL,NULL,12,NULL,NULL,NULL,1,NULL,2,NULL,3,NULL,14,NULL,NULL,'2012-06-19 17:40:28',NULL,NULL,NULL,NULL,NULL),
	(462,'BM_97143',2,NULL,101,61,'AbB 12, 72',8,6,NULL,NULL,NULL,12,NULL,NULL,NULL,1,NULL,2,NULL,3,NULL,14,NULL,NULL,'2012-06-19 17:40:28',NULL,NULL,NULL,NULL,NULL),
	(463,'BM_97128',2,NULL,101,61,'AbB 12, 5',8,6,NULL,NULL,NULL,12,NULL,NULL,NULL,1,NULL,2,NULL,3,NULL,14,NULL,NULL,'2012-06-19 17:40:28',NULL,NULL,NULL,NULL,NULL),
	(464,'BM_79905',2,NULL,NULL,61,'AbB 13, 78',8,NULL,NULL,NULL,NULL,12,'ze\'pum',NULL,NULL,1,NULL,2,NULL,3,NULL,14,NULL,NULL,'2012-06-19 17:40:28',NULL,NULL,NULL,NULL,NULL),
	(465,'BM_97074',2,NULL,101,NULL,'AbB 12, 2',8,NULL,NULL,NULL,NULL,12,NULL,NULL,NULL,1,NULL,2,NULL,3,NULL,14,NULL,NULL,'2012-06-19 17:40:28',NULL,NULL,NULL,NULL,NULL),
	(466,'BM_96983',2,NULL,101,NULL,'AbB 12, 61',8,NULL,NULL,NULL,NULL,12,NULL,NULL,NULL,1,NULL,2,NULL,3,NULL,14,NULL,NULL,'2012-06-19 17:40:28',NULL,NULL,NULL,NULL,NULL),
	(467,'BM_97342',2,NULL,101,NULL,'Jeyes (1989) no. 12',8,NULL,NULL,NULL,NULL,12,NULL,NULL,NULL,1,NULL,NULL,NULL,3,NULL,14,NULL,NULL,'2012-06-19 17:40:28',NULL,NULL,NULL,NULL,NULL),
	(468,'BM_97007',2,NULL,101,NULL,'Jeyes (1989) no. 11',8,NULL,NULL,NULL,NULL,12,NULL,NULL,NULL,1,NULL,NULL,NULL,3,NULL,14,NULL,NULL,'2012-06-19 17:40:28',NULL,NULL,NULL,NULL,NULL),
	(469,'BM_113207',3,NULL,106,NULL,'RIME.4.4.6.1',8,NULL,NULL,NULL,NULL,12,NULL,NULL,NULL,3,NULL,3,NULL,3,NULL,6,NULL,NULL,'2012-06-19 17:40:28',NULL,NULL,NULL,NULL,NULL),
	(470,'82_5-22_130',2,2,93,NULL,'SAA 2, 9',14,NULL,NULL,NULL,NULL,12,'Ashurbanipal\'s Treaty with Babylonian allies; Parpola notes that an Assyrianism in l. 34\' obv indicates that the text was composed in Nineveh',NULL,NULL,1,NULL,NULL,NULL,2,NULL,17,NULL,NULL,'2012-06-19 17:40:28',NULL,NULL,NULL,NULL,NULL),
	(471,'K_2034',2,1,93,NULL,'MSL 16 p. 49',14,NULL,NULL,NULL,NULL,12,NULL,NULL,NULL,1,NULL,5,NULL,2,NULL,17,NULL,NULL,'2012-06-19 17:40:28',NULL,NULL,NULL,NULL,NULL),
	(472,'BM_40127',2,2,93,61,'MSL 16 p. 49',10,NULL,NULL,NULL,NULL,12,NULL,NULL,NULL,1,NULL,5,NULL,2,NULL,4,NULL,NULL,'2012-06-19 17:40:28',NULL,NULL,NULL,NULL,NULL),
	(473,'K_14895',2,1,93,NULL,'MSL 16 p. 49',14,NULL,NULL,NULL,NULL,12,NULL,NULL,NULL,1,NULL,5,NULL,2,NULL,17,NULL,NULL,'2012-06-19 17:40:28',NULL,NULL,NULL,NULL,NULL),
	(474,'Rm_359',2,1,93,NULL,'MSL 16 p. 49',14,NULL,NULL,NULL,NULL,12,NULL,NULL,NULL,1,NULL,5,NULL,2,NULL,17,NULL,NULL,'2012-06-19 17:40:28',NULL,NULL,NULL,NULL,NULL),
	(475,'80_7-19_308',2,NULL,93,NULL,'MSL 16 p. 49',14,NULL,NULL,NULL,NULL,12,NULL,NULL,NULL,1,NULL,5,NULL,2,NULL,17,NULL,NULL,'2012-06-19 17:40:28',NULL,NULL,NULL,NULL,NULL),
	(476,'K_12907',2,1,93,NULL,'MSL 16 p. 49',14,NULL,NULL,NULL,NULL,12,NULL,NULL,NULL,1,NULL,5,NULL,2,NULL,17,NULL,NULL,'2012-06-19 17:40:28',NULL,NULL,NULL,NULL,NULL),
	(477,'K_4600',2,1,93,NULL,NULL,14,NULL,NULL,NULL,NULL,12,NULL,NULL,NULL,1,NULL,5,NULL,2,NULL,17,NULL,NULL,'2012-06-19 17:40:28',NULL,NULL,NULL,NULL,NULL),
	(478,'81_7-27_56',2,1,93,NULL,'MSL 16 p. 63',14,NULL,NULL,NULL,NULL,12,NULL,NULL,NULL,1,NULL,5,NULL,2,NULL,17,NULL,NULL,'2012-06-19 17:40:28',NULL,NULL,NULL,NULL,NULL),
	(479,'K_244',2,1,93,NULL,'MSL 16 p. 73',14,NULL,NULL,NULL,NULL,12,NULL,NULL,NULL,1,NULL,5,NULL,2,NULL,17,NULL,NULL,'2012-06-19 17:40:28',NULL,NULL,NULL,NULL,NULL),
	(480,'K_5422_a',2,1,93,NULL,'MSL 16 p. 74',14,NULL,NULL,NULL,NULL,12,NULL,NULL,NULL,1,NULL,5,NULL,2,NULL,17,NULL,NULL,'2012-06-19 17:40:28',NULL,NULL,NULL,NULL,NULL),
	(481,'K_197',2,1,93,NULL,'MSL 16 p. 74',14,NULL,NULL,NULL,NULL,12,'K 197 + Sm 294',NULL,NULL,1,NULL,5,NULL,2,NULL,17,NULL,NULL,'2012-06-19 17:40:28',NULL,NULL,NULL,NULL,NULL),
	(482,'Rm2_25',2,2,93,NULL,NULL,14,NULL,NULL,NULL,NULL,12,NULL,NULL,NULL,1,NULL,5,NULL,2,NULL,17,NULL,NULL,'2012-06-19 17:40:28',NULL,NULL,NULL,NULL,NULL),
	(483,'K_39',2,1,93,NULL,'MSL 16 p. 117',14,NULL,NULL,NULL,NULL,12,NULL,NULL,NULL,1,NULL,5,NULL,2,NULL,17,NULL,NULL,'2012-06-19 17:40:28',NULL,NULL,NULL,NULL,NULL),
	(484,'K_12032',2,1,93,NULL,'MSL 16 p. 133',14,NULL,NULL,NULL,NULL,12,NULL,NULL,NULL,1,NULL,5,NULL,NULL,NULL,17,NULL,NULL,'2012-06-19 17:40:28',NULL,NULL,NULL,NULL,NULL),
	(485,'80_7-19_57',2,1,93,NULL,'SAA 8, 6',14,NULL,NULL,NULL,NULL,12,'Year may be 668/67 or 656/55 BC',NULL,669,1,NULL,2,NULL,2,NULL,17,NULL,NULL,'2012-06-19 17:40:28',NULL,NULL,NULL,NULL,NULL),
	(486,'91_5-9_14',2,1,93,NULL,'SAA 8, 7',14,NULL,NULL,NULL,NULL,12,'For the calculation of the date see Parpola LAS appendix J.',NULL,667,1,NULL,2,NULL,2,NULL,17,NULL,NULL,'2012-06-19 17:40:28',NULL,'5','24',NULL,1),
	(487,'83-1-18_287',2,1,93,NULL,'SAA 8, 8',14,NULL,NULL,NULL,NULL,12,'For the calculation of the date see Parpola LAS appendix J.',NULL,658,1,NULL,2,NULL,2,NULL,17,NULL,NULL,'2012-06-19 17:40:28',NULL,'3',NULL,51,1),
	(488,'K_3258',2,1,93,NULL,'SAA 3, 1',14,NULL,NULL,NULL,NULL,12,NULL,NULL,NULL,1,NULL,NULL,NULL,2,NULL,17,NULL,NULL,'2012-06-19 17:40:28',NULL,NULL,NULL,NULL,NULL),
	(489,'VA_7442',2,NULL,60,NULL,'RIMA.0.69.1',13,NULL,NULL,NULL,NULL,4,NULL,NULL,NULL,1,NULL,3,NULL,2,NULL,NULL,NULL,NULL,'2012-06-19 17:40:28',NULL,NULL,NULL,NULL,NULL),
	(490,'VAT_9562',2,NULL,60,NULL,'RIMA.0.98.1',14,NULL,NULL,NULL,NULL,12,NULL,NULL,NULL,1,NULL,3,NULL,2,NULL,3,NULL,NULL,'2012-06-19 17:40:28',NULL,NULL,NULL,NULL,NULL),
	(491,'VA_Ass_3221_c',2,NULL,60,NULL,'RIMA.1.0.60.1',13,NULL,NULL,NULL,NULL,3,NULL,NULL,NULL,1,NULL,3,NULL,2,NULL,NULL,NULL,NULL,'2012-06-19 17:40:28',NULL,NULL,NULL,NULL,NULL),
	(492,'K_15272',2,1,93,NULL,'SAA 2, 2',14,NULL,NULL,NULL,NULL,12,NULL,NULL,NULL,1,NULL,NULL,NULL,2,NULL,3,NULL,NULL,'2012-06-19 17:40:28',NULL,NULL,NULL,NULL,NULL),
	(493,'56_9-9_185',2,NULL,93,NULL,'RIMA.0.86.1',13,NULL,NULL,NULL,NULL,4,NULL,NULL,NULL,1,NULL,3,NULL,2,NULL,NULL,NULL,NULL,'2012-06-19 17:40:28',NULL,NULL,NULL,NULL,NULL),
	(494,'BM_121147',3,NULL,93,NULL,'RIMA.0.73.1001',13,NULL,NULL,NULL,NULL,18,NULL,NULL,NULL,3,NULL,3,NULL,2,NULL,NULL,NULL,NULL,'2012-06-19 17:40:28',NULL,NULL,NULL,NULL,NULL),
	(495,'BM_121148',3,NULL,93,NULL,'RIMA.0.73.1001',13,NULL,NULL,NULL,NULL,18,NULL,NULL,NULL,3,NULL,3,NULL,2,NULL,NULL,NULL,NULL,'2012-06-19 17:40:28',NULL,NULL,NULL,NULL,NULL),
	(496,'A_9011',2,NULL,72,NULL,'RIME.4.5.6.1',8,NULL,NULL,NULL,NULL,3,NULL,NULL,NULL,2,NULL,3,NULL,3,NULL,6,NULL,NULL,'2012-06-19 17:40:28',NULL,NULL,NULL,NULL,NULL),
	(497,'A_8994',2,NULL,72,NULL,'RIME.4.5.3.2',8,NULL,NULL,NULL,NULL,3,NULL,NULL,NULL,2,NULL,3,NULL,3,NULL,6,NULL,NULL,'2012-06-19 17:40:28',NULL,NULL,NULL,NULL,NULL),
	(498,'VA_2720',3,NULL,NULL,NULL,'RIME.4.1.7.2005',8,NULL,NULL,NULL,NULL,16,NULL,NULL,NULL,3,NULL,4,NULL,3,NULL,6,NULL,NULL,'2012-06-19 17:40:28',NULL,NULL,NULL,NULL,NULL),
	(499,'BM_59592',2,NULL,101,NULL,'Bongenaar (1997)',11,NULL,NULL,'5','22',12,NULL,NULL,524,1,NULL,1,NULL,3,NULL,1,NULL,NULL,'2012-06-19 17:40:28','6',NULL,NULL,NULL,NULL),
	(500,'BM_55872',2,NULL,101,NULL,'Bongenaar (1997) p. 107',11,NULL,NULL,'8','20',12,NULL,NULL,533,1,NULL,1,NULL,3,NULL,1,NULL,NULL,'2012-06-19 17:40:28','6',NULL,NULL,NULL,NULL),
	(501,'BM_74378',2,NULL,101,NULL,'Bongenaar (1997) p. 116',11,NULL,NULL,'9','24',12,NULL,NULL,534,1,NULL,1,NULL,3,NULL,1,NULL,NULL,'2012-06-19 17:40:28','5',NULL,NULL,NULL,NULL),
	(502,'BM_38120',2,2,61,NULL,'MSL 16 p. 73',11,NULL,NULL,NULL,NULL,12,'Copy of a text from Borsippa',NULL,538,1,NULL,5,NULL,3,NULL,1,NULL,NULL,'2012-06-19 17:40:28','1',NULL,NULL,NULL,NULL),
	(503,'BM_56728',2,NULL,101,NULL,'Bongenaar (1997) pp. 16-17',11,NULL,NULL,'12','18',12,'Year uncertain',NULL,496,1,NULL,1,NULL,3,NULL,1,NULL,NULL,'2012-06-19 17:40:28','26',NULL,NULL,NULL,NULL),
	(504,'83_1-18_420',2,NULL,93,NULL,'SAA 2, 4',14,NULL,NULL,NULL,NULL,12,'This text vehicle comprises three fragments: 83-1-18_420, 83-1-18_493 and Bu 91-5-9_131. Images have been excerpted from all three fragments under the lable 83-1-18_420.',NULL,NULL,1,NULL,NULL,NULL,2,NULL,17,NULL,NULL,'2012-06-19 17:40:28',NULL,NULL,NULL,NULL,NULL),
	(505,'91_5-9_3',2,NULL,93,NULL,'SAA 16, 17',14,NULL,NULL,NULL,NULL,12,NULL,NULL,NULL,1,NULL,2,NULL,2,NULL,17,NULL,NULL,'2012-06-19 17:40:28',NULL,NULL,NULL,NULL,NULL),
	(506,'K_486',2,NULL,93,NULL,'SAA 16, 2',14,NULL,NULL,NULL,NULL,12,NULL,NULL,NULL,1,NULL,2,NULL,2,NULL,17,NULL,NULL,'2012-06-19 17:40:28',NULL,NULL,NULL,NULL,NULL),
	(507,'K_1542',2,NULL,93,NULL,'SAA 16, 1',14,NULL,NULL,NULL,NULL,12,NULL,NULL,NULL,1,NULL,2,NULL,2,NULL,17,NULL,NULL,'2012-06-19 17:40:28',NULL,NULL,NULL,NULL,NULL),
	(508,'K_971',2,NULL,93,NULL,'SAA 16, 40',14,NULL,NULL,NULL,NULL,12,NULL,NULL,NULL,1,NULL,2,NULL,2,NULL,17,NULL,NULL,'2012-06-19 17:40:28',NULL,NULL,NULL,NULL,NULL),
	(509,'K_865',2,1,93,NULL,'SAA 8, 46',14,NULL,NULL,NULL,NULL,12,'For the calculation of the date see Parpola LAS appendix J.',NULL,671,1,NULL,2,NULL,2,NULL,17,NULL,NULL,'2012-06-19 17:40:28',NULL,'9',NULL,NULL,NULL),
	(510,'81_7-27_19',2,1,93,NULL,'SAA 8, 1',14,NULL,NULL,NULL,NULL,12,'For the calculation of the date see Parpola LAS appendix J.',NULL,673,1,NULL,2,NULL,2,NULL,17,NULL,NULL,'2012-06-19 17:40:28',NULL,'8',NULL,NULL,1),
	(511,'BM_87235',2,NULL,86,NULL,'RIME.3/1.1.7.39',18,NULL,NULL,NULL,NULL,4,NULL,NULL,NULL,1,NULL,3,NULL,3,NULL,18,NULL,NULL,'2012-06-19 17:40:28',NULL,NULL,NULL,NULL,NULL),
	(512,'BM_22468',3,NULL,NULL,NULL,'RIME.3/1.1.7.18',18,NULL,NULL,NULL,NULL,17,NULL,NULL,NULL,3,NULL,3,NULL,3,NULL,18,NULL,NULL,'2012-06-19 17:40:28',NULL,NULL,NULL,NULL,NULL),
	(513,'BM_30062',2,NULL,104,NULL,'RIME.4.2.5.2',8,NULL,NULL,NULL,NULL,4,NULL,NULL,NULL,1,NULL,3,NULL,3,NULL,6,NULL,NULL,'2012-06-19 17:40:28',NULL,NULL,NULL,NULL,NULL),
	(514,'BM_25000',2,NULL,101,NULL,'RIME.4.3.6.12',8,NULL,NULL,NULL,NULL,4,NULL,NULL,NULL,1,NULL,3,NULL,3,NULL,14,NULL,NULL,'2012-06-19 17:40:28',NULL,NULL,NULL,NULL,NULL),
	(515,'BM_91071',2,NULL,101,NULL,'RIME.4.3.6.12',8,NULL,NULL,NULL,NULL,4,'Records the building of a wall of Sippar commemorated in Hammu-rapi (Babylon) 43',NULL,NULL,1,NULL,3,NULL,NULL,NULL,14,NULL,NULL,'2012-06-19 17:40:28',NULL,NULL,NULL,NULL,NULL),
	(516,'BM_93768',2,NULL,87,61,'AbB 13, 23',8,11,NULL,NULL,NULL,12,NULL,NULL,NULL,1,NULL,2,NULL,3,NULL,14,NULL,NULL,'2012-06-19 17:40:28',NULL,NULL,NULL,NULL,NULL),
	(517,'BM_93770',2,NULL,87,61,'AbB 13, 25',8,11,NULL,NULL,NULL,12,NULL,NULL,NULL,1,NULL,2,NULL,3,NULL,14,NULL,NULL,'2012-06-19 17:40:28',NULL,NULL,NULL,NULL,NULL),
	(518,'BM_23152',2,NULL,87,61,'AbB 2, 40',8,11,NULL,NULL,NULL,12,NULL,NULL,NULL,1,NULL,2,NULL,3,NULL,14,NULL,NULL,'2012-06-19 17:40:28',NULL,NULL,NULL,NULL,NULL),
	(519,'BM_91070',2,NULL,101,NULL,'RIME.4.3.6.12',8,NULL,NULL,NULL,NULL,4,NULL,NULL,NULL,1,NULL,3,NULL,3,NULL,14,NULL,NULL,'2012-06-19 17:40:28',NULL,NULL,NULL,NULL,NULL),
	(520,'BM_54539',2,NULL,101,NULL,'RIME.4.3.6.12',8,NULL,NULL,NULL,NULL,4,'Records the building of a wall of Sippar commemorated in Hammu-rapi (Babylon) 43',NULL,NULL,1,NULL,3,NULL,3,NULL,14,NULL,NULL,'2012-06-19 17:40:28',NULL,NULL,NULL,NULL,NULL),
	(521,'BM_93777',2,NULL,87,61,'AbB 13, 32',8,11,NULL,NULL,NULL,12,'Recipient\'s name restored',NULL,NULL,1,NULL,2,NULL,3,NULL,14,NULL,NULL,'2012-06-19 17:40:28',NULL,NULL,NULL,NULL,NULL),
	(522,'A_1429-1982',2,NULL,NULL,NULL,'BCT 2, 200',18,NULL,NULL,NULL,NULL,12,NULL,NULL,NULL,1,NULL,1,NULL,3,NULL,18,NULL,NULL,'2012-06-19 17:40:28','4Bb',NULL,NULL,NULL,NULL),
	(523,'BM_130738',3,NULL,111,NULL,'Smith (1949)',13,NULL,NULL,NULL,NULL,11,'Due to the practicalities of photographing a statue, some allowance must be made for slight deviations in the scale of the images presented here.',NULL,NULL,3,NULL,3,NULL,4,NULL,NULL,NULL,NULL,'2012-06-19 17:40:28',NULL,NULL,NULL,NULL,NULL),
	(524,'BM_131447',2,NULL,111,NULL,'Wiseman (1953) no. 3',13,NULL,NULL,NULL,NULL,12,NULL,NULL,NULL,1,NULL,NULL,NULL,4,NULL,NULL,NULL,NULL,'2012-06-19 17:40:28',NULL,NULL,NULL,NULL,NULL),
	(525,'BM_131477',2,NULL,111,NULL,'Wiseman (1953) no. 70',13,NULL,NULL,NULL,NULL,12,NULL,NULL,NULL,1,NULL,1,NULL,4,NULL,NULL,NULL,NULL,'2012-06-19 17:40:28',NULL,NULL,NULL,NULL,NULL),
	(526,'A_9007',2,NULL,72,NULL,'RIME.4.5.9.1',8,NULL,NULL,NULL,NULL,3,NULL,NULL,NULL,2,NULL,3,NULL,3,NULL,6,NULL,NULL,'2012-06-19 17:40:28',NULL,NULL,NULL,NULL,NULL),
	(527,'A_9003',2,NULL,72,NULL,'RIME.4.5.14.2',8,NULL,NULL,NULL,NULL,3,NULL,NULL,NULL,2,NULL,3,NULL,3,NULL,6,NULL,NULL,'2012-06-19 17:40:28',NULL,NULL,NULL,NULL,NULL),
	(528,'A_8992',2,NULL,72,NULL,'RIME.4.5.4.1',8,NULL,NULL,NULL,NULL,3,NULL,NULL,NULL,2,NULL,3,NULL,3,NULL,6,NULL,NULL,'2012-06-19 17:40:28',NULL,NULL,NULL,NULL,NULL),
	(529,'BM_119043',2,NULL,104,NULL,'RIME.4.1.5.6',8,NULL,NULL,NULL,NULL,4,NULL,NULL,NULL,1,NULL,3,NULL,3,NULL,6,NULL,NULL,'2012-06-19 17:40:28',NULL,NULL,NULL,NULL,NULL),
	(530,'BM_117823',2,NULL,NULL,NULL,'RIME.4.1.5.3',8,NULL,NULL,NULL,NULL,4,NULL,NULL,NULL,1,NULL,3,NULL,3,NULL,6,NULL,NULL,'2012-06-19 17:40:28',NULL,NULL,NULL,NULL,NULL),
	(531,'BM_56594',2,NULL,101,NULL,'Bongenaar (1997) pp. 63-64',10,NULL,NULL,'10','4',12,NULL,NULL,546,1,NULL,1,NULL,3,NULL,2,NULL,NULL,'2012-06-19 17:40:28','10',NULL,NULL,NULL,NULL),
	(532,'BM_57170',2,NULL,101,NULL,'Bongenaar (1997) p. 117',10,NULL,NULL,'12','19',12,NULL,NULL,545,1,NULL,1,NULL,3,NULL,2,NULL,NULL,'2012-06-19 17:40:28','11',NULL,NULL,NULL,NULL),
	(533,'BM_91000',3,NULL,101,NULL,'King, BBS pp. 120-127, pls. XCVIII-CII',10,NULL,NULL,NULL,NULL,12,NULL,NULL,NULL,3,NULL,3,NULL,3,NULL,4,NULL,NULL,'2012-06-19 17:40:28',NULL,NULL,NULL,NULL,NULL),
	(534,'BM_57706',2,NULL,101,NULL,'Bongenaar (1997) pp. 393-394',10,NULL,NULL,NULL,NULL,12,NULL,NULL,NULL,1,NULL,1,NULL,3,NULL,2,NULL,NULL,'2012-06-19 17:40:28',NULL,NULL,NULL,NULL,NULL),
	(535,'Wx17',2,2,106,NULL,'AUWE 5, 68',11,NULL,NULL,'2','19',12,'Month uncertain',NULL,581,1,NULL,1,NULL,3,NULL,2,NULL,NULL,'2012-06-19 17:40:28','25',NULL,NULL,NULL,NULL),
	(536,'BM_113352',2,2,106,106,'unpublished',11,NULL,NULL,'7','6',12,NULL,NULL,521,1,NULL,1,NULL,3,NULL,1,NULL,NULL,'2012-06-19 17:40:28','1',NULL,NULL,NULL,NULL),
	(537,'VA_7881',3,NULL,60,NULL,'RIMA.0.82.1',13,NULL,NULL,NULL,NULL,14,NULL,NULL,NULL,3,NULL,3,NULL,2,NULL,NULL,NULL,NULL,'2012-06-19 17:40:28',NULL,NULL,NULL,NULL,NULL),
	(538,'BM_119036',2,NULL,104,NULL,'RIME.4.2.8.3',8,NULL,NULL,NULL,NULL,4,NULL,NULL,NULL,1,NULL,3,NULL,3,NULL,6,NULL,NULL,'2012-06-19 17:40:28',NULL,NULL,NULL,NULL,NULL),
	(539,'BM_119045',2,NULL,104,NULL,'RIME.4.2.8.3',8,NULL,NULL,NULL,NULL,4,NULL,NULL,NULL,1,NULL,3,NULL,3,NULL,6,NULL,NULL,'2012-06-19 17:40:28',NULL,NULL,NULL,NULL,NULL),
	(540,'BM_114342',2,NULL,71,NULL,'RIME.4.2.8.5',8,NULL,NULL,NULL,NULL,3,NULL,NULL,NULL,2,NULL,3,NULL,3,NULL,6,NULL,NULL,'2012-06-19 17:40:28',NULL,NULL,NULL,NULL,NULL),
	(541,'VA_8251',2,NULL,60,NULL,'RIMA.0.61.1',13,NULL,NULL,NULL,NULL,4,NULL,NULL,NULL,1,NULL,3,NULL,2,NULL,NULL,NULL,NULL,'2012-06-19 17:40:28',NULL,NULL,NULL,NULL,NULL),
	(542,'BM_14030',2,NULL,106,NULL,'UF 10 (1978) 124 no. 5',8,NULL,NULL,NULL,NULL,12,NULL,NULL,NULL,1,NULL,1,NULL,3,NULL,6,NULL,NULL,'2012-06-19 17:40:28',NULL,NULL,NULL,NULL,NULL),
	(543,'BM_14070',2,NULL,106,NULL,'UF 10 (1978) 124 no. 15',8,NULL,NULL,NULL,NULL,12,NULL,NULL,NULL,1,NULL,1,NULL,3,NULL,6,NULL,NULL,'2012-06-19 17:40:28',NULL,NULL,NULL,NULL,NULL),
	(544,'BM_14082',2,NULL,106,NULL,'UF 10 (1978) 124 no. 24',8,NULL,NULL,NULL,NULL,12,NULL,NULL,NULL,1,NULL,1,NULL,3,NULL,6,NULL,NULL,'2012-06-19 17:40:28',NULL,NULL,NULL,NULL,NULL),
	(545,'BM_14030_seal',2,NULL,106,NULL,'UF 10 (1978) 124 no. 5',8,NULL,NULL,NULL,NULL,12,NULL,NULL,NULL,2,NULL,4,NULL,3,NULL,6,NULL,NULL,'2012-06-19 17:40:28',NULL,NULL,NULL,NULL,NULL),
	(546,'BM_14070_seal',2,NULL,106,NULL,'UF 10 (1978) 124 no. 15',8,NULL,NULL,NULL,NULL,12,'cylinder seal impression on BM 14070',NULL,NULL,2,NULL,4,NULL,3,NULL,6,NULL,NULL,'2012-06-19 17:40:28',NULL,NULL,NULL,NULL,NULL),
	(547,'BM_116423',2,NULL,104,NULL,'RIME.4.2.14.5',8,NULL,NULL,NULL,NULL,4,NULL,NULL,NULL,1,NULL,3,NULL,3,NULL,6,NULL,NULL,'2012-06-19 17:40:28',NULL,NULL,NULL,NULL,NULL),
	(548,'BM_80128_seal',2,NULL,101,NULL,'CT 48 no. 21',8,NULL,NULL,NULL,NULL,6,'cylinder seal impressions on BM 80128',NULL,NULL,2,NULL,4,NULL,3,NULL,6,NULL,NULL,'2012-06-19 17:40:28',NULL,NULL,NULL,NULL,NULL),
	(549,'BM_96952',2,NULL,NULL,NULL,'RIME.4.3.6.11',8,NULL,NULL,NULL,NULL,12,'Copy of a Hammu-rapi (Babylon) inscription',NULL,1737,1,NULL,3,NULL,3,NULL,14,NULL,NULL,'2012-06-19 17:40:28','14',NULL,NULL,NULL,NULL),
	(550,'BM_91083',3,NULL,101,NULL,'RIME.4.3.7.5',8,NULL,NULL,NULL,NULL,12,NULL,NULL,NULL,3,NULL,3,NULL,3,NULL,14,NULL,NULL,'2012-06-19 17:40:28',NULL,NULL,NULL,NULL,NULL),
	(551,'BM_81562',2,NULL,NULL,NULL,'Kraus (1984) p. 372 (16)',8,NULL,NULL,'11','12',12,NULL,NULL,1737,1,NULL,1,NULL,3,NULL,14,NULL,NULL,'2012-06-19 17:40:28','14',NULL,NULL,NULL,NULL),
	(552,'BM_81596',2,NULL,NULL,NULL,'Kraus (1984) p. 372 (14)',8,NULL,NULL,'9','18',12,NULL,NULL,1733,1,NULL,1,NULL,3,NULL,14,NULL,NULL,'2012-06-19 17:40:28','18',NULL,NULL,NULL,NULL),
	(553,'BM_81650',2,NULL,NULL,NULL,'Kraus (1984) p. 375 (21)',8,NULL,NULL,'8',NULL,12,NULL,NULL,1745,1,NULL,1,NULL,3,NULL,14,NULL,NULL,'2012-06-19 17:40:28','6',NULL,NULL,NULL,NULL),
	(554,'BM_81388',2,NULL,NULL,NULL,'Kraus (1984) p. 373 (18)',8,NULL,NULL,'5','6',12,NULL,NULL,1734,1,NULL,1,NULL,3,NULL,14,NULL,NULL,'2012-06-19 17:40:28','17',NULL,NULL,NULL,NULL),
	(555,'BM_81552',2,NULL,NULL,NULL,'Kraus (1984) pp. 372-373 (17)',8,NULL,NULL,'11','9',12,NULL,NULL,1734,1,NULL,1,NULL,3,NULL,14,NULL,NULL,'2012-06-19 17:40:28','17',NULL,NULL,NULL,NULL),
	(556,'BM_17290',2,NULL,101,NULL,'Jeyes (1989) no. 3',8,NULL,NULL,NULL,NULL,12,NULL,NULL,NULL,1,NULL,NULL,NULL,3,NULL,14,NULL,NULL,'2012-06-19 17:40:28',NULL,NULL,NULL,NULL,NULL),
	(557,'K_533',2,NULL,93,NULL,'SAA 1, 11',14,NULL,NULL,NULL,NULL,12,NULL,NULL,NULL,1,NULL,2,NULL,2,NULL,17,NULL,NULL,'2012-06-19 17:40:28',NULL,NULL,NULL,NULL,NULL),
	(558,'K_686',2,NULL,93,58,'SAA 1, 45',14,NULL,NULL,NULL,NULL,12,NULL,NULL,NULL,1,NULL,2,NULL,2,NULL,17,NULL,NULL,'2012-06-19 17:40:28',NULL,NULL,NULL,NULL,NULL),
	(559,'K_592',2,NULL,93,NULL,'SAA 1, 5',14,NULL,NULL,NULL,NULL,12,NULL,NULL,NULL,1,NULL,2,NULL,2,NULL,17,NULL,NULL,'2012-06-19 17:40:28',NULL,NULL,NULL,NULL,NULL),
	(560,'Sm_2115',2,NULL,93,NULL,'RIMA.0.77.17',13,NULL,NULL,NULL,NULL,1,NULL,NULL,NULL,1,NULL,3,NULL,2,NULL,NULL,NULL,NULL,'2012-06-19 17:40:28',NULL,NULL,NULL,NULL,NULL),
	(561,'BM_122669',2,NULL,93,NULL,'RIMA.0.77.17',13,NULL,NULL,NULL,NULL,1,NULL,NULL,NULL,1,NULL,3,NULL,2,NULL,NULL,NULL,NULL,'2012-06-19 17:40:28',NULL,NULL,NULL,NULL,NULL),
	(562,'BM_123455',2,NULL,93,NULL,'RIMA.0.77.18',13,NULL,NULL,NULL,NULL,1,NULL,NULL,NULL,1,NULL,3,NULL,2,NULL,NULL,NULL,NULL,'2012-06-19 17:40:28',NULL,NULL,NULL,NULL,NULL),
	(563,'BM_99332',3,NULL,93,NULL,'RIMA.0.39.2',12,NULL,NULL,NULL,NULL,5,NULL,NULL,NULL,3,NULL,3,NULL,2,NULL,NULL,NULL,NULL,'2012-06-19 17:40:28',NULL,NULL,NULL,NULL,NULL),
	(564,'Rm2_427',3,NULL,93,NULL,'SAA 2, 1',14,NULL,NULL,NULL,NULL,12,NULL,NULL,NULL,3,NULL,NULL,NULL,2,NULL,3,NULL,NULL,'2012-06-19 17:40:28',NULL,NULL,NULL,NULL,NULL),
	(565,'A_1122-1982',2,NULL,103,NULL,'BCT 2, 37',18,NULL,NULL,NULL,NULL,12,NULL,NULL,NULL,1,NULL,1,NULL,3,NULL,18,NULL,NULL,'2012-06-19 17:40:28','4Bi',NULL,NULL,NULL,NULL),
	(566,'A_1122-1982_seal',2,NULL,103,NULL,'BCT 2, S9',18,NULL,NULL,NULL,NULL,12,NULL,NULL,NULL,2,NULL,4,NULL,3,NULL,18,NULL,NULL,'2012-06-19 17:40:28',NULL,NULL,NULL,NULL,NULL),
	(567,'BM_90005',2,NULL,104,NULL,'RIME.3/2.1.2.39',18,NULL,NULL,NULL,NULL,3,'scale 4:1',NULL,NULL,1,NULL,3,NULL,3,NULL,18,NULL,NULL,'2012-06-19 17:40:28',NULL,NULL,NULL,NULL,NULL),
	(568,'BM_90017',2,NULL,104,NULL,'RIME.4.1.2.39',18,NULL,NULL,NULL,NULL,3,NULL,NULL,NULL,1,NULL,3,NULL,3,NULL,18,NULL,NULL,'2012-06-19 17:40:28',NULL,NULL,NULL,NULL,NULL),
	(569,'BM_91082',3,NULL,NULL,NULL,'RIME.4.4.3.1',8,NULL,NULL,NULL,NULL,12,NULL,NULL,NULL,3,NULL,3,NULL,3,NULL,6,NULL,NULL,'2012-06-19 17:40:28',NULL,NULL,NULL,NULL,NULL),
	(570,'BM_122939',2,NULL,104,NULL,'RIME.4.2.9.6',8,NULL,NULL,NULL,NULL,4,NULL,NULL,NULL,1,NULL,3,NULL,3,NULL,6,NULL,NULL,'2012-06-19 17:40:28',NULL,NULL,NULL,NULL,NULL),
	(571,'BM_120524',2,NULL,104,NULL,'RIME.4.2.7.2',8,NULL,NULL,NULL,NULL,4,NULL,NULL,NULL,1,NULL,3,NULL,3,NULL,6,NULL,NULL,'2012-06-19 17:40:28',NULL,NULL,NULL,NULL,NULL),
	(572,'VAT_9652',2,NULL,60,NULL,'Roth (1997) MAPD source F',13,NULL,NULL,NULL,NULL,12,NULL,NULL,NULL,1,NULL,NULL,NULL,2,NULL,NULL,NULL,NULL,'2012-06-19 17:40:28',NULL,NULL,NULL,NULL,NULL),
	(573,'VAT_10001',2,NULL,60,NULL,'Roth (1997) MAL B',13,NULL,NULL,NULL,NULL,12,NULL,NULL,NULL,1,NULL,NULL,NULL,2,NULL,NULL,NULL,NULL,'2012-06-19 17:40:28',NULL,NULL,NULL,NULL,NULL),
	(574,'VAT_9629',2,NULL,60,NULL,'Roth (1997) MAPD source A',13,NULL,NULL,NULL,NULL,12,NULL,NULL,NULL,1,NULL,NULL,NULL,2,NULL,NULL,NULL,NULL,'2012-06-19 17:40:28',NULL,NULL,NULL,NULL,NULL),
	(575,'VAT_9140',2,NULL,60,NULL,'Roth (1997) MAPD source G',13,NULL,NULL,NULL,NULL,12,NULL,NULL,NULL,1,NULL,NULL,NULL,2,NULL,NULL,NULL,NULL,'2012-06-19 17:40:28',NULL,NULL,NULL,NULL,NULL),
	(576,'BM_114263',3,NULL,60,NULL,'RIMA.0.78.16',13,NULL,NULL,NULL,NULL,12,NULL,NULL,NULL,3,NULL,3,NULL,2,NULL,NULL,NULL,NULL,'2012-06-19 17:40:28',NULL,NULL,NULL,NULL,NULL),
	(577,'56_9-9_162',2,NULL,NULL,NULL,'RIMA.0.78.20',13,NULL,NULL,NULL,NULL,4,NULL,NULL,NULL,1,NULL,3,NULL,2,NULL,NULL,NULL,NULL,'2012-06-19 17:40:28',NULL,NULL,NULL,NULL,NULL),
	(578,'BM_90000',2,NULL,104,NULL,'RIME.3/2.1.1.12',18,NULL,NULL,NULL,NULL,3,'scale 4:1',NULL,NULL,1,NULL,3,NULL,3,NULL,18,NULL,NULL,'2012-06-19 17:40:28',NULL,NULL,NULL,NULL,NULL),
	(579,'BM_90001',2,NULL,87,NULL,'RIME.3/2.1.1.35',18,NULL,NULL,NULL,NULL,3,'scale 4:1',NULL,NULL,1,NULL,3,NULL,3,NULL,18,NULL,NULL,'2012-06-19 17:40:28',NULL,NULL,NULL,NULL,NULL),
	(580,'BM_90006',2,NULL,106,NULL,'RIME.3/2.1.1.33',18,NULL,NULL,NULL,NULL,3,'scale 4:1',NULL,NULL,1,NULL,3,NULL,3,NULL,18,NULL,NULL,'2012-06-19 17:40:28',NULL,NULL,NULL,NULL,NULL),
	(581,'BM_90007',2,NULL,106,NULL,'RIME.3/2.1.1.33',18,NULL,NULL,NULL,NULL,3,'scale 4:1',NULL,NULL,1,NULL,3,NULL,3,NULL,18,NULL,NULL,'2012-06-19 17:40:28',NULL,NULL,NULL,NULL,NULL),
	(582,'BM_90009',2,NULL,104,NULL,'RIME.3/2.1.1.4',18,NULL,NULL,NULL,NULL,3,'scale 4:1',NULL,NULL,1,NULL,3,NULL,3,NULL,18,NULL,NULL,'2012-06-19 17:40:28',NULL,NULL,NULL,NULL,NULL),
	(583,'BM_90010',2,NULL,106,NULL,'RIME.4.1.1.33',18,NULL,NULL,NULL,NULL,3,NULL,NULL,NULL,1,NULL,3,NULL,3,NULL,18,NULL,NULL,'2012-06-19 17:40:28',NULL,NULL,NULL,NULL,NULL),
	(584,'BM_90011',2,NULL,104,NULL,'RIME.4.1.1.4',18,NULL,NULL,NULL,NULL,3,NULL,NULL,NULL,1,NULL,3,NULL,3,NULL,18,NULL,NULL,'2012-06-19 17:40:28',NULL,NULL,NULL,NULL,NULL),
	(585,'BM_90015',2,NULL,106,NULL,'RIME.4.1.1.33',18,NULL,NULL,NULL,NULL,3,NULL,NULL,NULL,1,NULL,3,NULL,3,NULL,18,NULL,NULL,'2012-06-19 17:40:28',NULL,NULL,NULL,NULL,NULL),
	(586,'BM_90016',2,NULL,87,NULL,'RIME.4.1.1.35',18,NULL,NULL,NULL,NULL,3,NULL,NULL,NULL,1,NULL,3,NULL,3,NULL,18,NULL,NULL,'2012-06-19 17:40:28',NULL,NULL,NULL,NULL,NULL),
	(587,'BM_91149',2,NULL,NULL,NULL,'RIME.4.2.13.16',8,NULL,NULL,NULL,NULL,4,NULL,NULL,NULL,1,NULL,3,NULL,3,NULL,6,NULL,NULL,'2012-06-19 17:40:28',NULL,NULL,NULL,NULL,NULL),
	(588,'BM_30069',2,NULL,104,NULL,'RIME.4.2.13.1',8,NULL,NULL,NULL,NULL,4,NULL,NULL,NULL,1,NULL,3,NULL,3,NULL,6,NULL,NULL,'2012-06-19 17:40:28',NULL,NULL,NULL,NULL,NULL),
	(589,'BM_131505',2,NULL,111,NULL,'Wiseman (1953) no. 126',8,NULL,NULL,NULL,NULL,12,NULL,NULL,NULL,1,NULL,NULL,NULL,4,NULL,NULL,NULL,NULL,'2012-06-19 17:40:28',NULL,NULL,NULL,NULL,NULL),
	(590,'BM_113556',2,1,85,60,'MVAG 35,3 (1935) pp. 105 f.',12,NULL,NULL,NULL,NULL,12,NULL,NULL,NULL,1,NULL,2,NULL,1,NULL,NULL,NULL,NULL,'2012-06-19 17:40:28',NULL,NULL,NULL,NULL,NULL),
	(591,'BM_115110',2,1,85,60,'MVAG 35,3 (1935) pp. 106 f.',12,NULL,NULL,NULL,NULL,12,NULL,NULL,NULL,1,NULL,2,NULL,1,NULL,NULL,NULL,NULL,'2012-06-19 17:40:28',NULL,NULL,NULL,NULL,NULL),
	(592,'CBS_14148',2,NULL,94,NULL,'MSL 14 p. 19: Br',8,NULL,NULL,NULL,NULL,12,'Proto-Ea, type II/2',NULL,NULL,1,NULL,5,NULL,3,NULL,14,NULL,NULL,'2012-06-19 17:40:28',NULL,NULL,NULL,NULL,NULL),
	(593,'CBS_15412',2,NULL,94,NULL,'MSL 14 p. 29: Bh',8,NULL,NULL,NULL,NULL,12,'Proto_Ea, type II/2',NULL,NULL,1,NULL,5,NULL,3,NULL,14,NULL,NULL,'2012-06-19 17:40:28',NULL,NULL,NULL,NULL,NULL),
	(594,'CBS_6923',2,NULL,94,NULL,'MSL 14 p. 20: Cg',8,NULL,NULL,NULL,NULL,12,'Proto-Ea, type II/2',NULL,NULL,1,NULL,5,NULL,3,NULL,14,NULL,NULL,'2012-06-19 17:40:28',NULL,NULL,NULL,NULL,NULL),
	(595,'CBS_7072',2,NULL,94,NULL,'MSL 14 p. 20: Ck',8,NULL,NULL,NULL,NULL,12,'Proto_Ea, type II/1 and II/2',NULL,NULL,1,NULL,5,NULL,3,NULL,14,NULL,NULL,'2012-06-19 17:40:28',NULL,NULL,NULL,NULL,NULL),
	(596,'CBS_7086',2,NULL,94,NULL,'MSL 14 p. 19: Bo, 20: Co',8,NULL,NULL,NULL,NULL,12,'Proto-Ea, type II/1 (Bo), II/2 (Co)',NULL,NULL,1,NULL,5,NULL,3,NULL,14,NULL,NULL,'2012-06-19 17:40:28',NULL,NULL,NULL,NULL,NULL),
	(597,'CBS_7087',2,NULL,94,NULL,'MSL 14 p. 19: Bw',8,NULL,NULL,NULL,NULL,12,NULL,NULL,NULL,1,NULL,5,NULL,3,NULL,14,NULL,NULL,'2012-06-19 17:40:28',NULL,NULL,NULL,NULL,NULL),
	(598,'N_3996',2,NULL,94,NULL,'MSL 14 p. 19: Bk',8,NULL,NULL,NULL,NULL,12,'Proto-Ea, type II/2',NULL,NULL,1,NULL,5,NULL,3,NULL,14,NULL,NULL,'2012-06-19 17:40:28',NULL,NULL,NULL,NULL,NULL),
	(599,'N_4030',2,NULL,94,NULL,'MSL 14 p. 19: Cb',8,NULL,NULL,NULL,NULL,12,'Proto-Ea,type III',NULL,NULL,1,NULL,5,NULL,3,NULL,14,NULL,NULL,'2012-06-19 17:40:28',NULL,NULL,NULL,NULL,NULL),
	(600,'N_4949',2,NULL,94,NULL,'MSL 14 p. 19: Bu',8,NULL,NULL,NULL,NULL,12,'Proto_Ea, type II/2',NULL,NULL,1,NULL,5,NULL,3,NULL,14,NULL,NULL,'2012-06-19 17:40:28',NULL,NULL,NULL,NULL,NULL),
	(601,'N_5087',2,NULL,94,NULL,'MSL 14 p. 19: Bw',8,NULL,NULL,NULL,NULL,12,'Proto-Ea, type II/1,',NULL,NULL,1,NULL,5,NULL,3,NULL,14,NULL,NULL,'2012-06-19 17:40:28',NULL,NULL,NULL,NULL,NULL),
	(602,'N_5243',2,NULL,94,NULL,'MSL 14 p. 19: Bz',8,NULL,NULL,NULL,NULL,12,'Proto-Ea, type unknown',NULL,NULL,1,NULL,5,NULL,3,NULL,14,NULL,NULL,'2012-06-19 17:40:28',NULL,NULL,NULL,NULL,NULL),
	(603,'N_6210',2,NULL,94,NULL,'MSL 14 p. 20: Cu',8,NULL,NULL,NULL,NULL,12,'Proto-Ea, type II/2',NULL,NULL,1,NULL,5,NULL,3,NULL,14,NULL,NULL,'2012-06-19 17:40:28',NULL,NULL,NULL,NULL,NULL),
	(604,'BM_113313',2,NULL,85,60,'Larsen, OACT p. 90 f.',12,NULL,NULL,NULL,NULL,12,NULL,NULL,NULL,1,NULL,2,NULL,1,NULL,NULL,NULL,NULL,'2012-06-19 17:40:28',NULL,NULL,NULL,NULL,NULL),
	(605,'CBS_10180',2,NULL,94,NULL,NULL,8,NULL,NULL,NULL,NULL,12,NULL,NULL,NULL,1,NULL,5,NULL,3,NULL,14,NULL,NULL,'2012-06-19 17:40:28',NULL,NULL,NULL,NULL,NULL),
	(606,'CBS_11387',2,NULL,94,NULL,'MSL 14 p. 21: De',8,NULL,NULL,NULL,NULL,12,'Proto_Ea, Type I',NULL,NULL,1,NULL,5,NULL,3,NULL,14,NULL,NULL,'2012-06-19 17:40:28',NULL,NULL,NULL,NULL,NULL),
	(607,'UET_6/3_452',2,NULL,104,NULL,'Alster (1997) p. 328',8,NULL,NULL,NULL,NULL,12,'SP, type IV',NULL,NULL,1,NULL,5,NULL,3,NULL,14,NULL,NULL,'2012-06-19 17:40:28',NULL,NULL,NULL,NULL,NULL),
	(608,'UET_6/3_378',2,NULL,104,NULL,'Alster (1997) p. 328',8,NULL,NULL,NULL,NULL,12,'SP, type IV',NULL,NULL,1,NULL,5,NULL,3,NULL,14,NULL,NULL,'2012-06-19 17:40:28',NULL,NULL,NULL,NULL,NULL),
	(609,'1923_339',2,NULL,NULL,NULL,'Alster (1997) 12 Sec.D',8,NULL,NULL,NULL,NULL,12,NULL,NULL,NULL,1,NULL,5,NULL,3,NULL,14,NULL,NULL,'2012-06-19 17:40:28',NULL,NULL,NULL,NULL,NULL),
	(610,'1924_1342',2,NULL,83,NULL,'MSL SS 1 p. 109',8,NULL,NULL,NULL,NULL,12,'Proto-Lu',NULL,NULL,1,NULL,5,NULL,3,NULL,NULL,NULL,NULL,'2012-06-19 17:40:28',NULL,NULL,NULL,NULL,NULL),
	(611,'1932_392',2,NULL,83,NULL,'MSL SS 1 p. 108',8,NULL,NULL,NULL,NULL,12,'Proto-Lu, type I',NULL,NULL,1,NULL,5,NULL,3,NULL,NULL,NULL,NULL,'2012-06-19 17:40:28',NULL,NULL,NULL,NULL,NULL),
	(612,'BM_87572',2,NULL,NULL,NULL,'Jeyes (1989) no. 17',8,NULL,NULL,NULL,NULL,12,NULL,NULL,NULL,1,NULL,NULL,NULL,3,NULL,14,NULL,NULL,'2012-06-19 17:40:28',NULL,NULL,NULL,NULL,NULL),
	(613,'BM_131506',2,NULL,111,NULL,'Wiseman (1953) no. 128',13,NULL,NULL,NULL,NULL,12,NULL,NULL,NULL,1,NULL,1,NULL,4,NULL,NULL,NULL,NULL,'2012-06-19 17:40:28',NULL,NULL,NULL,NULL,NULL),
	(614,'BM_131463',2,NULL,111,NULL,'Wiseman (1953) no. 40',8,NULL,NULL,NULL,NULL,12,NULL,NULL,NULL,1,NULL,1,NULL,4,NULL,NULL,NULL,NULL,'2012-06-19 17:40:28',NULL,NULL,NULL,NULL,NULL),
	(615,'CBS_2256',2,NULL,94,NULL,NULL,8,NULL,NULL,NULL,NULL,12,NULL,NULL,NULL,1,NULL,5,NULL,3,NULL,14,NULL,NULL,'2012-06-19 17:40:28',NULL,NULL,NULL,NULL,NULL),
	(616,'CBS_6972',2,NULL,94,NULL,NULL,8,NULL,NULL,NULL,NULL,12,NULL,NULL,NULL,1,NULL,5,NULL,3,NULL,14,NULL,NULL,'2012-06-19 17:40:28',NULL,NULL,NULL,NULL,NULL),
	(617,'CBS_8066',2,NULL,94,NULL,NULL,8,NULL,NULL,NULL,NULL,12,NULL,NULL,NULL,1,NULL,5,NULL,3,NULL,14,NULL,NULL,'2012-06-19 17:40:28',NULL,NULL,NULL,NULL,NULL),
	(618,'CBS_8298',2,NULL,94,NULL,NULL,8,NULL,NULL,NULL,NULL,12,NULL,NULL,NULL,1,NULL,5,NULL,3,NULL,14,NULL,NULL,'2012-06-19 17:40:28',NULL,NULL,NULL,NULL,NULL),
	(619,'N_5044',2,NULL,94,NULL,NULL,8,NULL,NULL,NULL,NULL,12,NULL,NULL,NULL,1,NULL,5,NULL,3,NULL,14,NULL,NULL,'2012-06-19 17:40:28',NULL,NULL,NULL,NULL,NULL),
	(620,'N_5129',2,NULL,94,NULL,NULL,8,NULL,NULL,NULL,NULL,12,NULL,NULL,NULL,1,NULL,5,NULL,3,NULL,14,NULL,NULL,'2012-06-19 17:40:28',NULL,NULL,NULL,NULL,NULL),
	(621,'N_5553',2,NULL,94,NULL,NULL,8,NULL,NULL,NULL,NULL,12,NULL,NULL,NULL,1,NULL,5,NULL,3,NULL,14,NULL,NULL,'2012-06-19 17:40:28',NULL,NULL,NULL,NULL,NULL),
	(622,'N_5914',2,NULL,94,NULL,NULL,8,NULL,NULL,NULL,NULL,12,NULL,NULL,NULL,1,NULL,5,NULL,3,NULL,14,NULL,NULL,'2012-06-19 17:40:28',NULL,NULL,NULL,NULL,NULL),
	(623,'N_6013',2,NULL,94,NULL,NULL,8,NULL,NULL,NULL,NULL,12,NULL,NULL,NULL,1,NULL,5,NULL,3,NULL,14,NULL,NULL,'2012-06-19 17:40:28',NULL,NULL,NULL,NULL,NULL),
	(624,'UM_29_15_888',2,NULL,94,NULL,NULL,8,NULL,NULL,NULL,NULL,12,NULL,NULL,NULL,1,NULL,5,NULL,3,NULL,14,NULL,NULL,'2012-06-19 17:40:28',NULL,NULL,NULL,NULL,NULL),
	(625,'UM_29_15_964',2,NULL,94,NULL,NULL,8,NULL,NULL,NULL,NULL,12,NULL,NULL,NULL,1,NULL,5,NULL,3,NULL,14,NULL,NULL,'2012-06-19 17:40:28',NULL,NULL,NULL,NULL,NULL),
	(626,'K_7697',2,1,93,NULL,'MSL 16 p. 74',14,NULL,NULL,NULL,NULL,12,'K 7694 + K 8870',NULL,NULL,1,NULL,5,NULL,2,NULL,NULL,NULL,NULL,'2012-06-19 17:40:28',NULL,NULL,NULL,NULL,NULL),
	(627,'K_14443',2,1,93,NULL,'MSL 16 p. 74',14,NULL,NULL,NULL,NULL,12,NULL,NULL,NULL,1,NULL,5,NULL,2,NULL,NULL,NULL,NULL,'2012-06-19 17:40:28',NULL,NULL,NULL,NULL,NULL),
	(628,'BM_68332',2,2,61,NULL,NULL,10,NULL,NULL,NULL,NULL,12,NULL,NULL,NULL,1,NULL,5,NULL,3,NULL,NULL,NULL,NULL,'2012-06-19 17:40:28',NULL,NULL,NULL,NULL,NULL),
	(629,'BM_37857',2,2,61,NULL,'MSL 16 p. 74',10,NULL,NULL,NULL,NULL,12,NULL,NULL,NULL,1,NULL,5,NULL,3,NULL,NULL,NULL,NULL,'2012-06-19 17:40:28',NULL,NULL,NULL,NULL,NULL),
	(630,'BM_40819',2,2,61,NULL,NULL,10,NULL,NULL,NULL,NULL,12,NULL,NULL,NULL,1,NULL,5,NULL,3,NULL,NULL,NULL,NULL,'2012-06-19 17:40:28',NULL,NULL,NULL,NULL,NULL),
	(631,'K_8431',2,1,93,NULL,'MSL 16 p. 105',14,NULL,NULL,NULL,NULL,12,NULL,NULL,NULL,1,NULL,5,NULL,2,NULL,NULL,NULL,NULL,'2012-06-19 17:40:28',NULL,NULL,NULL,NULL,NULL),
	(632,'CBS_10365',2,NULL,94,NULL,NULL,8,NULL,NULL,NULL,NULL,12,'Proto-Lu',NULL,NULL,1,NULL,5,NULL,3,NULL,14,NULL,NULL,'2012-06-19 17:40:28',NULL,NULL,NULL,NULL,NULL),
	(633,'CBS_12515',2,NULL,94,NULL,NULL,8,NULL,NULL,NULL,NULL,12,'Proto-Lu',NULL,NULL,1,NULL,5,NULL,3,NULL,14,NULL,NULL,'2012-06-19 17:40:28',NULL,NULL,NULL,NULL,NULL),
	(634,'CBS_13667',2,NULL,94,NULL,NULL,8,NULL,NULL,NULL,NULL,12,'Proto-Lu',NULL,NULL,1,NULL,5,NULL,3,NULL,14,NULL,NULL,'2012-06-19 17:40:28',NULL,NULL,NULL,NULL,NULL),
	(635,'CBS_14108',2,NULL,94,NULL,NULL,8,NULL,NULL,NULL,NULL,12,'Proto-Lu',NULL,NULL,1,NULL,5,NULL,3,NULL,14,NULL,NULL,'2012-06-19 17:40:28',NULL,NULL,NULL,NULL,NULL),
	(636,'CBS_15100',2,NULL,94,NULL,NULL,8,NULL,NULL,NULL,NULL,12,'Proto-Lu',NULL,NULL,1,NULL,5,NULL,3,NULL,14,NULL,NULL,'2012-06-19 17:40:28',NULL,NULL,NULL,NULL,NULL),
	(637,'CBS_4812',2,NULL,94,NULL,NULL,8,NULL,NULL,NULL,NULL,12,'Proto-Lu',NULL,NULL,1,NULL,5,NULL,3,NULL,14,NULL,NULL,'2012-06-19 17:40:28',NULL,NULL,NULL,NULL,NULL),
	(638,'CBS_6591',2,NULL,94,NULL,NULL,8,NULL,NULL,NULL,NULL,12,'Proto-Lu',NULL,NULL,1,NULL,5,NULL,3,NULL,14,NULL,NULL,'2012-06-19 17:40:28',NULL,NULL,NULL,NULL,NULL),
	(639,'CBS_7074',2,NULL,94,NULL,NULL,8,NULL,NULL,NULL,NULL,12,'Proto-Lu',NULL,NULL,1,NULL,5,NULL,3,NULL,14,NULL,NULL,'2012-06-19 17:40:28',NULL,NULL,NULL,NULL,NULL),
	(640,'CBS_7130',2,NULL,94,NULL,'Alster (1997) pl.65',8,NULL,NULL,NULL,NULL,12,NULL,NULL,NULL,1,NULL,5,NULL,3,NULL,14,NULL,NULL,'2012-06-19 17:40:28',NULL,NULL,NULL,NULL,NULL),
	(641,'CBS_7877',2,NULL,94,NULL,NULL,8,NULL,NULL,NULL,NULL,12,'Proto-Lu',NULL,NULL,1,NULL,5,NULL,3,NULL,14,NULL,NULL,'2012-06-19 17:40:28',NULL,NULL,NULL,NULL,NULL),
	(642,'CBS_7993',2,NULL,94,NULL,NULL,8,NULL,NULL,NULL,NULL,12,'Proto-Lu',NULL,NULL,1,NULL,5,NULL,3,NULL,14,NULL,NULL,'2012-06-19 17:40:28',NULL,NULL,NULL,NULL,NULL),
	(643,'CBS_9847',2,NULL,94,NULL,NULL,8,NULL,NULL,NULL,NULL,12,'Proto-Lu',NULL,NULL,1,NULL,5,NULL,3,NULL,14,NULL,NULL,'2012-06-19 17:40:28',NULL,NULL,NULL,NULL,NULL),
	(644,'N_4577',2,NULL,94,NULL,NULL,8,NULL,NULL,NULL,NULL,12,'Proto-Lu',NULL,NULL,1,NULL,5,NULL,3,NULL,14,NULL,NULL,'2012-06-19 17:40:28',NULL,NULL,NULL,NULL,NULL),
	(645,'N_4909',2,NULL,94,NULL,NULL,8,NULL,NULL,NULL,NULL,12,'Proto-Lu',NULL,NULL,1,NULL,5,NULL,3,NULL,14,NULL,NULL,'2012-06-19 17:40:28',NULL,NULL,NULL,NULL,NULL),
	(646,'N_5047',2,NULL,94,NULL,NULL,8,NULL,NULL,NULL,NULL,12,'Proto-Lu',NULL,NULL,1,NULL,5,NULL,3,NULL,14,NULL,NULL,'2012-06-19 17:40:28',NULL,NULL,NULL,NULL,NULL),
	(647,'N_5169',2,NULL,94,NULL,NULL,8,NULL,NULL,NULL,NULL,12,'Proto-Lu',NULL,NULL,1,NULL,5,NULL,3,NULL,14,NULL,NULL,'2012-06-19 17:40:28',NULL,NULL,NULL,NULL,NULL),
	(648,'N_5384',2,NULL,94,NULL,NULL,8,NULL,NULL,NULL,NULL,12,'Proto-Lu',NULL,NULL,1,NULL,5,NULL,3,NULL,14,NULL,NULL,'2012-06-19 17:40:28',NULL,NULL,NULL,NULL,NULL),
	(649,'N_5458',2,NULL,94,NULL,NULL,8,NULL,NULL,NULL,NULL,12,'Proto-Lu',NULL,NULL,1,NULL,5,NULL,3,NULL,14,NULL,NULL,'2012-06-19 17:40:28',NULL,NULL,NULL,NULL,NULL),
	(650,'N_5910',2,NULL,94,NULL,NULL,8,NULL,NULL,NULL,NULL,12,'Proto-Lu',NULL,NULL,1,NULL,5,NULL,3,NULL,14,NULL,NULL,'2012-06-19 17:40:28',NULL,NULL,NULL,NULL,NULL),
	(651,'N_6006',2,NULL,94,NULL,NULL,8,NULL,NULL,NULL,NULL,12,'Proto-Lu',NULL,NULL,1,NULL,5,NULL,3,NULL,14,NULL,NULL,'2012-06-19 17:40:28',NULL,NULL,NULL,NULL,NULL),
	(652,'BM_38622',2,2,61,NULL,'MSL 16 p. 133',10,NULL,NULL,NULL,NULL,12,NULL,NULL,NULL,1,NULL,5,NULL,3,NULL,NULL,NULL,NULL,'2012-06-19 17:40:28',NULL,NULL,NULL,NULL,NULL),
	(653,'UM_29_15_938',2,NULL,94,NULL,NULL,8,NULL,NULL,NULL,NULL,12,'Proto-Lu',NULL,NULL,1,NULL,5,NULL,3,NULL,14,NULL,NULL,'2012-06-19 17:40:28',NULL,NULL,NULL,NULL,NULL),
	(654,'UM_29_15_513',2,NULL,94,NULL,NULL,8,NULL,NULL,NULL,NULL,12,'Proto-Lu',NULL,NULL,1,NULL,5,NULL,3,NULL,14,NULL,NULL,'2012-06-19 17:40:28',NULL,NULL,NULL,NULL,NULL),
	(655,'UM_29_15_939',2,NULL,94,NULL,NULL,8,NULL,NULL,NULL,NULL,12,'Proto-Lu, Proto-Ea',NULL,NULL,1,NULL,5,NULL,3,NULL,14,NULL,NULL,'2012-06-19 17:40:28',NULL,NULL,NULL,NULL,NULL),
	(656,'UM_55_21_392',2,NULL,94,NULL,NULL,8,NULL,NULL,NULL,NULL,12,'Proto-Lu',NULL,NULL,1,NULL,5,NULL,3,NULL,14,NULL,NULL,'2012-06-19 17:40:28',NULL,NULL,NULL,NULL,NULL),
	(657,'UM_55_21_418',2,NULL,94,NULL,NULL,8,NULL,NULL,NULL,NULL,12,'Proto-Lu',NULL,NULL,1,NULL,5,NULL,3,NULL,14,NULL,NULL,'2012-06-19 17:40:28',NULL,NULL,NULL,NULL,NULL),
	(658,'N_6228',2,NULL,94,NULL,NULL,8,NULL,NULL,NULL,NULL,12,'Proto-Ea',NULL,NULL,1,NULL,5,NULL,3,NULL,14,NULL,NULL,'2012-06-19 17:40:28',NULL,NULL,NULL,NULL,NULL),
	(659,'UM_29_16_610',2,NULL,94,NULL,NULL,8,NULL,NULL,NULL,NULL,12,'Proto-Lu',NULL,NULL,1,NULL,5,NULL,3,NULL,14,NULL,NULL,'2012-06-19 17:40:28',NULL,NULL,NULL,NULL,NULL),
	(660,'Rm2_40',2,1,93,NULL,'MSL 16 p. 133',14,NULL,NULL,NULL,NULL,12,NULL,NULL,NULL,1,NULL,5,NULL,2,NULL,NULL,NULL,NULL,'2012-06-19 17:40:28',NULL,NULL,NULL,NULL,NULL),
	(661,'UM_29_16_11',2,2,94,NULL,'MSL 13 p. 64',8,NULL,NULL,NULL,NULL,12,NULL,NULL,NULL,1,NULL,5,NULL,3,NULL,14,NULL,NULL,'2012-06-19 17:40:28',NULL,NULL,NULL,NULL,NULL),
	(662,'W_18202_25',2,2,106,NULL,'AUWE 5, 129',11,NULL,NULL,NULL,NULL,12,NULL,NULL,NULL,1,NULL,1,NULL,3,NULL,NULL,NULL,NULL,'2012-06-19 17:40:28',NULL,NULL,NULL,NULL,NULL),
	(663,'81_2-4_206',2,1,93,NULL,'AAT 27',14,NULL,NULL,NULL,NULL,12,NULL,NULL,NULL,1,NULL,5,NULL,2,NULL,NULL,NULL,NULL,'2012-06-19 17:40:28',NULL,NULL,NULL,NULL,NULL),
	(664,'UM_41-41-2',2,NULL,85,NULL,'Gwaltney (1983) no. 58',12,NULL,NULL,NULL,NULL,12,NULL,NULL,NULL,1,NULL,2,NULL,1,NULL,NULL,NULL,NULL,'2012-06-19 17:40:28',NULL,NULL,NULL,NULL,NULL),
	(665,'L_29-580',2,NULL,85,NULL,'Gwaltney (1983) no. 23',12,NULL,NULL,NULL,NULL,12,NULL,NULL,NULL,1,NULL,1,NULL,1,NULL,NULL,NULL,NULL,'2012-06-19 17:40:28',NULL,NULL,NULL,NULL,NULL),
	(666,'CBS_4819',2,NULL,94,NULL,NULL,8,NULL,NULL,NULL,NULL,12,'Proto-Lu',NULL,NULL,1,NULL,5,NULL,3,NULL,14,NULL,NULL,'2012-06-19 17:40:28',NULL,NULL,NULL,NULL,NULL),
	(667,'K_788',2,1,93,NULL,'SAA 8, 9',14,NULL,NULL,NULL,NULL,12,NULL,NULL,NULL,1,NULL,2,NULL,2,NULL,17,NULL,NULL,'2012-06-20 15:16:39',NULL,NULL,NULL,NULL,NULL),
	(668,'K_696',2,1,93,NULL,'SAA 8, 10',14,NULL,NULL,NULL,NULL,12,NULL,NULL,NULL,1,NULL,2,NULL,2,NULL,17,NULL,NULL,'2012-06-20 15:16:39',NULL,NULL,NULL,NULL,NULL),
	(669,'K_8432',2,1,93,NULL,'SAA 8, 63',14,NULL,NULL,NULL,NULL,12,NULL,NULL,NULL,1,NULL,2,NULL,2,NULL,17,NULL,NULL,'2012-06-20 15:16:39',NULL,NULL,NULL,NULL,NULL),
	(670,'K_984',2,1,93,NULL,'SAA 8, 67',14,NULL,NULL,NULL,NULL,12,NULL,NULL,NULL,1,NULL,2,NULL,2,NULL,17,NULL,NULL,'2012-06-20 15:16:39',NULL,NULL,NULL,NULL,NULL),
	(671,'81_2-4_287',2,1,93,NULL,'SAA 8, 70',14,NULL,NULL,NULL,NULL,12,NULL,NULL,NULL,1,NULL,2,NULL,2,NULL,17,NULL,NULL,'2012-06-20 15:16:39',NULL,NULL,NULL,NULL,NULL),
	(672,'Rm_203',2,1,93,NULL,'SAA 8, 11',14,NULL,NULL,NULL,NULL,12,NULL,NULL,NULL,1,NULL,2,NULL,2,NULL,17,NULL,NULL,'2012-06-20 15:16:39',NULL,NULL,NULL,NULL,NULL),
	(673,'DT_148',2,1,93,NULL,'SAA 8, 16',14,NULL,NULL,NULL,NULL,12,NULL,NULL,NULL,1,NULL,2,NULL,2,NULL,17,NULL,NULL,'2012-06-20 15:16:39',NULL,NULL,NULL,NULL,NULL),
	(674,'K_697',2,1,93,NULL,'SAA 8, 15',14,NULL,NULL,NULL,NULL,12,NULL,NULL,NULL,1,NULL,2,NULL,2,NULL,17,NULL,NULL,'2012-06-20 15:16:39',NULL,NULL,NULL,NULL,NULL),
	(675,'K_773',2,1,93,NULL,'SAA 8, 17',14,NULL,NULL,NULL,NULL,12,NULL,NULL,NULL,1,NULL,2,NULL,2,NULL,17,NULL,NULL,'2012-06-20 15:16:39',NULL,NULL,NULL,NULL,NULL),
	(676,'K_1326',2,1,93,NULL,'SAA 8, 79',14,NULL,NULL,NULL,NULL,12,NULL,NULL,NULL,1,NULL,2,NULL,2,NULL,17,NULL,NULL,'2012-06-20 15:16:39',NULL,NULL,NULL,NULL,NULL);

/*!40000 ALTER TABLE `Tablet` ENABLE KEYS */;
UNLOCK TABLES;


# Dump of table tablet_correspondent
# ------------------------------------------------------------

DROP TABLE IF EXISTS `tablet_correspondent`;

CREATE TABLE `tablet_correspondent` (
  `tablet_id` int(11) NOT NULL,
  `correspondent_id` int(11) NOT NULL,
  PRIMARY KEY (`tablet_id`,`correspondent_id`),
  KEY `correspondent_id` (`correspondent_id`),
  CONSTRAINT `tablet_correspondent_ibfk_1` FOREIGN KEY (`tablet_id`) REFERENCES `tablet` (`id`),
  CONSTRAINT `tablet_correspondent_ibfk_2` FOREIGN KEY (`correspondent_id`) REFERENCES `correspondent` (`id`)
) ENGINE=InnoDB DEFAULT CHARSET=utf8;

LOCK TABLES `tablet_correspondent` WRITE;
/*!40000 ALTER TABLE `tablet_correspondent` DISABLE KEYS */;

INSERT INTO `tablet_correspondent` (`tablet_id`, `correspondent_id`)
VALUES
	(449,1);

/*!40000 ALTER TABLE `tablet_correspondent` ENABLE KEYS */;
UNLOCK TABLES;


# Dump of table test
# ------------------------------------------------------------

DROP TABLE IF EXISTS `test`;

CREATE TABLE `test` (
  `id` int(11) NOT NULL AUTO_INCREMENT,
  `text_field` text,
  PRIMARY KEY (`id`)
) ENGINE=InnoDB AUTO_INCREMENT=75 DEFAULT CHARSET=utf8;

LOCK TABLES `test` WRITE;
/*!40000 ALTER TABLE `test` DISABLE KEYS */;

INSERT INTO `test` (`id`, `text_field`)
VALUES
	(1,'foo'),
	(2,'bar'),
	(3,'bat'),
	(4,'foo'),
	(5,'foo'),
	(6,'foo'),
	(7,'foo'),
	(8,'foo'),
	(9,'foo'),
	(10,'foo'),
	(11,'foo'),
	(12,'foo'),
	(13,'foo'),
	(14,'foo'),
	(15,'foo'),
	(16,'foo'),
	(18,'BP9K7A5'),
	(19,'9BHFVVL'),
	(20,'OLQPUKT'),
	(21,'7PBVFQV'),
	(22,'OEQQTE9'),
	(23,'7PRUUZ9'),
	(24,'PV9DC6Z'),
	(25,'HPFIYCY'),
	(26,'3B5U111'),
	(27,'P3AE4IY'),
	(28,'STJXLPG'),
	(29,'OVWQIS6'),
	(30,'9ESADI4'),
	(31,'X7CB2JU'),
	(32,'7WPRTBT'),
	(33,'8NBF67Y'),
	(34,'B7UPT65'),
	(35,'IVDHLWC'),
	(36,'3LX5Y0C'),
	(37,'KFO8FF5'),
	(38,'VZ9V4SL'),
	(39,'JBZ6TT9'),
	(40,'CCNWUHG'),
	(41,'H5M1G0A'),
	(42,'7KZ2XV6'),
	(43,'8T0MMIL'),
	(44,'7XGFKC7'),
	(45,'FR9F241'),
	(46,'F9I3573'),
	(47,'5EC1RH5'),
	(48,'4BNNN75'),
	(49,'4AC8IFO'),
	(50,'F3N2JUO'),
	(51,'OKA9KUT'),
	(52,'F839IVH'),
	(53,'T0F7YH8'),
	(54,'IE6SPI4'),
	(55,'RWHABBP'),
	(56,'YKWWT6H'),
	(57,'XGHLVV0'),
	(58,'E4F2P6P'),
	(59,'NIFMR6C'),
	(60,'QE8XH9I'),
	(61,'RTO090Q'),
	(62,'LZ5EC1T'),
	(63,'T8HUFQ8'),
	(64,'O8U622Q'),
	(65,'U2YRJZO'),
	(66,'93LIFBO'),
	(67,'BEOJH3Q'),
	(68,'hmm'),
	(69,'ummm'),
	(70,'hmm'),
	(71,'yeah yeah'),
	(73,'whee'),
	(74,'harrumph');

/*!40000 ALTER TABLE `test` ENABLE KEYS */;
UNLOCK TABLES;


# Dump of table text_vehicle
# ------------------------------------------------------------

DROP TABLE IF EXISTS `text_vehicle`;

CREATE TABLE `text_vehicle` (
  `id` int(11) NOT NULL AUTO_INCREMENT,
  `name` varchar(100) NOT NULL,
  `bm_catalogue` varchar(100) DEFAULT NULL,
  `cdli` varchar(100) DEFAULT NULL,
  PRIMARY KEY (`id`),
  UNIQUE KEY `uq_name` (`name`),
  KEY `idx_name` (`name`)
) ENGINE=InnoDB AUTO_INCREMENT=19 DEFAULT CHARSET=utf8;

LOCK TABLES `text_vehicle` WRITE;
/*!40000 ALTER TABLE `text_vehicle` DISABLE KEYS */;

INSERT INTO `text_vehicle` (`id`, `name`, `bm_catalogue`, `cdli`)
VALUES
	(1,'architectural feature',NULL,NULL),
	(2,'bead',NULL,NULL),
	(3,'brick',NULL,NULL),
	(4,'cone',NULL,NULL),
	(5,'cylinder',NULL,NULL),
	(6,'envelope',NULL,NULL),
	(7,'eyestone',NULL,NULL),
	(8,'nail',NULL,NULL),
	(9,'prism',NULL,NULL),
	(10,'seal',NULL,NULL),
	(11,'statue',NULL,NULL),
	(12,'tablet',NULL,NULL),
	(13,'tag',NULL,NULL),
	(14,'vessel',NULL,NULL),
	(15,'blade',NULL,NULL),
	(16,'cylinder seal',NULL,NULL),
	(17,'macehead',NULL,NULL),
	(18,'stela',NULL,NULL);

/*!40000 ALTER TABLE `text_vehicle` ENABLE KEYS */;
UNLOCK TABLES;


# Dump of table year
# ------------------------------------------------------------

DROP TABLE IF EXISTS `year`;

CREATE TABLE `year` (
  `id` int(11) NOT NULL AUTO_INCREMENT,
  `year` varchar(14) NOT NULL,
  `eponym_id` int(11) DEFAULT NULL,
  PRIMARY KEY (`id`),
  UNIQUE KEY `year` (`year`),
  KEY `eponym_id` (`eponym_id`),
  KEY `idx_year` (`year`),
  CONSTRAINT `year_ibfk_1` FOREIGN KEY (`eponym_id`) REFERENCES `eponym` (`id`)
) ENGINE=InnoDB AUTO_INCREMENT=2601 DEFAULT CHARSET=utf8;

LOCK TABLES `year` WRITE;
/*!40000 ALTER TABLE `year` DISABLE KEYS */;

INSERT INTO `year` (`id`, `year`, `eponym_id`)
VALUES
	(1,'1 BC',NULL),
	(2,'2 BC',NULL),
	(3,'3 BC',NULL),
	(4,'4 BC',NULL),
	(5,'5 BC',NULL),
	(6,'6 BC',NULL),
	(7,'7 BC',NULL),
	(8,'8 BC',NULL),
	(9,'9 BC',NULL),
	(10,'10 BC',NULL),
	(11,'11 BC',NULL),
	(12,'12 BC',NULL),
	(13,'13 BC',NULL),
	(14,'14 BC',NULL),
	(15,'15 BC',NULL),
	(16,'16 BC',NULL),
	(17,'17 BC',NULL),
	(18,'18 BC',NULL),
	(19,'19 BC',NULL),
	(20,'20 BC',NULL),
	(21,'21 BC',NULL),
	(22,'22 BC',NULL),
	(23,'23 BC',NULL),
	(24,'24 BC',NULL),
	(25,'25 BC',NULL),
	(26,'26 BC',NULL),
	(27,'27 BC',NULL),
	(28,'28 BC',NULL),
	(29,'29 BC',NULL),
	(30,'30 BC',NULL),
	(31,'31 BC',NULL),
	(32,'32 BC',NULL),
	(33,'33 BC',NULL),
	(34,'34 BC',NULL),
	(35,'35 BC',NULL),
	(36,'36 BC',NULL),
	(37,'37 BC',NULL),
	(38,'38 BC',NULL),
	(39,'39 BC',NULL),
	(40,'40 BC',NULL),
	(41,'41 BC',NULL),
	(42,'42 BC',NULL),
	(43,'43 BC',NULL),
	(44,'44 BC',NULL),
	(45,'45 BC',NULL),
	(46,'46 BC',NULL),
	(47,'47 BC',NULL),
	(48,'48 BC',NULL),
	(49,'49 BC',NULL),
	(50,'50 BC',NULL),
	(51,'51 BC',NULL),
	(52,'52 BC',NULL),
	(53,'53 BC',NULL),
	(54,'54 BC',NULL),
	(55,'55 BC',NULL),
	(56,'56 BC',NULL),
	(57,'57 BC',NULL),
	(58,'58 BC',NULL),
	(59,'59 BC',NULL),
	(60,'60 BC',NULL),
	(61,'61 BC',NULL),
	(62,'62 BC',NULL),
	(63,'63 BC',NULL),
	(64,'64 BC',NULL),
	(65,'65 BC',NULL),
	(66,'66 BC',NULL),
	(67,'67 BC',NULL),
	(68,'68 BC',NULL),
	(69,'69 BC',NULL),
	(70,'70 BC',NULL),
	(71,'71 BC',NULL),
	(72,'72 BC',NULL),
	(73,'73 BC',NULL),
	(74,'74 BC',NULL),
	(75,'75 BC',NULL),
	(76,'76 BC',NULL),
	(77,'77 BC',NULL),
	(78,'78 BC',NULL),
	(79,'79 BC',NULL),
	(80,'80 BC',NULL),
	(81,'81 BC',NULL),
	(82,'82 BC',NULL),
	(83,'83 BC',NULL),
	(84,'84 BC',NULL),
	(85,'85 BC',NULL),
	(86,'86 BC',NULL),
	(87,'87 BC',NULL),
	(88,'88 BC',NULL),
	(89,'89 BC',NULL),
	(90,'90 BC',NULL),
	(91,'91 BC',NULL),
	(92,'92 BC',NULL),
	(93,'93 BC',NULL),
	(94,'94 BC',NULL),
	(95,'95 BC',NULL),
	(96,'96 BC',NULL),
	(97,'97 BC',NULL),
	(98,'98 BC',NULL),
	(99,'99 BC',NULL),
	(100,'100 BC',NULL),
	(101,'101 BC',NULL),
	(102,'102 BC',NULL),
	(103,'103 BC',NULL),
	(104,'104 BC',NULL),
	(105,'105 BC',NULL),
	(106,'106 BC',NULL),
	(107,'107 BC',NULL),
	(108,'108 BC',NULL),
	(109,'109 BC',NULL),
	(110,'110 BC',NULL),
	(111,'111 BC',NULL),
	(112,'112 BC',NULL),
	(113,'113 BC',NULL),
	(114,'114 BC',NULL),
	(115,'115 BC',NULL),
	(116,'116 BC',NULL),
	(117,'117 BC',NULL),
	(118,'118 BC',NULL),
	(119,'119 BC',NULL),
	(120,'120 BC',NULL),
	(121,'121 BC',NULL),
	(122,'122 BC',NULL),
	(123,'123 BC',NULL),
	(124,'124 BC',NULL),
	(125,'125 BC',NULL),
	(126,'126 BC',NULL),
	(127,'127 BC',NULL),
	(128,'128 BC',NULL),
	(129,'129 BC',NULL),
	(130,'130 BC',NULL),
	(131,'131 BC',NULL),
	(132,'132 BC',NULL),
	(133,'133 BC',NULL),
	(134,'134 BC',NULL),
	(135,'135 BC',NULL),
	(136,'136 BC',NULL),
	(137,'137 BC',NULL),
	(138,'138 BC',NULL),
	(139,'139 BC',NULL),
	(140,'140 BC',NULL),
	(141,'141 BC',NULL),
	(142,'142 BC',NULL),
	(143,'143 BC',NULL),
	(144,'144 BC',NULL),
	(145,'145 BC',NULL),
	(146,'146 BC',NULL),
	(147,'147 BC',NULL),
	(148,'148 BC',NULL),
	(149,'149 BC',NULL),
	(150,'150 BC',NULL),
	(151,'151 BC',NULL),
	(152,'152 BC',NULL),
	(153,'153 BC',NULL),
	(154,'154 BC',NULL),
	(155,'155 BC',NULL),
	(156,'156 BC',NULL),
	(157,'157 BC',NULL),
	(158,'158 BC',NULL),
	(159,'159 BC',NULL),
	(160,'160 BC',NULL),
	(161,'161 BC',NULL),
	(162,'162 BC',NULL),
	(163,'163 BC',NULL),
	(164,'164 BC',NULL),
	(165,'165 BC',NULL),
	(166,'166 BC',NULL),
	(167,'167 BC',NULL),
	(168,'168 BC',NULL),
	(169,'169 BC',NULL),
	(170,'170 BC',NULL),
	(171,'171 BC',NULL),
	(172,'172 BC',NULL),
	(173,'173 BC',NULL),
	(174,'174 BC',NULL),
	(175,'175 BC',NULL),
	(176,'176 BC',NULL),
	(177,'177 BC',NULL),
	(178,'178 BC',NULL),
	(179,'179 BC',NULL),
	(180,'180 BC',NULL),
	(181,'181 BC',NULL),
	(182,'182 BC',NULL),
	(183,'183 BC',NULL),
	(184,'184 BC',NULL),
	(185,'185 BC',NULL),
	(186,'186 BC',NULL),
	(187,'187 BC',NULL),
	(188,'188 BC',NULL),
	(189,'189 BC',NULL),
	(190,'190 BC',NULL),
	(191,'191 BC',NULL),
	(192,'192 BC',NULL),
	(193,'193 BC',NULL),
	(194,'194 BC',NULL),
	(195,'195 BC',NULL),
	(196,'196 BC',NULL),
	(197,'197 BC',NULL),
	(198,'198 BC',NULL),
	(199,'199 BC',NULL),
	(200,'200 BC',NULL),
	(201,'201 BC',NULL),
	(202,'202 BC',NULL),
	(203,'203 BC',NULL),
	(204,'204 BC',NULL),
	(205,'205 BC',NULL),
	(206,'206 BC',NULL),
	(207,'207 BC',NULL),
	(208,'208 BC',NULL),
	(209,'209 BC',NULL),
	(210,'210 BC',NULL),
	(211,'211 BC',NULL),
	(212,'212 BC',NULL),
	(213,'213 BC',NULL),
	(214,'214 BC',NULL),
	(215,'215 BC',NULL),
	(216,'216 BC',NULL),
	(217,'217 BC',NULL),
	(218,'218 BC',NULL),
	(219,'219 BC',NULL),
	(220,'220 BC',NULL),
	(221,'221 BC',NULL),
	(222,'222 BC',NULL),
	(223,'223 BC',NULL),
	(224,'224 BC',NULL),
	(225,'225 BC',NULL),
	(226,'226 BC',NULL),
	(227,'227 BC',NULL),
	(228,'228 BC',NULL),
	(229,'229 BC',NULL),
	(230,'230 BC',NULL),
	(231,'231 BC',NULL),
	(232,'232 BC',NULL),
	(233,'233 BC',NULL),
	(234,'234 BC',NULL),
	(235,'235 BC',NULL),
	(236,'236 BC',NULL),
	(237,'237 BC',NULL),
	(238,'238 BC',NULL),
	(239,'239 BC',NULL),
	(240,'240 BC',NULL),
	(241,'241 BC',NULL),
	(242,'242 BC',NULL),
	(243,'243 BC',NULL),
	(244,'244 BC',NULL),
	(245,'245 BC',NULL),
	(246,'246 BC',NULL),
	(247,'247 BC',NULL),
	(248,'248 BC',NULL),
	(249,'249 BC',NULL),
	(250,'250 BC',NULL),
	(251,'251 BC',NULL),
	(252,'252 BC',NULL),
	(253,'253 BC',NULL),
	(254,'254 BC',NULL),
	(255,'255 BC',NULL),
	(256,'256 BC',NULL),
	(257,'257 BC',NULL),
	(258,'258 BC',NULL),
	(259,'259 BC',NULL),
	(260,'260 BC',NULL),
	(261,'261 BC',NULL),
	(262,'262 BC',NULL),
	(263,'263 BC',NULL),
	(264,'264 BC',NULL),
	(265,'265 BC',NULL),
	(266,'266 BC',NULL),
	(267,'267 BC',NULL),
	(268,'268 BC',NULL),
	(269,'269 BC',NULL),
	(270,'270 BC',NULL),
	(271,'271 BC',NULL),
	(272,'272 BC',NULL),
	(273,'273 BC',NULL),
	(274,'274 BC',NULL),
	(275,'275 BC',NULL),
	(276,'276 BC',NULL),
	(277,'277 BC',NULL),
	(278,'278 BC',NULL),
	(279,'279 BC',NULL),
	(280,'280 BC',NULL),
	(281,'281 BC',NULL),
	(282,'282 BC',NULL),
	(283,'283 BC',NULL),
	(284,'284 BC',NULL),
	(285,'285 BC',NULL),
	(286,'286 BC',NULL),
	(287,'287 BC',NULL),
	(288,'288 BC',NULL),
	(289,'289 BC',NULL),
	(290,'290 BC',NULL),
	(291,'291 BC',NULL),
	(292,'292 BC',NULL),
	(293,'293 BC',NULL),
	(294,'294 BC',NULL),
	(295,'295 BC',NULL),
	(296,'296 BC',NULL),
	(297,'297 BC',NULL),
	(298,'298 BC',NULL),
	(299,'299 BC',NULL),
	(300,'300 BC',NULL),
	(301,'301 BC',NULL),
	(302,'302 BC',NULL),
	(303,'303 BC',NULL),
	(304,'304 BC',NULL),
	(305,'305 BC',NULL),
	(306,'306 BC',NULL),
	(307,'307 BC',NULL),
	(308,'308 BC',NULL),
	(309,'309 BC',NULL),
	(310,'310 BC',NULL),
	(311,'311 BC',NULL),
	(312,'312 BC',NULL),
	(313,'313 BC',NULL),
	(314,'314 BC',NULL),
	(315,'315 BC',NULL),
	(316,'316 BC',NULL),
	(317,'317 BC',NULL),
	(318,'318 BC',NULL),
	(319,'319 BC',NULL),
	(320,'320 BC',NULL),
	(321,'321 BC',NULL),
	(322,'322 BC',NULL),
	(323,'323 BC',NULL),
	(324,'324 BC',NULL),
	(325,'325 BC',NULL),
	(326,'326 BC',NULL),
	(327,'327 BC',NULL),
	(328,'328 BC',NULL),
	(329,'329 BC',NULL),
	(330,'330 BC',NULL),
	(331,'331 BC',NULL),
	(332,'332 BC',NULL),
	(333,'333 BC',NULL),
	(334,'334 BC',NULL),
	(335,'335 BC',NULL),
	(336,'336 BC',NULL),
	(337,'337 BC',NULL),
	(338,'338 BC',NULL),
	(339,'339 BC',NULL),
	(340,'340 BC',NULL),
	(341,'341 BC',NULL),
	(342,'342 BC',NULL),
	(343,'343 BC',NULL),
	(344,'344 BC',NULL),
	(345,'345 BC',NULL),
	(346,'346 BC',NULL),
	(347,'347 BC',NULL),
	(348,'348 BC',NULL),
	(349,'349 BC',NULL),
	(350,'350 BC',NULL),
	(351,'351 BC',NULL),
	(352,'352 BC',NULL),
	(353,'353 BC',NULL),
	(354,'354 BC',NULL),
	(355,'355 BC',NULL),
	(356,'356 BC',NULL),
	(357,'357 BC',NULL),
	(358,'358 BC',NULL),
	(359,'359 BC',NULL),
	(360,'360 BC',NULL),
	(361,'361 BC',NULL),
	(362,'362 BC',NULL),
	(363,'363 BC',NULL),
	(364,'364 BC',NULL),
	(365,'365 BC',NULL),
	(366,'366 BC',NULL),
	(367,'367 BC',NULL),
	(368,'368 BC',NULL),
	(369,'369 BC',NULL),
	(370,'370 BC',NULL),
	(371,'371 BC',NULL),
	(372,'372 BC',NULL),
	(373,'373 BC',NULL),
	(374,'374 BC',NULL),
	(375,'375 BC',NULL),
	(376,'376 BC',NULL),
	(377,'377 BC',NULL),
	(378,'378 BC',NULL),
	(379,'379 BC',NULL),
	(380,'380 BC',NULL),
	(381,'381 BC',NULL),
	(382,'382 BC',NULL),
	(383,'383 BC',NULL),
	(384,'384 BC',NULL),
	(385,'385 BC',NULL),
	(386,'386 BC',NULL),
	(387,'387 BC',NULL),
	(388,'388 BC',NULL),
	(389,'389 BC',NULL),
	(390,'390 BC',NULL),
	(391,'391 BC',NULL),
	(392,'392 BC',NULL),
	(393,'393 BC',NULL),
	(394,'394 BC',NULL),
	(395,'395 BC',NULL),
	(396,'396 BC',NULL),
	(397,'397 BC',NULL),
	(398,'398 BC',NULL),
	(399,'399 BC',NULL),
	(400,'400 BC',NULL),
	(401,'401 BC',NULL),
	(402,'402 BC',NULL),
	(403,'403 BC',NULL),
	(404,'404 BC',NULL),
	(405,'405 BC',NULL),
	(406,'406 BC',NULL),
	(407,'407 BC',NULL),
	(408,'408 BC',NULL),
	(409,'409 BC',NULL),
	(410,'410 BC',NULL),
	(411,'411 BC',NULL),
	(412,'412 BC',NULL),
	(413,'413 BC',NULL),
	(414,'414 BC',NULL),
	(415,'415 BC',NULL),
	(416,'416 BC',NULL),
	(417,'417 BC',NULL),
	(418,'418 BC',NULL),
	(419,'419 BC',NULL),
	(420,'420 BC',NULL),
	(421,'421 BC',NULL),
	(422,'422 BC',NULL),
	(423,'423 BC',NULL),
	(424,'424 BC',NULL),
	(425,'425 BC',NULL),
	(426,'426 BC',NULL),
	(427,'427 BC',NULL),
	(428,'428 BC',NULL),
	(429,'429 BC',NULL),
	(430,'430 BC',NULL),
	(431,'431 BC',NULL),
	(432,'432 BC',NULL),
	(433,'433 BC',NULL),
	(434,'434 BC',NULL),
	(435,'435 BC',NULL),
	(436,'436 BC',NULL),
	(437,'437 BC',NULL),
	(438,'438 BC',NULL),
	(439,'439 BC',NULL),
	(440,'440 BC',NULL),
	(441,'441 BC',NULL),
	(442,'442 BC',NULL),
	(443,'443 BC',NULL),
	(444,'444 BC',NULL),
	(445,'445 BC',NULL),
	(446,'446 BC',NULL),
	(447,'447 BC',NULL),
	(448,'448 BC',NULL),
	(449,'449 BC',NULL),
	(450,'450 BC',NULL),
	(451,'451 BC',NULL),
	(452,'452 BC',NULL),
	(453,'453 BC',NULL),
	(454,'454 BC',NULL),
	(455,'455 BC',NULL),
	(456,'456 BC',NULL),
	(457,'457 BC',NULL),
	(458,'458 BC',NULL),
	(459,'459 BC',NULL),
	(460,'460 BC',NULL),
	(461,'461 BC',NULL),
	(462,'462 BC',NULL),
	(463,'463 BC',NULL),
	(464,'464 BC',NULL),
	(465,'465 BC',NULL),
	(466,'466 BC',NULL),
	(467,'467 BC',NULL),
	(468,'468 BC',NULL),
	(469,'469 BC',NULL),
	(470,'470 BC',NULL),
	(471,'471 BC',NULL),
	(472,'472 BC',NULL),
	(473,'473 BC',NULL),
	(474,'474 BC',NULL),
	(475,'475 BC',NULL),
	(476,'476 BC',NULL),
	(477,'477 BC',NULL),
	(478,'478 BC',NULL),
	(479,'479 BC',NULL),
	(480,'480 BC',NULL),
	(481,'481 BC',NULL),
	(482,'482 BC',NULL),
	(483,'483 BC',NULL),
	(484,'484 BC',NULL),
	(485,'485 BC',NULL),
	(486,'486 BC',NULL),
	(487,'487 BC',NULL),
	(488,'488 BC',NULL),
	(489,'489 BC',NULL),
	(490,'490 BC',NULL),
	(491,'491 BC',NULL),
	(492,'492 BC',NULL),
	(493,'493 BC',NULL),
	(494,'494 BC',NULL),
	(495,'495 BC',NULL),
	(496,'496 BC',NULL),
	(497,'497 BC',NULL),
	(498,'498 BC',NULL),
	(499,'499 BC',NULL),
	(500,'500 BC',NULL),
	(501,'501 BC',NULL),
	(502,'502 BC',NULL),
	(503,'503 BC',NULL),
	(504,'504 BC',NULL),
	(505,'505 BC',NULL),
	(506,'506 BC',NULL),
	(507,'507 BC',NULL),
	(508,'508 BC',NULL),
	(509,'509 BC',NULL),
	(510,'510 BC',NULL),
	(511,'511 BC',NULL),
	(512,'512 BC',NULL),
	(513,'513 BC',NULL),
	(514,'514 BC',NULL),
	(515,'515 BC',NULL),
	(516,'516 BC',NULL),
	(517,'517 BC',NULL),
	(518,'518 BC',NULL),
	(519,'519 BC',NULL),
	(520,'520 BC',NULL),
	(521,'521 BC',NULL),
	(522,'522 BC',NULL),
	(523,'523 BC',NULL),
	(524,'524 BC',NULL),
	(525,'525 BC',NULL),
	(526,'526 BC',NULL),
	(527,'527 BC',NULL),
	(528,'528 BC',NULL),
	(529,'529 BC',NULL),
	(530,'530 BC',NULL),
	(531,'531 BC',NULL),
	(532,'532 BC',NULL),
	(533,'533 BC',NULL),
	(534,'534 BC',NULL),
	(535,'535 BC',NULL),
	(536,'536 BC',NULL),
	(537,'537 BC',NULL),
	(538,'538 BC',NULL),
	(539,'539 BC',NULL),
	(540,'540 BC',NULL),
	(541,'541 BC',NULL),
	(542,'542 BC',NULL),
	(543,'543 BC',NULL),
	(544,'544 BC',NULL),
	(545,'545 BC',NULL),
	(546,'546 BC',NULL),
	(547,'547 BC',NULL),
	(548,'548 BC',NULL),
	(549,'549 BC',NULL),
	(550,'550 BC',NULL),
	(551,'551 BC',NULL),
	(552,'552 BC',NULL),
	(553,'553 BC',NULL),
	(554,'554 BC',NULL),
	(555,'555 BC',NULL),
	(556,'556 BC',NULL),
	(557,'557 BC',NULL),
	(558,'558 BC',NULL),
	(559,'559 BC',NULL),
	(560,'560 BC',NULL),
	(561,'561 BC',NULL),
	(562,'562 BC',NULL),
	(563,'563 BC',NULL),
	(564,'564 BC',NULL),
	(565,'565 BC',NULL),
	(566,'566 BC',NULL),
	(567,'567 BC',NULL),
	(568,'568 BC',NULL),
	(569,'569 BC',NULL),
	(570,'570 BC',NULL),
	(571,'571 BC',NULL),
	(572,'572 BC',NULL),
	(573,'573 BC',NULL),
	(574,'574 BC',NULL),
	(575,'575 BC',NULL),
	(576,'576 BC',NULL),
	(577,'577 BC',NULL),
	(578,'578 BC',NULL),
	(579,'579 BC',NULL),
	(580,'580 BC',NULL),
	(581,'581 BC',NULL),
	(582,'582 BC',NULL),
	(583,'583 BC',NULL),
	(584,'584 BC',NULL),
	(585,'585 BC',NULL),
	(586,'586 BC',NULL),
	(587,'587 BC',NULL),
	(588,'588 BC',NULL),
	(589,'589 BC',NULL),
	(590,'590 BC',NULL),
	(591,'591 BC',NULL),
	(592,'592 BC',NULL),
	(593,'593 BC',NULL),
	(594,'594 BC',NULL),
	(595,'595 BC',NULL),
	(596,'596 BC',NULL),
	(597,'597 BC',NULL),
	(598,'598 BC',NULL),
	(599,'599 BC',NULL),
	(600,'600 BC',NULL),
	(601,'601 BC',NULL),
	(602,'602 BC',NULL),
	(603,'603 BC',NULL),
	(604,'604 BC',NULL),
	(605,'605 BC',NULL),
	(606,'606 BC',NULL),
	(607,'607 BC',NULL),
	(608,'608 BC',NULL),
	(609,'609 BC',NULL),
	(610,'610 BC',NULL),
	(611,'611 BC',NULL),
	(612,'612 BC',NULL),
	(613,'613 BC',NULL),
	(614,'614 BC',NULL),
	(615,'615 BC',NULL),
	(616,'616 BC',NULL),
	(617,'617 BC',NULL),
	(618,'618 BC',NULL),
	(619,'619 BC',NULL),
	(620,'620 BC',NULL),
	(621,'621 BC',NULL),
	(622,'622 BC',NULL),
	(623,'623 BC',NULL),
	(624,'624 BC',NULL),
	(625,'625 BC',NULL),
	(626,'626 BC',NULL),
	(627,'627 BC',NULL),
	(628,'628 BC',NULL),
	(629,'629 BC',NULL),
	(630,'630 BC',NULL),
	(631,'631 BC',NULL),
	(632,'632 BC',NULL),
	(633,'633 BC',NULL),
	(634,'634 BC',NULL),
	(635,'635 BC',NULL),
	(636,'636 BC',NULL),
	(637,'637 BC',NULL),
	(638,'638 BC',NULL),
	(639,'639 BC',NULL),
	(640,'640 BC',NULL),
	(641,'641 BC',NULL),
	(642,'642 BC',NULL),
	(643,'643 BC',NULL),
	(644,'644 BC',NULL),
	(645,'645 BC',235),
	(646,'646 BC',88),
	(647,'647 BC',191),
	(648,'648 BC',87),
	(649,'649 BC',241),
	(650,'650 BC',129),
	(651,'651 BC',236),
	(652,'652 BC',206),
	(653,'653 BC',128),
	(654,'654 BC',249),
	(655,'655 BC',69),
	(656,'656 BC',225),
	(657,'657 BC',51),
	(658,'658 BC',209),
	(659,'659 BC',227),
	(660,'660 BC',257),
	(661,'661 BC',189),
	(662,'662 BC',199),
	(663,'663 BC',80),
	(664,'664 BC',97),
	(665,'665 BC',255),
	(666,'666 BC',256),
	(667,'667 BC',66),
	(668,'668 BC',265),
	(669,'669 BC',165),
	(670,'670 BC',89),
	(671,'671 BC',256),
	(672,'672 BC',109),
	(673,'673 BC',50),
	(674,'674 BC',105),
	(675,'675 BC',262),
	(676,'676 BC',233),
	(677,'677 BC',56),
	(678,'678 BC',54),
	(679,'679 BC',111),
	(680,'680 BC',82),
	(681,'681 BC',219),
	(682,'682 BC',212),
	(683,'683 BC',157),
	(684,'684 BC',259),
	(685,'685 BC',247),
	(686,'686 BC',60),
	(687,'687 BC',193),
	(688,'688 BC',96),
	(689,'689 BC',181),
	(690,'690 BC',126),
	(691,'691 BC',60),
	(692,'692 BC',119),
	(693,'693 BC',96),
	(694,'694 BC',172),
	(695,'695 BC',179),
	(696,'696 BC',207),
	(697,'697 BC',258),
	(698,'698 BC',237),
	(699,'699 BC',124),
	(700,'700 BC',108),
	(701,'701 BC',74),
	(702,'702 BC',102),
	(703,'703 BC',112),
	(704,'704 BC',164),
	(705,'705 BC',121),
	(706,'706 BC',53),
	(707,'707 BC',205),
	(708,'708 BC',52),
	(709,'709 BC',230),
	(710,'710 BC',184),
	(711,'711 BC',244),
	(712,'712 BC',229),
	(713,'713 BC',127),
	(714,'714 BC',170),
	(715,'715 BC',223),
	(716,'716 BC',117),
	(717,'717 BC',226),
	(718,'718 BC',83),
	(719,'719 BC',122),
	(720,'720 BC',213),
	(721,'721 BC',65),
	(722,'722 BC',57),
	(723,'723 BC',182),
	(724,'724 BC',130),
	(725,'725 BC',234),
	(726,'726 BC',186),
	(727,'727 BC',136),
	(728,'728 BC',59),
	(729,'729 BC',154),
	(730,'730 BC',198),
	(731,'731 BC',175),
	(732,'732 BC',109),
	(733,'733 BC',251),
	(734,'734 BC',216),
	(735,'735 BC',146),
	(736,'736 BC',57),
	(737,'737 BC',60),
	(738,'738 BC',156),
	(739,'739 BC',160),
	(740,'740 BC',211),
	(741,'741 BC',136),
	(742,'742 BC',197),
	(743,'743 BC',78),
	(744,'744 BC',216),
	(745,'745 BC',109),
	(746,'746 BC',177),
	(747,'747 BC',103),
	(748,'748 BC',156),
	(749,'749 BC',125),
	(750,'750 BC',216),
	(751,'751 BC',246),
	(752,'752 BC',208),
	(753,'753 BC',195),
	(754,'754 BC',196),
	(755,'755 BC',137),
	(756,'756 BC',113),
	(757,'757 BC',114),
	(758,'758 BC',190),
	(759,'759 BC',142),
	(760,'760 BC',176),
	(761,'761 BC',158),
	(762,'762 BC',110),
	(763,'763 BC',202),
	(764,'764 BC',118),
	(765,'765 BC',145),
	(766,'766 BC',243),
	(767,'767 BC',153),
	(768,'768 BC',67),
	(769,'769 BC',260),
	(770,'770 BC',208),
	(771,'771 BC',72),
	(772,'772 BC',179),
	(773,'773 BC',157),
	(774,'774 BC',170),
	(775,'775 BC',161),
	(776,'776 BC',142),
	(777,'777 BC',61),
	(778,'778 BC',200),
	(779,'779 BC',252),
	(780,'780 BC',208),
	(781,'781 BC',192),
	(782,'782 BC',163),
	(783,'783 BC',203),
	(784,'784 BC',180),
	(785,'785 BC',135),
	(786,'786 BC',212),
	(787,'787 BC',138),
	(788,'788 BC',224),
	(789,'789 BC',84),
	(790,'790 BC',55),
	(791,'791 BC',93),
	(792,'792 BC',64),
	(793,'793 BC',58),
	(794,'794 BC',115),
	(795,'795 BC',248),
	(796,'796 BC',179),
	(797,'797 BC',264),
	(798,'798 BC',76),
	(799,'799 BC',188),
	(800,'800 BC',242),
	(801,'801 BC',57),
	(802,'802 BC',167),
	(803,'803 BC',161),
	(804,'804 BC',172),
	(805,'805 BC',75),
	(806,'806 BC',62),
	(807,'807 BC',216),
	(808,'808 BC',228),
	(809,'809 BC',71),
	(810,'810 BC',222),
	(811,'811 BC',77),
	(812,'812 BC',215),
	(813,'813 BC',159),
	(814,'814 BC',85),
	(815,'815 BC',63),
	(816,'816 BC',134),
	(817,'817 BC',228),
	(818,'818 BC',140),
	(819,'819 BC',173),
	(820,'820 BC',216),
	(821,'821 BC',263),
	(822,'822 BC',239),
	(823,'823 BC',116),
	(824,'824 BC',263),
	(825,'825 BC',134),
	(826,'826 BC',94),
	(827,'827 BC',48),
	(828,'828 BC',152),
	(829,'829 BC',155),
	(830,'830 BC',228),
	(831,'831 BC',63),
	(832,'832 BC',151),
	(833,'833 BC',263),
	(834,'834 BC',168),
	(835,'835 BC',86),
	(836,'836 BC',153),
	(837,'837 BC',57),
	(838,'838 BC',90),
	(839,'839 BC',144),
	(840,'840 BC',120),
	(841,'841 BC',92),
	(842,'842 BC',148),
	(843,'843 BC',178),
	(844,'844 BC',194),
	(845,'845 BC',238),
	(846,'846 BC',145),
	(847,'847 BC',107),
	(848,'848 BC',183),
	(849,'849 BC',253),
	(850,'850 BC',116),
	(851,'851 BC',184),
	(852,'852 BC',120),
	(853,'853 BC',94),
	(854,'854 BC',201),
	(855,'855 BC',134),
	(856,'856 BC',185),
	(857,'857 BC',48),
	(858,'858 BC',149),
	(859,'859 BC',110),
	(860,'860 BC',218),
	(861,'861 BC',166),
	(862,'862 BC',231),
	(863,'863 BC',57),
	(864,'864 BC',184),
	(865,'865 BC',245),
	(866,'866 BC',99),
	(867,'867 BC',133),
	(868,'868 BC',162),
	(869,'869 BC',101),
	(870,'870 BC',217),
	(871,'871 BC',95),
	(872,'872 BC',153),
	(873,'873 BC',150),
	(874,'874 BC',52),
	(875,'875 BC',106),
	(876,'876 BC',254),
	(877,'877 BC',210),
	(878,'878 BC',68),
	(879,'879 BC',81),
	(880,'880 BC',214),
	(881,'881 BC',73),
	(882,'882 BC',171),
	(883,'883 BC',250),
	(884,'884 BC',79),
	(885,'885 BC',91),
	(886,'886 BC',232),
	(887,'887 BC',139),
	(888,'888 BC',123),
	(889,'889 BC',261),
	(890,'890 BC',221),
	(891,'891 BC',131),
	(892,'892 BC',174),
	(893,'893 BC',184),
	(894,'894 BC',120),
	(895,'895 BC',169),
	(896,'896 BC',220),
	(897,'897 BC',132),
	(898,'898 BC',141),
	(899,'899 BC',204),
	(900,'900 BC',187),
	(901,'901 BC',98),
	(902,'902 BC',49),
	(903,'903 BC',100),
	(904,'904 BC',75),
	(905,'905 BC',240),
	(906,'906 BC',104),
	(907,'907 BC',143),
	(908,'908 BC',251),
	(909,'909 BC',147),
	(910,'910 BC',70),
	(911,'911 BC',NULL),
	(912,'912 BC',NULL),
	(913,'913 BC',NULL),
	(914,'914 BC',NULL),
	(915,'915 BC',NULL),
	(916,'916 BC',NULL),
	(917,'917 BC',NULL),
	(918,'918 BC',NULL),
	(919,'919 BC',NULL),
	(920,'920 BC',NULL),
	(921,'921 BC',NULL),
	(922,'922 BC',NULL),
	(923,'923 BC',NULL),
	(924,'924 BC',NULL),
	(925,'925 BC',NULL),
	(926,'926 BC',NULL),
	(927,'927 BC',NULL),
	(928,'928 BC',NULL),
	(929,'929 BC',NULL),
	(930,'930 BC',NULL),
	(931,'931 BC',NULL),
	(932,'932 BC',NULL),
	(933,'933 BC',NULL),
	(934,'934 BC',NULL),
	(935,'935 BC',NULL),
	(936,'936 BC',NULL),
	(937,'937 BC',NULL),
	(938,'938 BC',NULL),
	(939,'939 BC',NULL),
	(940,'940 BC',NULL),
	(941,'941 BC',NULL),
	(942,'942 BC',NULL),
	(943,'943 BC',NULL),
	(944,'944 BC',NULL),
	(945,'945 BC',NULL),
	(946,'946 BC',NULL),
	(947,'947 BC',NULL),
	(948,'948 BC',NULL),
	(949,'949 BC',NULL),
	(950,'950 BC',NULL),
	(951,'951 BC',NULL),
	(952,'952 BC',NULL),
	(953,'953 BC',NULL),
	(954,'954 BC',NULL),
	(955,'955 BC',NULL),
	(956,'956 BC',NULL),
	(957,'957 BC',NULL),
	(958,'958 BC',NULL),
	(959,'959 BC',NULL),
	(960,'960 BC',NULL),
	(961,'961 BC',NULL),
	(962,'962 BC',NULL),
	(963,'963 BC',NULL),
	(964,'964 BC',NULL),
	(965,'965 BC',NULL),
	(966,'966 BC',NULL),
	(967,'967 BC',NULL),
	(968,'968 BC',NULL),
	(969,'969 BC',NULL),
	(970,'970 BC',NULL),
	(971,'971 BC',NULL),
	(972,'972 BC',NULL),
	(973,'973 BC',NULL),
	(974,'974 BC',NULL),
	(975,'975 BC',NULL),
	(976,'976 BC',NULL),
	(977,'977 BC',NULL),
	(978,'978 BC',NULL),
	(979,'979 BC',NULL),
	(980,'980 BC',NULL),
	(981,'981 BC',NULL),
	(982,'982 BC',NULL),
	(983,'983 BC',NULL),
	(984,'984 BC',NULL),
	(985,'985 BC',NULL),
	(986,'986 BC',NULL),
	(987,'987 BC',NULL),
	(988,'988 BC',NULL),
	(989,'989 BC',NULL),
	(990,'990 BC',NULL),
	(991,'991 BC',NULL),
	(992,'992 BC',NULL),
	(993,'993 BC',NULL),
	(994,'994 BC',NULL),
	(995,'995 BC',NULL),
	(996,'996 BC',NULL),
	(997,'997 BC',NULL),
	(998,'998 BC',NULL),
	(999,'999 BC',NULL),
	(1000,'1000 BC',NULL),
	(1001,'1001 BC',NULL),
	(1002,'1002 BC',NULL),
	(1003,'1003 BC',NULL),
	(1004,'1004 BC',NULL),
	(1005,'1005 BC',NULL),
	(1006,'1006 BC',NULL),
	(1007,'1007 BC',NULL),
	(1008,'1008 BC',NULL),
	(1009,'1009 BC',NULL),
	(1010,'1010 BC',NULL),
	(1011,'1011 BC',NULL),
	(1012,'1012 BC',NULL),
	(1013,'1013 BC',NULL),
	(1014,'1014 BC',NULL),
	(1015,'1015 BC',NULL),
	(1016,'1016 BC',NULL),
	(1017,'1017 BC',NULL),
	(1018,'1018 BC',NULL),
	(1019,'1019 BC',NULL),
	(1020,'1020 BC',NULL),
	(1021,'1021 BC',NULL),
	(1022,'1022 BC',NULL),
	(1023,'1023 BC',NULL),
	(1024,'1024 BC',NULL),
	(1025,'1025 BC',NULL),
	(1026,'1026 BC',NULL),
	(1027,'1027 BC',NULL),
	(1028,'1028 BC',NULL),
	(1029,'1029 BC',NULL),
	(1030,'1030 BC',NULL),
	(1031,'1031 BC',NULL),
	(1032,'1032 BC',NULL),
	(1033,'1033 BC',NULL),
	(1034,'1034 BC',NULL),
	(1035,'1035 BC',NULL),
	(1036,'1036 BC',NULL),
	(1037,'1037 BC',NULL),
	(1038,'1038 BC',NULL),
	(1039,'1039 BC',NULL),
	(1040,'1040 BC',NULL),
	(1041,'1041 BC',NULL),
	(1042,'1042 BC',NULL),
	(1043,'1043 BC',NULL),
	(1044,'1044 BC',NULL),
	(1045,'1045 BC',NULL),
	(1046,'1046 BC',NULL),
	(1047,'1047 BC',NULL),
	(1048,'1048 BC',NULL),
	(1049,'1049 BC',NULL),
	(1050,'1050 BC',NULL),
	(1051,'1051 BC',NULL),
	(1052,'1052 BC',NULL),
	(1053,'1053 BC',NULL),
	(1054,'1054 BC',NULL),
	(1055,'1055 BC',NULL),
	(1056,'1056 BC',NULL),
	(1057,'1057 BC',NULL),
	(1058,'1058 BC',NULL),
	(1059,'1059 BC',NULL),
	(1060,'1060 BC',NULL),
	(1061,'1061 BC',NULL),
	(1062,'1062 BC',NULL),
	(1063,'1063 BC',NULL),
	(1064,'1064 BC',NULL),
	(1065,'1065 BC',NULL),
	(1066,'1066 BC',NULL),
	(1067,'1067 BC',NULL),
	(1068,'1068 BC',NULL),
	(1069,'1069 BC',NULL),
	(1070,'1070 BC',NULL),
	(1071,'1071 BC',NULL),
	(1072,'1072 BC',NULL),
	(1073,'1073 BC',NULL),
	(1074,'1074 BC',NULL),
	(1075,'1075 BC',NULL),
	(1076,'1076 BC',NULL),
	(1077,'1077 BC',NULL),
	(1078,'1078 BC',NULL),
	(1079,'1079 BC',NULL),
	(1080,'1080 BC',NULL),
	(1081,'1081 BC',NULL),
	(1082,'1082 BC',NULL),
	(1083,'1083 BC',NULL),
	(1084,'1084 BC',NULL),
	(1085,'1085 BC',NULL),
	(1086,'1086 BC',NULL),
	(1087,'1087 BC',NULL),
	(1088,'1088 BC',NULL),
	(1089,'1089 BC',NULL),
	(1090,'1090 BC',NULL),
	(1091,'1091 BC',NULL),
	(1092,'1092 BC',NULL),
	(1093,'1093 BC',NULL),
	(1094,'1094 BC',NULL),
	(1095,'1095 BC',NULL),
	(1096,'1096 BC',NULL),
	(1097,'1097 BC',NULL),
	(1098,'1098 BC',NULL),
	(1099,'1099 BC',NULL),
	(1100,'1100 BC',NULL),
	(1101,'1101 BC',NULL),
	(1102,'1102 BC',NULL),
	(1103,'1103 BC',NULL),
	(1104,'1104 BC',NULL),
	(1105,'1105 BC',NULL),
	(1106,'1106 BC',NULL),
	(1107,'1107 BC',NULL),
	(1108,'1108 BC',NULL),
	(1109,'1109 BC',NULL),
	(1110,'1110 BC',NULL),
	(1111,'1111 BC',NULL),
	(1112,'1112 BC',NULL),
	(1113,'1113 BC',NULL),
	(1114,'1114 BC',NULL),
	(1115,'1115 BC',NULL),
	(1116,'1116 BC',NULL),
	(1117,'1117 BC',NULL),
	(1118,'1118 BC',NULL),
	(1119,'1119 BC',NULL),
	(1120,'1120 BC',NULL),
	(1121,'1121 BC',NULL),
	(1122,'1122 BC',NULL),
	(1123,'1123 BC',NULL),
	(1124,'1124 BC',NULL),
	(1125,'1125 BC',NULL),
	(1126,'1126 BC',NULL),
	(1127,'1127 BC',NULL),
	(1128,'1128 BC',NULL),
	(1129,'1129 BC',NULL),
	(1130,'1130 BC',NULL),
	(1131,'1131 BC',NULL),
	(1132,'1132 BC',NULL),
	(1133,'1133 BC',NULL),
	(1134,'1134 BC',NULL),
	(1135,'1135 BC',NULL),
	(1136,'1136 BC',NULL),
	(1137,'1137 BC',NULL),
	(1138,'1138 BC',NULL),
	(1139,'1139 BC',NULL),
	(1140,'1140 BC',NULL),
	(1141,'1141 BC',NULL),
	(1142,'1142 BC',NULL),
	(1143,'1143 BC',NULL),
	(1144,'1144 BC',NULL),
	(1145,'1145 BC',NULL),
	(1146,'1146 BC',NULL),
	(1147,'1147 BC',NULL),
	(1148,'1148 BC',NULL),
	(1149,'1149 BC',NULL),
	(1150,'1150 BC',NULL),
	(1151,'1151 BC',NULL),
	(1152,'1152 BC',NULL),
	(1153,'1153 BC',NULL),
	(1154,'1154 BC',NULL),
	(1155,'1155 BC',NULL),
	(1156,'1156 BC',NULL),
	(1157,'1157 BC',NULL),
	(1158,'1158 BC',NULL),
	(1159,'1159 BC',NULL),
	(1160,'1160 BC',NULL),
	(1161,'1161 BC',NULL),
	(1162,'1162 BC',NULL),
	(1163,'1163 BC',NULL),
	(1164,'1164 BC',NULL),
	(1165,'1165 BC',NULL),
	(1166,'1166 BC',NULL),
	(1167,'1167 BC',NULL),
	(1168,'1168 BC',NULL),
	(1169,'1169 BC',NULL),
	(1170,'1170 BC',NULL),
	(1171,'1171 BC',NULL),
	(1172,'1172 BC',NULL),
	(1173,'1173 BC',NULL),
	(1174,'1174 BC',NULL),
	(1175,'1175 BC',NULL),
	(1176,'1176 BC',NULL),
	(1177,'1177 BC',NULL),
	(1178,'1178 BC',NULL),
	(1179,'1179 BC',NULL),
	(1180,'1180 BC',NULL),
	(1181,'1181 BC',NULL),
	(1182,'1182 BC',NULL),
	(1183,'1183 BC',NULL),
	(1184,'1184 BC',NULL),
	(1185,'1185 BC',NULL),
	(1186,'1186 BC',NULL),
	(1187,'1187 BC',NULL),
	(1188,'1188 BC',NULL),
	(1189,'1189 BC',NULL),
	(1190,'1190 BC',NULL),
	(1191,'1191 BC',NULL),
	(1192,'1192 BC',NULL),
	(1193,'1193 BC',NULL),
	(1194,'1194 BC',NULL),
	(1195,'1195 BC',NULL),
	(1196,'1196 BC',NULL),
	(1197,'1197 BC',NULL),
	(1198,'1198 BC',NULL),
	(1199,'1199 BC',NULL),
	(1200,'1200 BC',NULL),
	(1201,'1201 BC',NULL),
	(1202,'1202 BC',NULL),
	(1203,'1203 BC',NULL),
	(1204,'1204 BC',NULL),
	(1205,'1205 BC',NULL),
	(1206,'1206 BC',NULL),
	(1207,'1207 BC',NULL),
	(1208,'1208 BC',NULL),
	(1209,'1209 BC',NULL),
	(1210,'1210 BC',NULL),
	(1211,'1211 BC',NULL),
	(1212,'1212 BC',NULL),
	(1213,'1213 BC',NULL),
	(1214,'1214 BC',NULL),
	(1215,'1215 BC',NULL),
	(1216,'1216 BC',NULL),
	(1217,'1217 BC',NULL),
	(1218,'1218 BC',NULL),
	(1219,'1219 BC',NULL),
	(1220,'1220 BC',NULL),
	(1221,'1221 BC',NULL),
	(1222,'1222 BC',NULL),
	(1223,'1223 BC',NULL),
	(1224,'1224 BC',NULL),
	(1225,'1225 BC',NULL),
	(1226,'1226 BC',NULL),
	(1227,'1227 BC',NULL),
	(1228,'1228 BC',NULL),
	(1229,'1229 BC',NULL),
	(1230,'1230 BC',NULL),
	(1231,'1231 BC',NULL),
	(1232,'1232 BC',NULL),
	(1233,'1233 BC',NULL),
	(1234,'1234 BC',NULL),
	(1235,'1235 BC',NULL),
	(1236,'1236 BC',NULL),
	(1237,'1237 BC',NULL),
	(1238,'1238 BC',NULL),
	(1239,'1239 BC',NULL),
	(1240,'1240 BC',NULL),
	(1241,'1241 BC',NULL),
	(1242,'1242 BC',NULL),
	(1243,'1243 BC',NULL),
	(1244,'1244 BC',NULL),
	(1245,'1245 BC',NULL),
	(1246,'1246 BC',NULL),
	(1247,'1247 BC',NULL),
	(1248,'1248 BC',NULL),
	(1249,'1249 BC',NULL),
	(1250,'1250 BC',NULL),
	(1251,'1251 BC',NULL),
	(1252,'1252 BC',NULL),
	(1253,'1253 BC',NULL),
	(1254,'1254 BC',NULL),
	(1255,'1255 BC',NULL),
	(1256,'1256 BC',NULL),
	(1257,'1257 BC',NULL),
	(1258,'1258 BC',NULL),
	(1259,'1259 BC',NULL),
	(1260,'1260 BC',NULL),
	(1261,'1261 BC',NULL),
	(1262,'1262 BC',NULL),
	(1263,'1263 BC',NULL),
	(1264,'1264 BC',NULL),
	(1265,'1265 BC',NULL),
	(1266,'1266 BC',NULL),
	(1267,'1267 BC',NULL),
	(1268,'1268 BC',NULL),
	(1269,'1269 BC',NULL),
	(1270,'1270 BC',NULL),
	(1271,'1271 BC',NULL),
	(1272,'1272 BC',NULL),
	(1273,'1273 BC',NULL),
	(1274,'1274 BC',NULL),
	(1275,'1275 BC',NULL),
	(1276,'1276 BC',NULL),
	(1277,'1277 BC',NULL),
	(1278,'1278 BC',NULL),
	(1279,'1279 BC',NULL),
	(1280,'1280 BC',NULL),
	(1281,'1281 BC',NULL),
	(1282,'1282 BC',NULL),
	(1283,'1283 BC',NULL),
	(1284,'1284 BC',NULL),
	(1285,'1285 BC',NULL),
	(1286,'1286 BC',NULL),
	(1287,'1287 BC',NULL),
	(1288,'1288 BC',NULL),
	(1289,'1289 BC',NULL),
	(1290,'1290 BC',NULL),
	(1291,'1291 BC',NULL),
	(1292,'1292 BC',NULL),
	(1293,'1293 BC',NULL),
	(1294,'1294 BC',NULL),
	(1295,'1295 BC',NULL),
	(1296,'1296 BC',NULL),
	(1297,'1297 BC',NULL),
	(1298,'1298 BC',NULL),
	(1299,'1299 BC',NULL),
	(1300,'1300 BC',NULL),
	(1301,'1301 BC',NULL),
	(1302,'1302 BC',NULL),
	(1303,'1303 BC',NULL),
	(1304,'1304 BC',NULL),
	(1305,'1305 BC',NULL),
	(1306,'1306 BC',NULL),
	(1307,'1307 BC',NULL),
	(1308,'1308 BC',NULL),
	(1309,'1309 BC',NULL),
	(1310,'1310 BC',NULL),
	(1311,'1311 BC',NULL),
	(1312,'1312 BC',NULL),
	(1313,'1313 BC',NULL),
	(1314,'1314 BC',NULL),
	(1315,'1315 BC',NULL),
	(1316,'1316 BC',NULL),
	(1317,'1317 BC',NULL),
	(1318,'1318 BC',NULL),
	(1319,'1319 BC',NULL),
	(1320,'1320 BC',NULL),
	(1321,'1321 BC',NULL),
	(1322,'1322 BC',NULL),
	(1323,'1323 BC',NULL),
	(1324,'1324 BC',NULL),
	(1325,'1325 BC',NULL),
	(1326,'1326 BC',NULL),
	(1327,'1327 BC',NULL),
	(1328,'1328 BC',NULL),
	(1329,'1329 BC',NULL),
	(1330,'1330 BC',NULL),
	(1331,'1331 BC',NULL),
	(1332,'1332 BC',NULL),
	(1333,'1333 BC',NULL),
	(1334,'1334 BC',NULL),
	(1335,'1335 BC',NULL),
	(1336,'1336 BC',NULL),
	(1337,'1337 BC',NULL),
	(1338,'1338 BC',NULL),
	(1339,'1339 BC',NULL),
	(1340,'1340 BC',NULL),
	(1341,'1341 BC',NULL),
	(1342,'1342 BC',NULL),
	(1343,'1343 BC',NULL),
	(1344,'1344 BC',NULL),
	(1345,'1345 BC',NULL),
	(1346,'1346 BC',NULL),
	(1347,'1347 BC',NULL),
	(1348,'1348 BC',NULL),
	(1349,'1349 BC',NULL),
	(1350,'1350 BC',NULL),
	(1351,'1351 BC',NULL),
	(1352,'1352 BC',NULL),
	(1353,'1353 BC',NULL),
	(1354,'1354 BC',NULL),
	(1355,'1355 BC',NULL),
	(1356,'1356 BC',NULL),
	(1357,'1357 BC',NULL),
	(1358,'1358 BC',NULL),
	(1359,'1359 BC',NULL),
	(1360,'1360 BC',NULL),
	(1361,'1361 BC',NULL),
	(1362,'1362 BC',NULL),
	(1363,'1363 BC',NULL),
	(1364,'1364 BC',NULL),
	(1365,'1365 BC',NULL),
	(1366,'1366 BC',NULL),
	(1367,'1367 BC',NULL),
	(1368,'1368 BC',NULL),
	(1369,'1369 BC',NULL),
	(1370,'1370 BC',NULL),
	(1371,'1371 BC',NULL),
	(1372,'1372 BC',NULL),
	(1373,'1373 BC',NULL),
	(1374,'1374 BC',NULL),
	(1375,'1375 BC',NULL),
	(1376,'1376 BC',NULL),
	(1377,'1377 BC',NULL),
	(1378,'1378 BC',NULL),
	(1379,'1379 BC',NULL),
	(1380,'1380 BC',NULL),
	(1381,'1381 BC',NULL),
	(1382,'1382 BC',NULL),
	(1383,'1383 BC',NULL),
	(1384,'1384 BC',NULL),
	(1385,'1385 BC',NULL),
	(1386,'1386 BC',NULL),
	(1387,'1387 BC',NULL),
	(1388,'1388 BC',NULL),
	(1389,'1389 BC',NULL),
	(1390,'1390 BC',NULL),
	(1391,'1391 BC',NULL),
	(1392,'1392 BC',NULL),
	(1393,'1393 BC',NULL),
	(1394,'1394 BC',NULL),
	(1395,'1395 BC',NULL),
	(1396,'1396 BC',NULL),
	(1397,'1397 BC',NULL),
	(1398,'1398 BC',NULL),
	(1399,'1399 BC',NULL),
	(1400,'1400 BC',NULL),
	(1401,'1401 BC',NULL),
	(1402,'1402 BC',NULL),
	(1403,'1403 BC',NULL),
	(1404,'1404 BC',NULL),
	(1405,'1405 BC',NULL),
	(1406,'1406 BC',NULL),
	(1407,'1407 BC',NULL),
	(1408,'1408 BC',NULL),
	(1409,'1409 BC',NULL),
	(1410,'1410 BC',NULL),
	(1411,'1411 BC',NULL),
	(1412,'1412 BC',NULL),
	(1413,'1413 BC',NULL),
	(1414,'1414 BC',NULL),
	(1415,'1415 BC',NULL),
	(1416,'1416 BC',NULL),
	(1417,'1417 BC',NULL),
	(1418,'1418 BC',NULL),
	(1419,'1419 BC',NULL),
	(1420,'1420 BC',NULL),
	(1421,'1421 BC',NULL),
	(1422,'1422 BC',NULL),
	(1423,'1423 BC',NULL),
	(1424,'1424 BC',NULL),
	(1425,'1425 BC',NULL),
	(1426,'1426 BC',NULL),
	(1427,'1427 BC',NULL),
	(1428,'1428 BC',NULL),
	(1429,'1429 BC',NULL),
	(1430,'1430 BC',NULL),
	(1431,'1431 BC',NULL),
	(1432,'1432 BC',NULL),
	(1433,'1433 BC',NULL),
	(1434,'1434 BC',NULL),
	(1435,'1435 BC',NULL),
	(1436,'1436 BC',NULL),
	(1437,'1437 BC',NULL),
	(1438,'1438 BC',NULL),
	(1439,'1439 BC',NULL),
	(1440,'1440 BC',NULL),
	(1441,'1441 BC',NULL),
	(1442,'1442 BC',NULL),
	(1443,'1443 BC',NULL),
	(1444,'1444 BC',NULL),
	(1445,'1445 BC',NULL),
	(1446,'1446 BC',NULL),
	(1447,'1447 BC',NULL),
	(1448,'1448 BC',NULL),
	(1449,'1449 BC',NULL),
	(1450,'1450 BC',NULL),
	(1451,'1451 BC',NULL),
	(1452,'1452 BC',NULL),
	(1453,'1453 BC',NULL),
	(1454,'1454 BC',NULL),
	(1455,'1455 BC',NULL),
	(1456,'1456 BC',NULL),
	(1457,'1457 BC',NULL),
	(1458,'1458 BC',NULL),
	(1459,'1459 BC',NULL),
	(1460,'1460 BC',NULL),
	(1461,'1461 BC',NULL),
	(1462,'1462 BC',NULL),
	(1463,'1463 BC',NULL),
	(1464,'1464 BC',NULL),
	(1465,'1465 BC',NULL),
	(1466,'1466 BC',NULL),
	(1467,'1467 BC',NULL),
	(1468,'1468 BC',NULL),
	(1469,'1469 BC',NULL),
	(1470,'1470 BC',NULL),
	(1471,'1471 BC',NULL),
	(1472,'1472 BC',NULL),
	(1473,'1473 BC',NULL),
	(1474,'1474 BC',NULL),
	(1475,'1475 BC',NULL),
	(1476,'1476 BC',NULL),
	(1477,'1477 BC',NULL),
	(1478,'1478 BC',NULL),
	(1479,'1479 BC',NULL),
	(1480,'1480 BC',NULL),
	(1481,'1481 BC',NULL),
	(1482,'1482 BC',NULL),
	(1483,'1483 BC',NULL),
	(1484,'1484 BC',NULL),
	(1485,'1485 BC',NULL),
	(1486,'1486 BC',NULL),
	(1487,'1487 BC',NULL),
	(1488,'1488 BC',NULL),
	(1489,'1489 BC',NULL),
	(1490,'1490 BC',NULL),
	(1491,'1491 BC',NULL),
	(1492,'1492 BC',NULL),
	(1493,'1493 BC',NULL),
	(1494,'1494 BC',NULL),
	(1495,'1495 BC',NULL),
	(1496,'1496 BC',NULL),
	(1497,'1497 BC',NULL),
	(1498,'1498 BC',NULL),
	(1499,'1499 BC',NULL),
	(1500,'1500 BC',NULL),
	(1501,'1501 BC',NULL),
	(1502,'1502 BC',NULL),
	(1503,'1503 BC',NULL),
	(1504,'1504 BC',NULL),
	(1505,'1505 BC',NULL),
	(1506,'1506 BC',NULL),
	(1507,'1507 BC',NULL),
	(1508,'1508 BC',NULL),
	(1509,'1509 BC',NULL),
	(1510,'1510 BC',NULL),
	(1511,'1511 BC',NULL),
	(1512,'1512 BC',NULL),
	(1513,'1513 BC',NULL),
	(1514,'1514 BC',NULL),
	(1515,'1515 BC',NULL),
	(1516,'1516 BC',NULL),
	(1517,'1517 BC',NULL),
	(1518,'1518 BC',NULL),
	(1519,'1519 BC',NULL),
	(1520,'1520 BC',NULL),
	(1521,'1521 BC',NULL),
	(1522,'1522 BC',NULL),
	(1523,'1523 BC',NULL),
	(1524,'1524 BC',NULL),
	(1525,'1525 BC',NULL),
	(1526,'1526 BC',NULL),
	(1527,'1527 BC',NULL),
	(1528,'1528 BC',NULL),
	(1529,'1529 BC',NULL),
	(1530,'1530 BC',NULL),
	(1531,'1531 BC',NULL),
	(1532,'1532 BC',NULL),
	(1533,'1533 BC',NULL),
	(1534,'1534 BC',NULL),
	(1535,'1535 BC',NULL),
	(1536,'1536 BC',NULL),
	(1537,'1537 BC',NULL),
	(1538,'1538 BC',NULL),
	(1539,'1539 BC',NULL),
	(1540,'1540 BC',NULL),
	(1541,'1541 BC',NULL),
	(1542,'1542 BC',NULL),
	(1543,'1543 BC',NULL),
	(1544,'1544 BC',NULL),
	(1545,'1545 BC',NULL),
	(1546,'1546 BC',NULL),
	(1547,'1547 BC',NULL),
	(1548,'1548 BC',NULL),
	(1549,'1549 BC',NULL),
	(1550,'1550 BC',NULL),
	(1551,'1551 BC',NULL),
	(1552,'1552 BC',NULL),
	(1553,'1553 BC',NULL),
	(1554,'1554 BC',NULL),
	(1555,'1555 BC',NULL),
	(1556,'1556 BC',NULL),
	(1557,'1557 BC',NULL),
	(1558,'1558 BC',NULL),
	(1559,'1559 BC',NULL),
	(1560,'1560 BC',NULL),
	(1561,'1561 BC',NULL),
	(1562,'1562 BC',NULL),
	(1563,'1563 BC',NULL),
	(1564,'1564 BC',NULL),
	(1565,'1565 BC',NULL),
	(1566,'1566 BC',NULL),
	(1567,'1567 BC',NULL),
	(1568,'1568 BC',NULL),
	(1569,'1569 BC',NULL),
	(1570,'1570 BC',NULL),
	(1571,'1571 BC',NULL),
	(1572,'1572 BC',NULL),
	(1573,'1573 BC',NULL),
	(1574,'1574 BC',NULL),
	(1575,'1575 BC',NULL),
	(1576,'1576 BC',NULL),
	(1577,'1577 BC',NULL),
	(1578,'1578 BC',NULL),
	(1579,'1579 BC',NULL),
	(1580,'1580 BC',NULL),
	(1581,'1581 BC',NULL),
	(1582,'1582 BC',NULL),
	(1583,'1583 BC',NULL),
	(1584,'1584 BC',NULL),
	(1585,'1585 BC',NULL),
	(1586,'1586 BC',NULL),
	(1587,'1587 BC',NULL),
	(1588,'1588 BC',NULL),
	(1589,'1589 BC',NULL),
	(1590,'1590 BC',NULL),
	(1591,'1591 BC',NULL),
	(1592,'1592 BC',NULL),
	(1593,'1593 BC',NULL),
	(1594,'1594 BC',NULL),
	(1595,'1595 BC',NULL),
	(1596,'1596 BC',NULL),
	(1597,'1597 BC',NULL),
	(1598,'1598 BC',NULL),
	(1599,'1599 BC',NULL),
	(1600,'1600 BC',NULL),
	(1601,'1601 BC',NULL),
	(1602,'1602 BC',NULL),
	(1603,'1603 BC',NULL),
	(1604,'1604 BC',NULL),
	(1605,'1605 BC',NULL),
	(1606,'1606 BC',NULL),
	(1607,'1607 BC',NULL),
	(1608,'1608 BC',NULL),
	(1609,'1609 BC',NULL),
	(1610,'1610 BC',NULL),
	(1611,'1611 BC',NULL),
	(1612,'1612 BC',NULL),
	(1613,'1613 BC',NULL),
	(1614,'1614 BC',NULL),
	(1615,'1615 BC',NULL),
	(1616,'1616 BC',NULL),
	(1617,'1617 BC',NULL),
	(1618,'1618 BC',NULL),
	(1619,'1619 BC',NULL),
	(1620,'1620 BC',NULL),
	(1621,'1621 BC',NULL),
	(1622,'1622 BC',NULL),
	(1623,'1623 BC',NULL),
	(1624,'1624 BC',NULL),
	(1625,'1625 BC',NULL),
	(1626,'1626 BC',NULL),
	(1627,'1627 BC',NULL),
	(1628,'1628 BC',NULL),
	(1629,'1629 BC',NULL),
	(1630,'1630 BC',NULL),
	(1631,'1631 BC',NULL),
	(1632,'1632 BC',NULL),
	(1633,'1633 BC',NULL),
	(1634,'1634 BC',NULL),
	(1635,'1635 BC',NULL),
	(1636,'1636 BC',NULL),
	(1637,'1637 BC',NULL),
	(1638,'1638 BC',NULL),
	(1639,'1639 BC',NULL),
	(1640,'1640 BC',NULL),
	(1641,'1641 BC',NULL),
	(1642,'1642 BC',NULL),
	(1643,'1643 BC',NULL),
	(1644,'1644 BC',NULL),
	(1645,'1645 BC',NULL),
	(1646,'1646 BC',NULL),
	(1647,'1647 BC',NULL),
	(1648,'1648 BC',NULL),
	(1649,'1649 BC',NULL),
	(1650,'1650 BC',NULL),
	(1651,'1651 BC',NULL),
	(1652,'1652 BC',NULL),
	(1653,'1653 BC',NULL),
	(1654,'1654 BC',NULL),
	(1655,'1655 BC',NULL),
	(1656,'1656 BC',NULL),
	(1657,'1657 BC',NULL),
	(1658,'1658 BC',NULL),
	(1659,'1659 BC',NULL),
	(1660,'1660 BC',NULL),
	(1661,'1661 BC',NULL),
	(1662,'1662 BC',NULL),
	(1663,'1663 BC',NULL),
	(1664,'1664 BC',NULL),
	(1665,'1665 BC',NULL),
	(1666,'1666 BC',NULL),
	(1667,'1667 BC',NULL),
	(1668,'1668 BC',NULL),
	(1669,'1669 BC',NULL),
	(1670,'1670 BC',NULL),
	(1671,'1671 BC',NULL),
	(1672,'1672 BC',NULL),
	(1673,'1673 BC',NULL),
	(1674,'1674 BC',NULL),
	(1675,'1675 BC',NULL),
	(1676,'1676 BC',NULL),
	(1677,'1677 BC',NULL),
	(1678,'1678 BC',NULL),
	(1679,'1679 BC',NULL),
	(1680,'1680 BC',NULL),
	(1681,'1681 BC',NULL),
	(1682,'1682 BC',NULL),
	(1683,'1683 BC',NULL),
	(1684,'1684 BC',NULL),
	(1685,'1685 BC',NULL),
	(1686,'1686 BC',NULL),
	(1687,'1687 BC',NULL),
	(1688,'1688 BC',NULL),
	(1689,'1689 BC',NULL),
	(1690,'1690 BC',NULL),
	(1691,'1691 BC',NULL),
	(1692,'1692 BC',NULL),
	(1693,'1693 BC',NULL),
	(1694,'1694 BC',NULL),
	(1695,'1695 BC',NULL),
	(1696,'1696 BC',NULL),
	(1697,'1697 BC',NULL),
	(1698,'1698 BC',NULL),
	(1699,'1699 BC',NULL),
	(1700,'1700 BC',NULL),
	(1701,'1701 BC',NULL),
	(1702,'1702 BC',NULL),
	(1703,'1703 BC',NULL),
	(1704,'1704 BC',NULL),
	(1705,'1705 BC',NULL),
	(1706,'1706 BC',NULL),
	(1707,'1707 BC',NULL),
	(1708,'1708 BC',NULL),
	(1709,'1709 BC',NULL),
	(1710,'1710 BC',NULL),
	(1711,'1711 BC',NULL),
	(1712,'1712 BC',NULL),
	(1713,'1713 BC',NULL),
	(1714,'1714 BC',NULL),
	(1715,'1715 BC',NULL),
	(1716,'1716 BC',NULL),
	(1717,'1717 BC',NULL),
	(1718,'1718 BC',NULL),
	(1719,'1719 BC',NULL),
	(1720,'1720 BC',NULL),
	(1721,'1721 BC',NULL),
	(1722,'1722 BC',NULL),
	(1723,'1723 BC',NULL),
	(1724,'1724 BC',NULL),
	(1725,'1725 BC',NULL),
	(1726,'1726 BC',NULL),
	(1727,'1727 BC',NULL),
	(1728,'1728 BC',NULL),
	(1729,'1729 BC',NULL),
	(1730,'1730 BC',NULL),
	(1731,'1731 BC',NULL),
	(1732,'1732 BC',NULL),
	(1733,'1733 BC',NULL),
	(1734,'1734 BC',NULL),
	(1735,'1735 BC',NULL),
	(1736,'1736 BC',NULL),
	(1737,'1737 BC',NULL),
	(1738,'1738 BC',NULL),
	(1739,'1739 BC',NULL),
	(1740,'1740 BC',NULL),
	(1741,'1741 BC',NULL),
	(1742,'1742 BC',NULL),
	(1743,'1743 BC',NULL),
	(1744,'1744 BC',NULL),
	(1745,'1745 BC',NULL),
	(1746,'1746 BC',NULL),
	(1747,'1747 BC',NULL),
	(1748,'1748 BC',NULL),
	(1749,'1749 BC',NULL),
	(1750,'1750 BC',NULL),
	(1751,'1751 BC',NULL),
	(1752,'1752 BC',NULL),
	(1753,'1753 BC',NULL),
	(1754,'1754 BC',NULL),
	(1755,'1755 BC',NULL),
	(1756,'1756 BC',NULL),
	(1757,'1757 BC',NULL),
	(1758,'1758 BC',NULL),
	(1759,'1759 BC',NULL),
	(1760,'1760 BC',NULL),
	(1761,'1761 BC',NULL),
	(1762,'1762 BC',NULL),
	(1763,'1763 BC',NULL),
	(1764,'1764 BC',NULL),
	(1765,'1765 BC',NULL),
	(1766,'1766 BC',NULL),
	(1767,'1767 BC',NULL),
	(1768,'1768 BC',NULL),
	(1769,'1769 BC',NULL),
	(1770,'1770 BC',NULL),
	(1771,'1771 BC',NULL),
	(1772,'1772 BC',NULL),
	(1773,'1773 BC',NULL),
	(1774,'1774 BC',NULL),
	(1775,'1775 BC',NULL),
	(1776,'1776 BC',NULL),
	(1777,'1777 BC',NULL),
	(1778,'1778 BC',NULL),
	(1779,'1779 BC',NULL),
	(1780,'1780 BC',NULL),
	(1781,'1781 BC',NULL),
	(1782,'1782 BC',NULL),
	(1783,'1783 BC',NULL),
	(1784,'1784 BC',NULL),
	(1785,'1785 BC',NULL),
	(1786,'1786 BC',NULL),
	(1787,'1787 BC',NULL),
	(1788,'1788 BC',NULL),
	(1789,'1789 BC',NULL),
	(1790,'1790 BC',NULL),
	(1791,'1791 BC',NULL),
	(1792,'1792 BC',NULL),
	(1793,'1793 BC',NULL),
	(1794,'1794 BC',NULL),
	(1795,'1795 BC',NULL),
	(1796,'1796 BC',NULL),
	(1797,'1797 BC',NULL),
	(1798,'1798 BC',NULL),
	(1799,'1799 BC',NULL),
	(1800,'1800 BC',NULL),
	(1801,'1801 BC',NULL),
	(1802,'1802 BC',NULL),
	(1803,'1803 BC',NULL),
	(1804,'1804 BC',NULL),
	(1805,'1805 BC',NULL),
	(1806,'1806 BC',NULL),
	(1807,'1807 BC',NULL),
	(1808,'1808 BC',NULL),
	(1809,'1809 BC',NULL),
	(1810,'1810 BC',NULL),
	(1811,'1811 BC',NULL),
	(1812,'1812 BC',NULL),
	(1813,'1813 BC',NULL),
	(1814,'1814 BC',NULL),
	(1815,'1815 BC',NULL),
	(1816,'1816 BC',NULL),
	(1817,'1817 BC',NULL),
	(1818,'1818 BC',NULL),
	(1819,'1819 BC',NULL),
	(1820,'1820 BC',NULL),
	(1821,'1821 BC',NULL),
	(1822,'1822 BC',NULL),
	(1823,'1823 BC',NULL),
	(1824,'1824 BC',NULL),
	(1825,'1825 BC',NULL),
	(1826,'1826 BC',NULL),
	(1827,'1827 BC',NULL),
	(1828,'1828 BC',NULL),
	(1829,'1829 BC',NULL),
	(1830,'1830 BC',NULL),
	(1831,'1831 BC',NULL),
	(1832,'1832 BC',NULL),
	(1833,'1833 BC',NULL),
	(1834,'1834 BC',NULL),
	(1835,'1835 BC',NULL),
	(1836,'1836 BC',NULL),
	(1837,'1837 BC',NULL),
	(1838,'1838 BC',NULL),
	(1839,'1839 BC',NULL),
	(1840,'1840 BC',NULL),
	(1841,'1841 BC',NULL),
	(1842,'1842 BC',NULL),
	(1843,'1843 BC',NULL),
	(1844,'1844 BC',NULL),
	(1845,'1845 BC',NULL),
	(1846,'1846 BC',NULL),
	(1847,'1847 BC',NULL),
	(1848,'1848 BC',NULL),
	(1849,'1849 BC',NULL),
	(1850,'1850 BC',NULL),
	(1851,'1851 BC',NULL),
	(1852,'1852 BC',NULL),
	(1853,'1853 BC',NULL),
	(1854,'1854 BC',NULL),
	(1855,'1855 BC',NULL),
	(1856,'1856 BC',NULL),
	(1857,'1857 BC',NULL),
	(1858,'1858 BC',NULL),
	(1859,'1859 BC',NULL),
	(1860,'1860 BC',NULL),
	(1861,'1861 BC',NULL),
	(1862,'1862 BC',NULL),
	(1863,'1863 BC',NULL),
	(1864,'1864 BC',NULL),
	(1865,'1865 BC',NULL),
	(1866,'1866 BC',NULL),
	(1867,'1867 BC',NULL),
	(1868,'1868 BC',NULL),
	(1869,'1869 BC',NULL),
	(1870,'1870 BC',NULL),
	(1871,'1871 BC',NULL),
	(1872,'1872 BC',NULL),
	(1873,'1873 BC',NULL),
	(1874,'1874 BC',NULL),
	(1875,'1875 BC',NULL),
	(1876,'1876 BC',NULL),
	(1877,'1877 BC',NULL),
	(1878,'1878 BC',NULL),
	(1879,'1879 BC',NULL),
	(1880,'1880 BC',NULL),
	(1881,'1881 BC',NULL),
	(1882,'1882 BC',NULL),
	(1883,'1883 BC',NULL),
	(1884,'1884 BC',NULL),
	(1885,'1885 BC',NULL),
	(1886,'1886 BC',NULL),
	(1887,'1887 BC',NULL),
	(1888,'1888 BC',NULL),
	(1889,'1889 BC',NULL),
	(1890,'1890 BC',NULL),
	(1891,'1891 BC',NULL),
	(1892,'1892 BC',NULL),
	(1893,'1893 BC',NULL),
	(1894,'1894 BC',NULL),
	(1895,'1895 BC',NULL),
	(1896,'1896 BC',NULL),
	(1897,'1897 BC',NULL),
	(1898,'1898 BC',NULL),
	(1899,'1899 BC',NULL),
	(1900,'1900 BC',NULL),
	(1901,'1901 BC',NULL),
	(1902,'1902 BC',NULL),
	(1903,'1903 BC',NULL),
	(1904,'1904 BC',NULL),
	(1905,'1905 BC',NULL),
	(1906,'1906 BC',NULL),
	(1907,'1907 BC',NULL),
	(1908,'1908 BC',NULL),
	(1909,'1909 BC',NULL),
	(1910,'1910 BC',NULL),
	(1911,'1911 BC',NULL),
	(1912,'1912 BC',NULL),
	(1913,'1913 BC',NULL),
	(1914,'1914 BC',NULL),
	(1915,'1915 BC',NULL),
	(1916,'1916 BC',NULL),
	(1917,'1917 BC',NULL),
	(1918,'1918 BC',NULL),
	(1919,'1919 BC',NULL),
	(1920,'1920 BC',NULL),
	(1921,'1921 BC',NULL),
	(1922,'1922 BC',NULL),
	(1923,'1923 BC',NULL),
	(1924,'1924 BC',NULL),
	(1925,'1925 BC',NULL),
	(1926,'1926 BC',NULL),
	(1927,'1927 BC',NULL),
	(1928,'1928 BC',NULL),
	(1929,'1929 BC',NULL),
	(1930,'1930 BC',NULL),
	(1931,'1931 BC',NULL),
	(1932,'1932 BC',NULL),
	(1933,'1933 BC',NULL),
	(1934,'1934 BC',NULL),
	(1935,'1935 BC',NULL),
	(1936,'1936 BC',NULL),
	(1937,'1937 BC',NULL),
	(1938,'1938 BC',NULL),
	(1939,'1939 BC',NULL),
	(1940,'1940 BC',NULL),
	(1941,'1941 BC',NULL),
	(1942,'1942 BC',NULL),
	(1943,'1943 BC',NULL),
	(1944,'1944 BC',NULL),
	(1945,'1945 BC',NULL),
	(1946,'1946 BC',NULL),
	(1947,'1947 BC',NULL),
	(1948,'1948 BC',NULL),
	(1949,'1949 BC',NULL),
	(1950,'1950 BC',NULL),
	(1951,'1951 BC',NULL),
	(1952,'1952 BC',NULL),
	(1953,'1953 BC',NULL),
	(1954,'1954 BC',NULL),
	(1955,'1955 BC',NULL),
	(1956,'1956 BC',NULL),
	(1957,'1957 BC',NULL),
	(1958,'1958 BC',NULL),
	(1959,'1959 BC',NULL),
	(1960,'1960 BC',NULL),
	(1961,'1961 BC',NULL),
	(1962,'1962 BC',NULL),
	(1963,'1963 BC',NULL),
	(1964,'1964 BC',NULL),
	(1965,'1965 BC',NULL),
	(1966,'1966 BC',NULL),
	(1967,'1967 BC',NULL),
	(1968,'1968 BC',NULL),
	(1969,'1969 BC',NULL),
	(1970,'1970 BC',NULL),
	(1971,'1971 BC',NULL),
	(1972,'1972 BC',NULL),
	(1973,'1973 BC',NULL),
	(1974,'1974 BC',NULL),
	(1975,'1975 BC',NULL),
	(1976,'1976 BC',NULL),
	(1977,'1977 BC',NULL),
	(1978,'1978 BC',NULL),
	(1979,'1979 BC',NULL),
	(1980,'1980 BC',NULL),
	(1981,'1981 BC',NULL),
	(1982,'1982 BC',NULL),
	(1983,'1983 BC',NULL),
	(1984,'1984 BC',NULL),
	(1985,'1985 BC',NULL),
	(1986,'1986 BC',NULL),
	(1987,'1987 BC',NULL),
	(1988,'1988 BC',NULL),
	(1989,'1989 BC',NULL),
	(1990,'1990 BC',NULL),
	(1991,'1991 BC',NULL),
	(1992,'1992 BC',NULL),
	(1993,'1993 BC',NULL),
	(1994,'1994 BC',NULL),
	(1995,'1995 BC',NULL),
	(1996,'1996 BC',NULL),
	(1997,'1997 BC',NULL),
	(1998,'1998 BC',NULL),
	(1999,'1999 BC',NULL),
	(2000,'2000 BC',NULL),
	(2001,'2001 BC',NULL),
	(2002,'2002 BC',NULL),
	(2003,'2003 BC',NULL),
	(2004,'2004 BC',NULL),
	(2005,'2005 BC',NULL),
	(2006,'2006 BC',NULL),
	(2007,'2007 BC',NULL),
	(2008,'2008 BC',NULL),
	(2009,'2009 BC',NULL),
	(2010,'2010 BC',NULL),
	(2011,'2011 BC',NULL),
	(2012,'2012 BC',NULL),
	(2013,'2013 BC',NULL),
	(2014,'2014 BC',NULL),
	(2015,'2015 BC',NULL),
	(2016,'2016 BC',NULL),
	(2017,'2017 BC',NULL),
	(2018,'2018 BC',NULL),
	(2019,'2019 BC',NULL),
	(2020,'2020 BC',NULL),
	(2021,'2021 BC',NULL),
	(2022,'2022 BC',NULL),
	(2023,'2023 BC',NULL),
	(2024,'2024 BC',NULL),
	(2025,'2025 BC',NULL),
	(2026,'2026 BC',NULL),
	(2027,'2027 BC',NULL),
	(2028,'2028 BC',NULL),
	(2029,'2029 BC',NULL),
	(2030,'2030 BC',NULL),
	(2031,'2031 BC',NULL),
	(2032,'2032 BC',NULL),
	(2033,'2033 BC',NULL),
	(2034,'2034 BC',NULL),
	(2035,'2035 BC',NULL),
	(2036,'2036 BC',NULL),
	(2037,'2037 BC',NULL),
	(2038,'2038 BC',NULL),
	(2039,'2039 BC',NULL),
	(2040,'2040 BC',NULL),
	(2041,'2041 BC',NULL),
	(2042,'2042 BC',NULL),
	(2043,'2043 BC',NULL),
	(2044,'2044 BC',NULL),
	(2045,'2045 BC',NULL),
	(2046,'2046 BC',NULL),
	(2047,'2047 BC',NULL),
	(2048,'2048 BC',NULL),
	(2049,'2049 BC',NULL),
	(2050,'2050 BC',NULL),
	(2051,'2051 BC',NULL),
	(2052,'2052 BC',NULL),
	(2053,'2053 BC',NULL),
	(2054,'2054 BC',NULL),
	(2055,'2055 BC',NULL),
	(2056,'2056 BC',NULL),
	(2057,'2057 BC',NULL),
	(2058,'2058 BC',NULL),
	(2059,'2059 BC',NULL),
	(2060,'2060 BC',NULL),
	(2061,'2061 BC',NULL),
	(2062,'2062 BC',NULL),
	(2063,'2063 BC',NULL),
	(2064,'2064 BC',NULL),
	(2065,'2065 BC',NULL),
	(2066,'2066 BC',NULL),
	(2067,'2067 BC',NULL),
	(2068,'2068 BC',NULL),
	(2069,'2069 BC',NULL),
	(2070,'2070 BC',NULL),
	(2071,'2071 BC',NULL),
	(2072,'2072 BC',NULL),
	(2073,'2073 BC',NULL),
	(2074,'2074 BC',NULL),
	(2075,'2075 BC',NULL),
	(2076,'2076 BC',NULL),
	(2077,'2077 BC',NULL),
	(2078,'2078 BC',NULL),
	(2079,'2079 BC',NULL),
	(2080,'2080 BC',NULL),
	(2081,'2081 BC',NULL),
	(2082,'2082 BC',NULL),
	(2083,'2083 BC',NULL),
	(2084,'2084 BC',NULL),
	(2085,'2085 BC',NULL),
	(2086,'2086 BC',NULL),
	(2087,'2087 BC',NULL),
	(2088,'2088 BC',NULL),
	(2089,'2089 BC',NULL),
	(2090,'2090 BC',NULL),
	(2091,'2091 BC',NULL),
	(2092,'2092 BC',NULL),
	(2093,'2093 BC',NULL),
	(2094,'2094 BC',NULL),
	(2095,'2095 BC',NULL),
	(2096,'2096 BC',NULL),
	(2097,'2097 BC',NULL),
	(2098,'2098 BC',NULL),
	(2099,'2099 BC',NULL),
	(2100,'2100 BC',NULL),
	(2101,'2101 BC',NULL),
	(2102,'2102 BC',NULL),
	(2103,'2103 BC',NULL),
	(2104,'2104 BC',NULL),
	(2105,'2105 BC',NULL),
	(2106,'2106 BC',NULL),
	(2107,'2107 BC',NULL),
	(2108,'2108 BC',NULL),
	(2109,'2109 BC',NULL),
	(2110,'2110 BC',NULL),
	(2111,'2111 BC',NULL),
	(2112,'2112 BC',NULL),
	(2113,'2113 BC',NULL),
	(2114,'2114 BC',NULL),
	(2115,'2115 BC',NULL),
	(2116,'2116 BC',NULL),
	(2117,'2117 BC',NULL),
	(2118,'2118 BC',NULL),
	(2119,'2119 BC',NULL),
	(2120,'2120 BC',NULL),
	(2121,'2121 BC',NULL),
	(2122,'2122 BC',NULL),
	(2123,'2123 BC',NULL),
	(2124,'2124 BC',NULL),
	(2125,'2125 BC',NULL),
	(2126,'2126 BC',NULL),
	(2127,'2127 BC',NULL),
	(2128,'2128 BC',NULL),
	(2129,'2129 BC',NULL),
	(2130,'2130 BC',NULL),
	(2131,'2131 BC',NULL),
	(2132,'2132 BC',NULL),
	(2133,'2133 BC',NULL),
	(2134,'2134 BC',NULL),
	(2135,'2135 BC',NULL),
	(2136,'2136 BC',NULL),
	(2137,'2137 BC',NULL),
	(2138,'2138 BC',NULL),
	(2139,'2139 BC',NULL),
	(2140,'2140 BC',NULL),
	(2141,'2141 BC',NULL),
	(2142,'2142 BC',NULL),
	(2143,'2143 BC',NULL),
	(2144,'2144 BC',NULL),
	(2145,'2145 BC',NULL),
	(2146,'2146 BC',NULL),
	(2147,'2147 BC',NULL),
	(2148,'2148 BC',NULL),
	(2149,'2149 BC',NULL),
	(2150,'2150 BC',NULL),
	(2151,'2151 BC',NULL),
	(2152,'2152 BC',NULL),
	(2153,'2153 BC',NULL),
	(2154,'2154 BC',NULL),
	(2155,'2155 BC',NULL),
	(2156,'2156 BC',NULL),
	(2157,'2157 BC',NULL),
	(2158,'2158 BC',NULL),
	(2159,'2159 BC',NULL),
	(2160,'2160 BC',NULL),
	(2161,'2161 BC',NULL),
	(2162,'2162 BC',NULL),
	(2163,'2163 BC',NULL),
	(2164,'2164 BC',NULL),
	(2165,'2165 BC',NULL),
	(2166,'2166 BC',NULL),
	(2167,'2167 BC',NULL),
	(2168,'2168 BC',NULL),
	(2169,'2169 BC',NULL),
	(2170,'2170 BC',NULL),
	(2171,'2171 BC',NULL),
	(2172,'2172 BC',NULL),
	(2173,'2173 BC',NULL),
	(2174,'2174 BC',NULL),
	(2175,'2175 BC',NULL),
	(2176,'2176 BC',NULL),
	(2177,'2177 BC',NULL),
	(2178,'2178 BC',NULL),
	(2179,'2179 BC',NULL),
	(2180,'2180 BC',NULL),
	(2181,'2181 BC',NULL),
	(2182,'2182 BC',NULL),
	(2183,'2183 BC',NULL),
	(2184,'2184 BC',NULL),
	(2185,'2185 BC',NULL),
	(2186,'2186 BC',NULL),
	(2187,'2187 BC',NULL),
	(2188,'2188 BC',NULL),
	(2189,'2189 BC',NULL),
	(2190,'2190 BC',NULL),
	(2191,'2191 BC',NULL),
	(2192,'2192 BC',NULL),
	(2193,'2193 BC',NULL),
	(2194,'2194 BC',NULL),
	(2195,'2195 BC',NULL),
	(2196,'2196 BC',NULL),
	(2197,'2197 BC',NULL),
	(2198,'2198 BC',NULL),
	(2199,'2199 BC',NULL),
	(2200,'2200 BC',NULL),
	(2201,'2201 BC',NULL),
	(2202,'2202 BC',NULL),
	(2203,'2203 BC',NULL),
	(2204,'2204 BC',NULL),
	(2205,'2205 BC',NULL),
	(2206,'2206 BC',NULL),
	(2207,'2207 BC',NULL),
	(2208,'2208 BC',NULL),
	(2209,'2209 BC',NULL),
	(2210,'2210 BC',NULL),
	(2211,'2211 BC',NULL),
	(2212,'2212 BC',NULL),
	(2213,'2213 BC',NULL),
	(2214,'2214 BC',NULL),
	(2215,'2215 BC',NULL),
	(2216,'2216 BC',NULL),
	(2217,'2217 BC',NULL),
	(2218,'2218 BC',NULL),
	(2219,'2219 BC',NULL),
	(2220,'2220 BC',NULL),
	(2221,'2221 BC',NULL),
	(2222,'2222 BC',NULL),
	(2223,'2223 BC',NULL),
	(2224,'2224 BC',NULL),
	(2225,'2225 BC',NULL),
	(2226,'2226 BC',NULL),
	(2227,'2227 BC',NULL),
	(2228,'2228 BC',NULL),
	(2229,'2229 BC',NULL),
	(2230,'2230 BC',NULL),
	(2231,'2231 BC',NULL),
	(2232,'2232 BC',NULL),
	(2233,'2233 BC',NULL),
	(2234,'2234 BC',NULL),
	(2235,'2235 BC',NULL),
	(2236,'2236 BC',NULL),
	(2237,'2237 BC',NULL),
	(2238,'2238 BC',NULL),
	(2239,'2239 BC',NULL),
	(2240,'2240 BC',NULL),
	(2241,'2241 BC',NULL),
	(2242,'2242 BC',NULL),
	(2243,'2243 BC',NULL),
	(2244,'2244 BC',NULL),
	(2245,'2245 BC',NULL),
	(2246,'2246 BC',NULL),
	(2247,'2247 BC',NULL),
	(2248,'2248 BC',NULL),
	(2249,'2249 BC',NULL),
	(2250,'2250 BC',NULL),
	(2251,'2251 BC',NULL),
	(2252,'2252 BC',NULL),
	(2253,'2253 BC',NULL),
	(2254,'2254 BC',NULL),
	(2255,'2255 BC',NULL),
	(2256,'2256 BC',NULL),
	(2257,'2257 BC',NULL),
	(2258,'2258 BC',NULL),
	(2259,'2259 BC',NULL),
	(2260,'2260 BC',NULL),
	(2261,'2261 BC',NULL),
	(2262,'2262 BC',NULL),
	(2263,'2263 BC',NULL),
	(2264,'2264 BC',NULL),
	(2265,'2265 BC',NULL),
	(2266,'2266 BC',NULL),
	(2267,'2267 BC',NULL),
	(2268,'2268 BC',NULL),
	(2269,'2269 BC',NULL),
	(2270,'2270 BC',NULL),
	(2271,'2271 BC',NULL),
	(2272,'2272 BC',NULL),
	(2273,'2273 BC',NULL),
	(2274,'2274 BC',NULL),
	(2275,'2275 BC',NULL),
	(2276,'2276 BC',NULL),
	(2277,'2277 BC',NULL),
	(2278,'2278 BC',NULL),
	(2279,'2279 BC',NULL),
	(2280,'2280 BC',NULL),
	(2281,'2281 BC',NULL),
	(2282,'2282 BC',NULL),
	(2283,'2283 BC',NULL),
	(2284,'2284 BC',NULL),
	(2285,'2285 BC',NULL),
	(2286,'2286 BC',NULL),
	(2287,'2287 BC',NULL),
	(2288,'2288 BC',NULL),
	(2289,'2289 BC',NULL),
	(2290,'2290 BC',NULL),
	(2291,'2291 BC',NULL),
	(2292,'2292 BC',NULL),
	(2293,'2293 BC',NULL),
	(2294,'2294 BC',NULL),
	(2295,'2295 BC',NULL),
	(2296,'2296 BC',NULL),
	(2297,'2297 BC',NULL),
	(2298,'2298 BC',NULL),
	(2299,'2299 BC',NULL),
	(2300,'2300 BC',NULL),
	(2301,'2301 BC',NULL),
	(2302,'2302 BC',NULL),
	(2303,'2303 BC',NULL),
	(2304,'2304 BC',NULL),
	(2305,'2305 BC',NULL),
	(2306,'2306 BC',NULL),
	(2307,'2307 BC',NULL),
	(2308,'2308 BC',NULL),
	(2309,'2309 BC',NULL),
	(2310,'2310 BC',NULL),
	(2311,'2311 BC',NULL),
	(2312,'2312 BC',NULL),
	(2313,'2313 BC',NULL),
	(2314,'2314 BC',NULL),
	(2315,'2315 BC',NULL),
	(2316,'2316 BC',NULL),
	(2317,'2317 BC',NULL),
	(2318,'2318 BC',NULL),
	(2319,'2319 BC',NULL),
	(2320,'2320 BC',NULL),
	(2321,'2321 BC',NULL),
	(2322,'2322 BC',NULL),
	(2323,'2323 BC',NULL),
	(2324,'2324 BC',NULL),
	(2325,'2325 BC',NULL),
	(2326,'2326 BC',NULL),
	(2327,'2327 BC',NULL),
	(2328,'2328 BC',NULL),
	(2329,'2329 BC',NULL),
	(2330,'2330 BC',NULL),
	(2331,'2331 BC',NULL),
	(2332,'2332 BC',NULL),
	(2333,'2333 BC',NULL),
	(2334,'2334 BC',NULL),
	(2335,'2335 BC',NULL),
	(2336,'2336 BC',NULL),
	(2337,'2337 BC',NULL),
	(2338,'2338 BC',NULL),
	(2339,'2339 BC',NULL),
	(2340,'2340 BC',NULL),
	(2341,'2341 BC',NULL),
	(2342,'2342 BC',NULL),
	(2343,'2343 BC',NULL),
	(2344,'2344 BC',NULL),
	(2345,'2345 BC',NULL),
	(2346,'2346 BC',NULL),
	(2347,'2347 BC',NULL),
	(2348,'2348 BC',NULL),
	(2349,'2349 BC',NULL),
	(2350,'2350 BC',NULL),
	(2351,'2351 BC',NULL),
	(2352,'2352 BC',NULL),
	(2353,'2353 BC',NULL),
	(2354,'2354 BC',NULL),
	(2355,'2355 BC',NULL),
	(2356,'2356 BC',NULL),
	(2357,'2357 BC',NULL),
	(2358,'2358 BC',NULL),
	(2359,'2359 BC',NULL),
	(2360,'2360 BC',NULL),
	(2361,'2361 BC',NULL),
	(2362,'2362 BC',NULL),
	(2363,'2363 BC',NULL),
	(2364,'2364 BC',NULL),
	(2365,'2365 BC',NULL),
	(2366,'2366 BC',NULL),
	(2367,'2367 BC',NULL),
	(2368,'2368 BC',NULL),
	(2369,'2369 BC',NULL),
	(2370,'2370 BC',NULL),
	(2371,'2371 BC',NULL),
	(2372,'2372 BC',NULL),
	(2373,'2373 BC',NULL),
	(2374,'2374 BC',NULL),
	(2375,'2375 BC',NULL),
	(2376,'2376 BC',NULL),
	(2377,'2377 BC',NULL),
	(2378,'2378 BC',NULL),
	(2379,'2379 BC',NULL),
	(2380,'2380 BC',NULL),
	(2381,'2381 BC',NULL),
	(2382,'2382 BC',NULL),
	(2383,'2383 BC',NULL),
	(2384,'2384 BC',NULL),
	(2385,'2385 BC',NULL),
	(2386,'2386 BC',NULL),
	(2387,'2387 BC',NULL),
	(2388,'2388 BC',NULL),
	(2389,'2389 BC',NULL),
	(2390,'2390 BC',NULL),
	(2391,'2391 BC',NULL),
	(2392,'2392 BC',NULL),
	(2393,'2393 BC',NULL),
	(2394,'2394 BC',NULL),
	(2395,'2395 BC',NULL),
	(2396,'2396 BC',NULL),
	(2397,'2397 BC',NULL),
	(2398,'2398 BC',NULL),
	(2399,'2399 BC',NULL),
	(2400,'2400 BC',NULL),
	(2401,'1 AD',NULL),
	(2402,'2 AD',NULL),
	(2403,'3 AD',NULL),
	(2404,'4 AD',NULL),
	(2405,'5 AD',NULL),
	(2406,'6 AD',NULL),
	(2407,'7 AD',NULL),
	(2408,'8 AD',NULL),
	(2409,'9 AD',NULL),
	(2410,'10 AD',NULL),
	(2411,'11 AD',NULL),
	(2412,'12 AD',NULL),
	(2413,'13 AD',NULL),
	(2414,'14 AD',NULL),
	(2415,'15 AD',NULL),
	(2416,'16 AD',NULL),
	(2417,'17 AD',NULL),
	(2418,'18 AD',NULL),
	(2419,'19 AD',NULL),
	(2420,'20 AD',NULL),
	(2421,'21 AD',NULL),
	(2422,'22 AD',NULL),
	(2423,'23 AD',NULL),
	(2424,'24 AD',NULL),
	(2425,'25 AD',NULL),
	(2426,'26 AD',NULL),
	(2427,'27 AD',NULL),
	(2428,'28 AD',NULL),
	(2429,'29 AD',NULL),
	(2430,'30 AD',NULL),
	(2431,'31 AD',NULL),
	(2432,'32 AD',NULL),
	(2433,'33 AD',NULL),
	(2434,'34 AD',NULL),
	(2435,'35 AD',NULL),
	(2436,'36 AD',NULL),
	(2437,'37 AD',NULL),
	(2438,'38 AD',NULL),
	(2439,'39 AD',NULL),
	(2440,'40 AD',NULL),
	(2441,'41 AD',NULL),
	(2442,'42 AD',NULL),
	(2443,'43 AD',NULL),
	(2444,'44 AD',NULL),
	(2445,'45 AD',NULL),
	(2446,'46 AD',NULL),
	(2447,'47 AD',NULL),
	(2448,'48 AD',NULL),
	(2449,'49 AD',NULL),
	(2450,'50 AD',NULL),
	(2451,'51 AD',NULL),
	(2452,'52 AD',NULL),
	(2453,'53 AD',NULL),
	(2454,'54 AD',NULL),
	(2455,'55 AD',NULL),
	(2456,'56 AD',NULL),
	(2457,'57 AD',NULL),
	(2458,'58 AD',NULL),
	(2459,'59 AD',NULL),
	(2460,'60 AD',NULL),
	(2461,'61 AD',NULL),
	(2462,'62 AD',NULL),
	(2463,'63 AD',NULL),
	(2464,'64 AD',NULL),
	(2465,'65 AD',NULL),
	(2466,'66 AD',NULL),
	(2467,'67 AD',NULL),
	(2468,'68 AD',NULL),
	(2469,'69 AD',NULL),
	(2470,'70 AD',NULL),
	(2471,'71 AD',NULL),
	(2472,'72 AD',NULL),
	(2473,'73 AD',NULL),
	(2474,'74 AD',NULL),
	(2475,'75 AD',NULL),
	(2476,'76 AD',NULL),
	(2477,'77 AD',NULL),
	(2478,'78 AD',NULL),
	(2479,'79 AD',NULL),
	(2480,'80 AD',NULL),
	(2481,'81 AD',NULL),
	(2482,'82 AD',NULL),
	(2483,'83 AD',NULL),
	(2484,'84 AD',NULL),
	(2485,'85 AD',NULL),
	(2486,'86 AD',NULL),
	(2487,'87 AD',NULL),
	(2488,'88 AD',NULL),
	(2489,'89 AD',NULL),
	(2490,'90 AD',NULL),
	(2491,'91 AD',NULL),
	(2492,'92 AD',NULL),
	(2493,'93 AD',NULL),
	(2494,'94 AD',NULL),
	(2495,'95 AD',NULL),
	(2496,'96 AD',NULL),
	(2497,'97 AD',NULL),
	(2498,'98 AD',NULL),
	(2499,'99 AD',NULL),
	(2500,'100 AD',NULL),
	(2501,'101 AD',NULL),
	(2502,'102 AD',NULL),
	(2503,'103 AD',NULL),
	(2504,'104 AD',NULL),
	(2505,'105 AD',NULL),
	(2506,'106 AD',NULL),
	(2507,'107 AD',NULL),
	(2508,'108 AD',NULL),
	(2509,'109 AD',NULL),
	(2510,'110 AD',NULL),
	(2511,'111 AD',NULL),
	(2512,'112 AD',NULL),
	(2513,'113 AD',NULL),
	(2514,'114 AD',NULL),
	(2515,'115 AD',NULL),
	(2516,'116 AD',NULL),
	(2517,'117 AD',NULL),
	(2518,'118 AD',NULL),
	(2519,'119 AD',NULL),
	(2520,'120 AD',NULL),
	(2521,'121 AD',NULL),
	(2522,'122 AD',NULL),
	(2523,'123 AD',NULL),
	(2524,'124 AD',NULL),
	(2525,'125 AD',NULL),
	(2526,'126 AD',NULL),
	(2527,'127 AD',NULL),
	(2528,'128 AD',NULL),
	(2529,'129 AD',NULL),
	(2530,'130 AD',NULL),
	(2531,'131 AD',NULL),
	(2532,'132 AD',NULL),
	(2533,'133 AD',NULL),
	(2534,'134 AD',NULL),
	(2535,'135 AD',NULL),
	(2536,'136 AD',NULL),
	(2537,'137 AD',NULL),
	(2538,'138 AD',NULL),
	(2539,'139 AD',NULL),
	(2540,'140 AD',NULL),
	(2541,'141 AD',NULL),
	(2542,'142 AD',NULL),
	(2543,'143 AD',NULL),
	(2544,'144 AD',NULL),
	(2545,'145 AD',NULL),
	(2546,'146 AD',NULL),
	(2547,'147 AD',NULL),
	(2548,'148 AD',NULL),
	(2549,'149 AD',NULL),
	(2550,'150 AD',NULL),
	(2551,'151 AD',NULL),
	(2552,'152 AD',NULL),
	(2553,'153 AD',NULL),
	(2554,'154 AD',NULL),
	(2555,'155 AD',NULL),
	(2556,'156 AD',NULL),
	(2557,'157 AD',NULL),
	(2558,'158 AD',NULL),
	(2559,'159 AD',NULL),
	(2560,'160 AD',NULL),
	(2561,'161 AD',NULL),
	(2562,'162 AD',NULL),
	(2563,'163 AD',NULL),
	(2564,'164 AD',NULL),
	(2565,'165 AD',NULL),
	(2566,'166 AD',NULL),
	(2567,'167 AD',NULL),
	(2568,'168 AD',NULL),
	(2569,'169 AD',NULL),
	(2570,'170 AD',NULL),
	(2571,'171 AD',NULL),
	(2572,'172 AD',NULL),
	(2573,'173 AD',NULL),
	(2574,'174 AD',NULL),
	(2575,'175 AD',NULL),
	(2576,'176 AD',NULL),
	(2577,'177 AD',NULL),
	(2578,'178 AD',NULL),
	(2579,'179 AD',NULL),
	(2580,'180 AD',NULL),
	(2581,'181 AD',NULL),
	(2582,'182 AD',NULL),
	(2583,'183 AD',NULL),
	(2584,'184 AD',NULL),
	(2585,'185 AD',NULL),
	(2586,'186 AD',NULL),
	(2587,'187 AD',NULL),
	(2588,'188 AD',NULL),
	(2589,'189 AD',NULL),
	(2590,'190 AD',NULL),
	(2591,'191 AD',NULL),
	(2592,'192 AD',NULL),
	(2593,'193 AD',NULL),
	(2594,'194 AD',NULL),
	(2595,'195 AD',NULL),
	(2596,'196 AD',NULL),
	(2597,'197 AD',NULL),
	(2598,'198 AD',NULL),
	(2599,'199 AD',NULL),
	(2600,'200 AD',NULL);

/*!40000 ALTER TABLE `year` ENABLE KEYS */;
UNLOCK TABLES;



/*!40111 SET SQL_NOTES=@OLD_SQL_NOTES */;
/*!40101 SET SQL_MODE=@OLD_SQL_MODE */;
/*!40014 SET FOREIGN_KEY_CHECKS=@OLD_FOREIGN_KEY_CHECKS */;
/*!40101 SET CHARACTER_SET_CLIENT=@OLD_CHARACTER_SET_CLIENT */;
/*!40101 SET CHARACTER_SET_RESULTS=@OLD_CHARACTER_SET_RESULTS */;
/*!40101 SET COLLATION_CONNECTION=@OLD_COLLATION_CONNECTION */;
