# ************************************************************
# Sequel Pro SQL dump
# Version 4096
#
# http://www.sequelpro.com/
# http://code.google.com/p/sequel-pro/
#
# Host: 127.0.0.1 (MySQL 5.6.11)
# Database: glyph
# Generation Time: 2013-05-21 13:09:16 +0000
# ************************************************************


/*!40101 SET @OLD_CHARACTER_SET_CLIENT=@@CHARACTER_SET_CLIENT */;
/*!40101 SET @OLD_CHARACTER_SET_RESULTS=@@CHARACTER_SET_RESULTS */;
/*!40101 SET @OLD_COLLATION_CONNECTION=@@COLLATION_CONNECTION */;
/*!40101 SET NAMES utf8 */;
/*!40014 SET @OLD_FOREIGN_KEY_CHECKS=@@FOREIGN_KEY_CHECKS, FOREIGN_KEY_CHECKS=0 */;
/*!40101 SET @OLD_SQL_MODE=@@SQL_MODE, SQL_MODE='NO_AUTO_VALUE_ON_ZERO' */;
/*!40111 SET @OLD_SQL_NOTES=@@SQL_NOTES, SQL_NOTES=0 */;


# Dump of table alembic_version
# ------------------------------------------------------------

DROP TABLE IF EXISTS `alembic_version`;

CREATE TABLE `alembic_version` (
  `version_num` varchar(32) NOT NULL
) ENGINE=InnoDB DEFAULT CHARSET=utf8;

LOCK TABLES `alembic_version` WRITE;
/*!40000 ALTER TABLE `alembic_version` DISABLE KEYS */;

INSERT INTO `alembic_version` (`version_num`)
VALUES
	('42be37d009e9');

/*!40000 ALTER TABLE `alembic_version` ENABLE KEYS */;
UNLOCK TABLES;


# Dump of table author
# ------------------------------------------------------------

DROP TABLE IF EXISTS `author`;

CREATE TABLE `author` (
  `id` int(11) NOT NULL AUTO_INCREMENT,
  `name` varchar(75) NOT NULL,
  PRIMARY KEY (`id`),
  UNIQUE KEY `name` (`name`)
) ENGINE=InnoDB DEFAULT CHARSET=utf8;

LOCK TABLES `author` WRITE;
/*!40000 ALTER TABLE `author` DISABLE KEYS */;

INSERT INTO `author` (`id`, `name`)
VALUES
	(1,'Issar-shumu-eresh');

/*!40000 ALTER TABLE `author` ENABLE KEYS */;
UNLOCK TABLES;


# Dump of table cdp
# ------------------------------------------------------------

DROP TABLE IF EXISTS `cdp`;

CREATE TABLE `cdp` (
  `id` int(11) NOT NULL AUTO_INCREMENT,
  `sign_ref` varchar(150) NOT NULL,
  PRIMARY KEY (`id`)
) ENGINE=InnoDB DEFAULT CHARSET=utf8;

LOCK TABLES `cdp` WRITE;
/*!40000 ALTER TABLE `cdp` DISABLE KEYS */;

INSERT INTO `cdp` (`id`, `sign_ref`)
VALUES
	(1,'1'),
	(2,'1(A_@T)'),
	(3,'1(A_@t)'),
	(4,'1(DI_)'),
	(5,'1(E_E_)'),
	(6,'1(GE_U)'),
	(7,'1(N01)'),
	(8,'1(N01@f)'),
	(9,'1(N02)'),
	(10,'1(N03)'),
	(11,'1(N04)'),
	(12,'1(N04@f)'),
	(13,'1(N05)'),
	(14,'1(N06)'),
	(15,'1(N07~a)'),
	(16,'1(N07~b)'),
	(17,'1(N08)'),
	(18,'1(N08@f)'),
	(19,'1(N08~b)'),
	(20,'1(N09)'),
	(21,'1(N11)'),
	(22,'1(N12)'),
	(23,'1(N14)'),
	(24,'1(N14@f)'),
	(25,'1(N15)'),
	(26,'1(N16)'),
	(27,'1(N17)'),
	(28,'1(N18)'),
	(29,'1(N19)'),
	(30,'1(N19@f)'),
	(31,'1(N20)'),
	(32,'1(N22)'),
	(33,'1(N22@f)'),
	(34,'1(N23)'),
	(35,'1(N24)'),
	(36,'1(N24@f)'),
	(37,'1(N24~a)'),
	(38,'1(N24~b)'),
	(39,'1(N25)'),
	(40,'1(N26)'),
	(41,'1(N26~b)'),
	(42,'1(N27)'),
	(43,'1(N28)'),
	(44,'1(N28~b)'),
	(45,'1(N28~c)'),
	(46,'1(N29A~b)'),
	(47,'1(N29A~c)'),
	(48,'1(N29~a)'),
	(49,'1(N29~b)'),
	(50,'1(N30A~c)'),
	(51,'1(N30C~b)'),
	(52,'1(N30C~c)'),
	(53,'1(N30~a)'),
	(54,'1(N30~c)'),
	(55,'1(N30~d)'),
	(56,'1(N30~e)'),
	(57,'1(N31)'),
	(58,'1(N32)'),
	(59,'1(N33)'),
	(60,'1(N34)'),
	(61,'1(N34@f)'),
	(62,'1(N35)'),
	(63,'1(N36)'),
	(64,'1(N36@f)'),
	(65,'1(N37)'),
	(66,'1(N38)'),
	(67,'1(N39~a)'),
	(68,'1(N39~b)'),
	(69,'1(N40)'),
	(70,'1(N41)'),
	(71,'1(N42~a)'),
	(72,'1(N42~b)'),
	(73,'1(N43)'),
	(74,'1(N44)'),
	(75,'1(N45)'),
	(76,'1(N45@f)'),
	(77,'1(N45~a)'),
	(78,'1(N46)'),
	(79,'1(N46@f)'),
	(80,'1(N47)'),
	(81,'1(N48)'),
	(82,'1(N48@f)'),
	(83,'1(N49)'),
	(84,'1(N50)'),
	(85,'1(N51)'),
	(86,'1(N51@f)'),
	(87,'1(N52)'),
	(88,'1(N54)'),
	(89,'1(N55)'),
	(90,'1(N56)'),
	(91,'1(N57)'),
	(92,'1(N58)'),
	(93,'1(N60)'),
	(94,'1(N63)'),
	(95,'1(_ARU)'),
	(96,'1+A_'),
	(97,'1+EN'),
	(98,'1/3(DI_@_)'),
	(99,'1/4'),
	(100,'1/6'),
	(101,'10'),
	(102,'10(N01)'),
	(103,'10(N14)'),
	(104,'10(N14@f)'),
	(105,'10(N57)'),
	(106,'10(N58)'),
	(107,'11'),
	(108,'12(N14)'),
	(109,'12(N58)'),
	(110,'15'),
	(111,'2'),
	(112,'2(A_)'),
	(113,'2(BAN_)'),
	(114,'2(BUR_U)'),
	(115,'2(DI_)'),
	(116,'2(DI_@t)'),
	(117,'2(E_E_)'),
	(118,'2(GE_U)'),
	(119,'2(GE__)'),
	(120,'2(LAGAB~a)'),
	(121,'2(N01)'),
	(122,'2(N01@f)'),
	(123,'2(N02)'),
	(124,'2(N03)'),
	(125,'2(N04)'),
	(126,'2(N04@f)'),
	(127,'2(N05)'),
	(128,'2(N07~a)'),
	(129,'2(N07~b)'),
	(130,'2(N08)'),
	(131,'2(N08~b)'),
	(132,'2(N14)'),
	(133,'2(N14@f)'),
	(134,'2(N15)'),
	(135,'2(N18)'),
	(136,'2(N19)'),
	(137,'2(N19@f)'),
	(138,'2(N20)'),
	(139,'2(N21)'),
	(140,'2(N22)'),
	(141,'2(N22@f)'),
	(142,'2(N23)'),
	(143,'2(N24)'),
	(144,'2(N29A~b)'),
	(145,'2(N29~a)'),
	(146,'2(N34)'),
	(147,'2(N34@f)'),
	(148,'2(N35)'),
	(149,'2(N36)'),
	(150,'2(N37)'),
	(151,'2(N39~a)'),
	(152,'2(N39~b)'),
	(153,'2(N40)'),
	(154,'2(N41)'),
	(155,'2(N42~a)'),
	(156,'2(N42~b)'),
	(157,'2(N45)'),
	(158,'2(N45@f)'),
	(159,'2(N46)'),
	(160,'2(N46@f)'),
	(161,'2(N47)'),
	(162,'2(N48)'),
	(163,'2(N49)'),
	(164,'2(N50)'),
	(165,'2(N51)'),
	(166,'2(N51@f)'),
	(167,'2(N52)'),
	(168,'2(N54)'),
	(169,'2(N56)'),
	(170,'2(N57)'),
	(171,'2(N58)'),
	(172,'2(N59)'),
	(173,'2(_ARU)'),
	(174,'2(_AR_)'),
	(175,'2/3(DI_@_)'),
	(176,'3'),
	(177,'3(A_)'),
	(178,'3(A_)3(A_@_)3(IKU)E___'),
	(179,'3(A_@T)'),
	(180,'3(A_@V)'),
	(181,'3(BAN_)'),
	(182,'3(BUR_U)'),
	(183,'3(BUR_U)3(BUR_U@_)'),
	(184,'3(DI_)'),
	(185,'3(GE_U)'),
	(186,'3(GE__)'),
	(187,'3(N01)'),
	(188,'3(N01@f)'),
	(189,'3(N02)'),
	(190,'3(N03)'),
	(191,'3(N04)'),
	(192,'3(N04@f)'),
	(193,'3(N05)'),
	(194,'3(N07~a)'),
	(195,'3(N07~b)'),
	(196,'3(N08)'),
	(197,'3(N08~b)'),
	(198,'3(N14)'),
	(199,'3(N14@f)'),
	(200,'3(N15)'),
	(201,'3(N18)'),
	(202,'3(N19)'),
	(203,'3(N19@f)'),
	(204,'3(N20)'),
	(205,'3(N21)'),
	(206,'3(N23)'),
	(207,'3(N34)'),
	(208,'3(N34@f)'),
	(209,'3(N36)'),
	(210,'3(N39~a)'),
	(211,'3(N39~b)'),
	(212,'3(N40)'),
	(213,'3(N41)'),
	(214,'3(N42~a)'),
	(215,'3(N42~b)'),
	(216,'3(N45)'),
	(217,'3(N45@f)'),
	(218,'3(N46)'),
	(219,'3(N47)'),
	(220,'3(N48)'),
	(221,'3(N49)'),
	(222,'3(N50)'),
	(223,'3(N51)'),
	(224,'3(N51@f)'),
	(225,'3(N52)'),
	(226,'3(N53)'),
	(227,'3(N54)'),
	(228,'3(N57)'),
	(229,'3(N58)'),
	(230,'3(N59)'),
	(231,'3(N61)'),
	(232,'3(_ARU)'),
	(233,'3(_ARU)3(_ARU@_)3(_AR_U)3(_AR_U@_)'),
	(234,'3(_AR_)'),
	(235,'3(_AR_)1'),
	(236,'4'),
	(237,'4(A_)'),
	(238,'4(A_@T)'),
	(239,'4(A_@V)'),
	(240,'4(BAN_)'),
	(241,'4(BAN_@V)'),
	(242,'4(BUR_U)'),
	(243,'4(DI_)'),
	(244,'4(DI_)4(DI_@_)LAMMU'),
	(245,'4(DI_)@V~B'),
	(246,'4(DI_@V)'),
	(247,'4(GE_U)'),
	(248,'4(GE__)'),
	(249,'4(LAGAB~a)'),
	(250,'4(N01)'),
	(251,'4(N01@f)'),
	(252,'4(N02)'),
	(253,'4(N03)'),
	(254,'4(N04)'),
	(255,'4(N04@f)'),
	(256,'4(N05)'),
	(257,'4(N08)'),
	(258,'4(N08~b)'),
	(259,'4(N08~c)'),
	(260,'4(N14)'),
	(261,'4(N14@f)'),
	(262,'4(N15)'),
	(263,'4(N18)'),
	(264,'4(N19)'),
	(265,'4(N19@f)'),
	(266,'4(N20)'),
	(267,'4(N21)'),
	(268,'4(N24)'),
	(269,'4(N34)'),
	(270,'4(N34@f)'),
	(271,'4(N36)'),
	(272,'4(N39~a)'),
	(273,'4(N39~b)'),
	(274,'4(N40)'),
	(275,'4(N41)'),
	(276,'4(N42~a)'),
	(277,'4(N42~b)'),
	(278,'4(N43)'),
	(279,'4(N45)'),
	(280,'4(N45@f)'),
	(281,'4(N48)'),
	(282,'4(N49)'),
	(283,'4(N50)'),
	(284,'4(N51)'),
	(285,'4(N51@f)'),
	(286,'4(N52)'),
	(287,'4(N54)'),
	(288,'4(N57)'),
	(289,'4(N58)'),
	(290,'4(N59)'),
	(291,'4(N62)'),
	(292,'4(U)0'),
	(293,'4(_ARU)'),
	(294,'4(_AR_)'),
	(295,'5'),
	(296,'5(A_)'),
	(297,'5(BAN_)'),
	(298,'5(BAN_)5(BAN_@_)5(BAN_@V)'),
	(299,'5(BUR_U)'),
	(300,'5(DI_)'),
	(301,'5(GE_U)'),
	(302,'5(GE__)'),
	(303,'5(N01)'),
	(304,'5(N01@f)'),
	(305,'5(N02)'),
	(306,'5(N03)'),
	(307,'5(N04)'),
	(308,'5(N04@f)'),
	(309,'5(N05)'),
	(310,'5(N08)'),
	(311,'5(N14)'),
	(312,'5(N14@f)'),
	(313,'5(N15)'),
	(314,'5(N18)'),
	(315,'5(N19)'),
	(316,'5(N19@f)'),
	(317,'5(N20)'),
	(318,'5(N21)'),
	(319,'5(N23)'),
	(320,'5(N34)'),
	(321,'5(N34@f)'),
	(322,'5(N35)'),
	(323,'5(N36)'),
	(324,'5(N45)'),
	(325,'5(N45@f)'),
	(326,'5(N48)'),
	(327,'5(N49)'),
	(328,'5(N50)'),
	(329,'5(N51)'),
	(330,'5(N51@f)'),
	(331,'5(N52)'),
	(332,'5(N54)'),
	(333,'5(N57)'),
	(334,'5(N58)'),
	(335,'5(U)'),
	(336,'5(U)0'),
	(337,'5(_ARU)'),
	(338,'5(_AR_)'),
	(339,'50'),
	(340,'6'),
	(341,'6(A_)'),
	(342,'6(A_@T)'),
	(343,'6(A_@V)'),
	(344,'6(DI_)'),
	(345,'6(GE__)'),
	(346,'6(LAGAB~a)'),
	(347,'6(N01)'),
	(348,'6(N01@f)'),
	(349,'6(N02)'),
	(350,'6(N08)'),
	(351,'6(N14)'),
	(352,'6(N14@f)'),
	(353,'6(N18)'),
	(354,'6(N19)'),
	(355,'6(N19@f)'),
	(356,'6(N20)'),
	(357,'6(N21)'),
	(358,'6(N24)'),
	(359,'6(N34)'),
	(360,'6(N34@f)'),
	(361,'6(N36)'),
	(362,'6(N45)'),
	(363,'6(N45@f)'),
	(364,'6(N48)'),
	(365,'6(N51)'),
	(366,'6(N51@f)'),
	(367,'6(N57)'),
	(368,'6(U)'),
	(369,'6(_AR_)'),
	(370,'60'),
	(371,'7'),
	(372,'7(A_)'),
	(373,'7(A_@V)'),
	(374,'7(DI_)'),
	(375,'7(DI_)7(DI_@_)IMIN_'),
	(376,'7(DI_)@V~B'),
	(377,'7(GE__)'),
	(378,'7(N01)'),
	(379,'7(N01@f)'),
	(380,'7(N02)'),
	(381,'7(N08)'),
	(382,'7(N14)'),
	(383,'7(N14@f)'),
	(384,'7(N18)'),
	(385,'7(N19)'),
	(386,'7(N19@f)'),
	(387,'7(N20)'),
	(388,'7(N23)'),
	(389,'7(N34)'),
	(390,'7(N34@f)'),
	(391,'7(N36)'),
	(392,'7(N45)'),
	(393,'7(N45@f)'),
	(394,'7(N48)'),
	(395,'7(N51)'),
	(396,'7(N51@f)'),
	(397,'7(N57)'),
	(398,'7(U)'),
	(399,'7(_AR_)'),
	(400,'70'),
	(401,'8'),
	(402,'8(A_)'),
	(403,'8(DI_)'),
	(404,'8(GE__)'),
	(405,'8(N01)'),
	(406,'8(N01@f)'),
	(407,'8(N02)'),
	(408,'8(N08)'),
	(409,'8(N14)'),
	(410,'8(N14@f)'),
	(411,'8(N18)'),
	(412,'8(N19)'),
	(413,'8(N19@f)'),
	(414,'8(N20)'),
	(415,'8(N34)'),
	(416,'8(N34@f)'),
	(417,'8(N36)'),
	(418,'8(N45@f)'),
	(419,'8(N51)'),
	(420,'8(N51@f)'),
	(421,'8(N57)'),
	(422,'8(N58)'),
	(423,'8(U)'),
	(424,'8(_AR_)'),
	(425,'80'),
	(426,'9'),
	(427,'9(A_)'),
	(428,'9(DI_)9(DI_@_)ILIMMU_'),
	(429,'9(DI_)@V~A'),
	(430,'9(DI_@V)'),
	(431,'9(GE__)'),
	(432,'9(N01)'),
	(433,'9(N01@f)'),
	(434,'9(N02)'),
	(435,'9(N08)'),
	(436,'9(N14)'),
	(437,'9(N14@f)'),
	(438,'9(N18)'),
	(439,'9(N19)'),
	(440,'9(N19@f)'),
	(441,'9(N20)'),
	(442,'9(N34)'),
	(443,'9(N34@f)'),
	(444,'9(N36)'),
	(445,'9(N45)'),
	(446,'9(N45@f)'),
	(447,'9(N51@f)'),
	(448,'9(N57)'),
	(449,'9(N58)'),
	(450,'9(U)'),
	(451,'9(_AR_)'),
	(452,'90'),
	(453,'A'),
	(454,'A+NA'),
	(455,'A-GAR_'),
	(456,'A-RA_'),
	(457,'A.SA'),
	(458,'AB'),
	(459,'ABBA_'),
	(460,'ABBUNUNNU_'),
	(461,'ABGAL'),
	(462,'ABLAL'),
	(463,'ABLAL_'),
	(464,'ABRIG'),
	(465,'ABSIN'),
	(466,'ABSIN_'),
	(467,'ABULLA'),
	(468,'ABZU'),
	(469,'AB_'),
	(470,'AB_@t'),
	(471,'AB_A'),
	(472,'AB_A_'),
	(473,'AB_KI'),
	(474,'AB_NUN'),
	(475,'AB_U'),
	(476,'AB__A'),
	(477,'AD'),
	(478,'AD-KID'),
	(479,'AD-KID_'),
	(480,'ADAB'),
	(481,'ADAMEN'),
	(482,'ADAMEN_'),
	(483,'ADAMIN'),
	(484,'ADAMIN_'),
	(485,'ADAR_'),
	(486,'ADDA@t'),
	(487,'ADDA_'),
	(488,'ADDIR'),
	(489,'ADDU_'),
	(490,'AD_'),
	(491,'AGA'),
	(492,'AGA-US_'),
	(493,'AGA@s'),
	(494,'AGAL'),
	(495,'AGAM'),
	(496,'AGARGARA'),
	(497,'AGARIM'),
	(498,'AGARIN'),
	(499,'AGARIN_'),
	(500,'AGAR_'),
	(501,'AGA_'),
	(502,'AGRIG'),
	(503,'AGRIG_'),
	(504,'AG_'),
	(505,'AH'),
	(506,'AHUD'),
	(507,'AK'),
	(508,'AKAN'),
	(509,'AKAN_'),
	(510,'AKAR'),
	(511,'AKAR_'),
	(512,'AKKIL'),
	(513,'AKKIL_'),
	(514,'AKTUM'),
	(515,'AKTUM_'),
	(516,'AK_'),
	(517,'AK_AK_'),
	(518,'AL'),
	(519,'ALAD'),
	(520,'ALAL'),
	(521,'ALAL_'),
	(522,'ALAM_'),
	(523,'ALAN'),
	(524,'ALA_'),
	(525,'ALEPH'),
	(526,'ALGAMIS'),
	(527,'ALIM'),
	(528,'ALIM_'),
	(529,'AL_'),
	(530,'AL_KID_'),
	(531,'AM'),
	(532,'AMA'),
	(533,'AMALUG'),
	(534,'AMAR'),
	(535,'AMAR.GI_'),
	(536,'AMAR@t'),
	(537,'AMAR_KUG'),
	(538,'AMA_'),
	(539,'AMRA'),
	(540,'AMURRUM'),
	(541,'AMURU'),
	(542,'AMU_'),
	(543,'AM_'),
	(544,'AM_A'),
	(545,'AN'),
	(546,'AN+AK'),
	(547,'AN+DI_'),
	(548,'AN+EN'),
	(549,'AN+EN.ZU'),
	(550,'ANZALUB'),
	(551,'ANZU'),
	(552,'ANZU_'),
	(553,'AN_E'),
	(554,'APIN'),
	(555,'AR'),
	(556,'ARAD'),
	(557,'ARAD_'),
	(558,'ARAH_'),
	(559,'ARALA'),
	(560,'ARALI_'),
	(561,'ARATTA'),
	(562,'ARHU_'),
	(563,'ARHU__'),
	(564,'ARINA_'),
	(565,'ARI_'),
	(566,'ARKAB_'),
	(567,'ASAL_'),
	(568,'ASAR'),
	(569,'ASARI'),
	(570,'ASI'),
	(571,'ASILA'),
	(572,'ASILA_'),
	(573,'ASIL_'),
	(574,'ASKI'),
	(575,'ASLUM_'),
	(576,'AS_'),
	(577,'ATUM'),
	(578,'AYA'),
	(579,'AYAYA_'),
	(580,'AZ'),
	(581,'AZAD'),
	(582,'AZAD_'),
	(583,'AZAG'),
	(584,'AZAG_'),
	(585,'AZLAG'),
	(586,'AZLAGGAL_'),
	(587,'AZLAG_'),
	(588,'AZU'),
	(589,'AZUKNA'),
	(590,'A_'),
	(591,'A_+_UR'),
	(592,'A_DAR_'),
	(593,'A_GAB'),
	(594,'A_GABGAL_'),
	(595,'A_ITA'),
	(596,'A_KAR_'),
	(597,'A_KUD'),
	(598,'A_KUD_'),
	(599,'A_LAG_'),
	(600,'A_TA'),
	(601,'A__'),
	(602,'A__-GAR_'),
	(603,'A__-GI_'),
	(604,'A__-RA_-BU'),
	(605,'A__AN'),
	(606,'BA'),
	(607,'BABILA'),
	(608,'BABILA_'),
	(609,'BABILIMA'),
	(610,'BABILIM_'),
	(611,'BAD'),
	(612,'BAD_'),
	(613,'BAG_'),
	(614,'BAHARGAL_'),
	(615,'BAHAR_'),
	(616,'BAKIRUM'),
	(617,'BALA'),
	(618,'BALAG'),
	(619,'BALLA'),
	(620,'BALLA_'),
	(621,'BAL_'),
	(622,'BAN'),
	(623,'BANE_'),
	(624,'BANGA__'),
	(625,'BANIA'),
	(626,'BANLIMMU'),
	(627,'BANMIN'),
	(628,'BANSUR_'),
	(629,'BAN_'),
	(630,'BAN_UR'),
	(631,'BAN_UR~a@t'),
	(632,'BAPPIR'),
	(633,'BAPPIR_'),
	(634,'BAR'),
	(635,'BARAG_'),
	(636,'BARA_'),
	(637,'BARA_-MUNU_'),
	(638,'BARA__'),
	(639,'BARGI'),
	(640,'BARIG'),
	(641,'BARIM_'),
	(642,'BAR_'),
	(643,'BER_'),
	(644,'BI'),
	(645,'BIBAD'),
	(646,'BILTU'),
	(647,'BILUDA'),
	(648,'BIL_'),
	(649,'BIR'),
	(650,'BIRDU'),
	(651,'BIR_'),
	(652,'BIZAZA'),
	(653,'BI_A'),
	(654,'BI_EBA_'),
	(655,'BU'),
	(656,'BU@t'),
	(657,'BUBBU'),
	(658,'BUBBUR'),
	(659,'BUGIN_'),
	(660,'BUL'),
	(661,'BULA'),
	(662,'BULUG'),
	(663,'BULUG_'),
	(664,'BUN'),
	(665,'BUNGA'),
	(666,'BUNIG_'),
	(667,'BUN_'),
	(668,'BUR'),
	(669,'BURANUNU'),
	(670,'BURU_'),
	(671,'BURU__'),
	(672,'BUR_'),
	(673,'BUR_@g'),
	(674,'BUR_U'),
	(675,'BUZUR_'),
	(676,'DA'),
	(677,'DABDA_'),
	(678,'DABIN'),
	(679,'DADAG'),
	(680,'DADDA'),
	(681,'DAG'),
	(682,'DAG.KISIM__AB_'),
	(683,'DAG_'),
	(684,'DAH'),
	(685,'DAKAN'),
	(686,'DALHAMUN'),
	(687,'DALHAMUN_'),
	(688,'DALLA'),
	(689,'DAM'),
	(690,'DANGAL_'),
	(691,'DANNA'),
	(692,'DAN_'),
	(693,'DAPARA_'),
	(694,'DAPARU'),
	(695,'DAR'),
	(696,'DARU_'),
	(697,'DAR_'),
	(698,'DEMMU'),
	(699,'DE_'),
	(700,'DI'),
	(701,'DI@t'),
	(702,'DIB'),
	(703,'DIDA_'),
	(704,'DIDLI'),
	(705,'DIGBIR'),
	(706,'DILIB_'),
	(707,'DILIM_'),
	(708,'DILMUN'),
	(709,'DILMUN_'),
	(710,'DILU'),
	(711,'DIM'),
	(712,'DIMGAL'),
	(713,'DIMSAR'),
	(714,'DIMU_'),
	(715,'DIM_'),
	(716,'DIM__'),
	(717,'DIN'),
	(718,'DIN@t'),
	(719,'DINIG_'),
	(720,'DIRGUL_'),
	(721,'DIRI'),
	(722,'DIVIDING_SIGN'),
	(723,'DI_'),
	(724,'DI_-DI_'),
	(725,'DI_@t'),
	(726,'DU'),
	(727,'DU@g@g'),
	(728,'DUB'),
	(729,'DUB.TI'),
	(730,'DUBAL'),
	(731,'DUBAL_'),
	(732,'DUBUR_'),
	(733,'DUB_'),
	(734,'DUB_.LUL'),
	(735,'DUDDU'),
	(736,'DUDU_'),
	(737,'DUG'),
	(738,'DUGIN'),
	(739,'DUGIN_'),
	(740,'DUGUD'),
	(741,'DUG~c@t'),
	(742,'DUH'),
	(743,'DUL'),
	(744,'DULLU_'),
	(745,'DUL_'),
	(746,'DUMGAL'),
	(747,'DUNGA_'),
	(748,'DUN_'),
	(749,'DUR'),
	(750,'DURAN'),
	(751,'DURI_'),
	(752,'DURME'),
	(753,'DUR_'),
	(754,'DUSU_'),
	(755,'DU_'),
	(756,'DU_U'),
	(757,'DU__'),
	(758,'E'),
	(759,'EAZAG'),
	(760,'EBIH'),
	(761,'EBIH_'),
	(762,'EBLA'),
	(763,'EBURRA'),
	(764,'EDAKUA'),
	(765,'EDAKUA_'),
	(766,'EDAMU'),
	(767,'EDI'),
	(768,'EDIN'),
	(769,'EDURU'),
	(770,'EDURU_'),
	(771,'EGA'),
	(772,'EGAR'),
	(773,'EGARA_'),
	(774,'EGER_'),
	(775,'EGIA'),
	(776,'EGIR'),
	(777,'EGIRSU'),
	(778,'EGIR_'),
	(779,'EGI_'),
	(780,'EHALLA'),
	(781,'EHE'),
	(782,'EHILI'),
	(783,'EH_'),
	(784,'EL'),
	(785,'ELA'),
	(786,'ELAMKU__'),
	(787,'ELILLA'),
	(788,'ELIMMU_'),
	(789,'ELLAMKU__'),
	(790,'ELLANDU'),
	(791,'ELLES 316'),
	(792,'EL_'),
	(793,'EMA_'),
	(794,'EME'),
	(795,'EMEDA'),
	(796,'EMEDA_'),
	(797,'EMEDU'),
	(798,'EMEDUB'),
	(799,'EMEDUB_'),
	(800,'EMEGARGAR_'),
	(801,'EMEGAR_'),
	(802,'EMENGI'),
	(803,'EMESIG'),
	(804,'EMEZI_'),
	(805,'EME_'),
	(806,'EME_-GIR_'),
	(807,'EME__'),
	(808,'EN'),
	(809,'EN@g~a'),
	(810,'EN@g~b'),
	(811,'ENAQA'),
	(812,'ENDIB'),
	(813,'ENEGI_'),
	(814,'ENGAR_'),
	(815,'ENGIZ'),
	(816,'ENGIZ_'),
	(817,'ENGUR'),
	(818,'ENIGIN'),
	(819,'ENKUD'),
	(820,'ENKUM'),
	(821,'ENKU_'),
	(822,'ENME'),
	(823,'ENMEN'),
	(824,'ENNA'),
	(825,'ENNIGI_'),
	(826,'ENSI'),
	(827,'ENSI_'),
	(828,'ENTEN'),
	(829,'EN_'),
	(830,'EN_GAN_'),
	(831,'EN~b@t'),
	(832,'EPIG_'),
	(833,'ERA'),
	(834,'EREN'),
	(835,'EREN_'),
	(836,'EREN_+X'),
	(837,'ERE__'),
	(838,'ERIB_'),
	(839,'ERIDA_'),
	(840,'ERIM'),
	(841,'ERIM_'),
	(842,'ERIN_'),
	(843,'ERU_'),
	(844,'ER_'),
	(845,'ER__'),
	(846,'ESAG'),
	(847,'ESAGTUR'),
	(848,'ESAG_'),
	(849,'ESIBIR'),
	(850,'ESIRHA'),
	(851,'ESIR_'),
	(852,'ESSADU'),
	(853,'EURRE'),
	(854,'EZEN'),
	(855,'EZEN_'),
	(856,'EZEN_BAD.AN'),
	(857,'EZEN_GIR'),
	(858,'EZIM_'),
	(859,'EZINA_'),
	(860,'EZINU'),
	(861,'EZINU_'),
	(862,'E_'),
	(863,'E_-A'),
	(864,'E_-GAR_'),
	(865,'E_DA_'),
	(866,'E_ELAL'),
	(867,'E_ELLA'),
	(868,'E_EMEN'),
	(869,'E_EMEN_'),
	(870,'E_EMIN_'),
	(871,'E_GAR'),
	(872,'E__'),
	(873,'E__@t.GIR_@g'),
	(874,'E__ABA'),
	(875,'E___'),
	(876,'GA'),
	(877,'GA\'AR~a_'),
	(878,'GA\'AR~b1'),
	(879,'GA\'AR~b_'),
	(880,'GA.AR'),
	(881,'GA.KASKAL.KAL.NE'),
	(882,'GA.MA_.DUB_'),
	(883,'GA.MA_.KASKAL.SIG_'),
	(884,'GAB'),
	(885,'GABA%GABA'),
	(886,'GABA.LI_'),
	(887,'GABA@t'),
	(888,'GABAR'),
	(889,'GABAR_'),
	(890,'GABRA_'),
	(891,'GABURRA'),
	(892,'GABURRA_'),
	(893,'GABU_'),
	(894,'GAD+KID_.DUH'),
	(895,'GADA'),
	(896,'GADA~b@g'),
	(897,'GAGALAM'),
	(898,'GAGIA_'),
	(899,'GAGIG'),
	(900,'GAGIG_'),
	(901,'GAHALLA_'),
	(902,'GAIKU'),
	(903,'GAI_'),
	(904,'GAI__'),
	(905,'GAKI__U'),
	(906,'GAKKUL'),
	(907,'GAKKUL_'),
	(908,'GAL'),
	(909,'GAL-DI'),
	(910,'GAL-ZU'),
	(911,'GAL.UNKEN.NA'),
	(912,'GALA'),
	(913,'GALAM'),
	(914,'GALA_'),
	(915,'GALA__'),
	(916,'GALGA'),
	(917,'GALILLA_'),
	(918,'GALLAGAL_'),
	(919,'GALLA_'),
	(920,'GALU'),
	(921,'GAL__'),
	(922,'GAM'),
	(923,'GAMU'),
	(924,'GAM_'),
	(925,'GAN'),
	(926,'GANAM_'),
	(927,'GANA_'),
	(928,'GANSIS'),
	(929,'GANSIS_'),
	(930,'GANUN'),
	(931,'GANUN_'),
	(932,'GANZER'),
	(933,'GANZIR_'),
	(934,'GAN_'),
	(935,'GAPI'),
	(936,'GAR'),
	(937,'GAR.GU.SUR.NUN'),
	(938,'GAR@g~a'),
	(939,'GAR@g~b'),
	(940,'GAR@g~c'),
	(941,'GARADIN'),
	(942,'GARADIN_'),
	(943,'GARADIN__'),
	(944,'GARA_'),
	(945,'GARA_A_'),
	(946,'GARA__'),
	(947,'GARA_~a'),
	(948,'GARA_~b'),
	(949,'GARIG_'),
	(950,'GARIM'),
	(951,'GARIM_'),
	(952,'GARSU'),
	(953,'GARZA_'),
	(954,'GAR_'),
	(955,'GAR__'),
	(956,'GASIKILLA_'),
	(957,'GAS_'),
	(958,'GAT_'),
	(959,'GAZ'),
	(960,'GAZI'),
	(961,'GAZIGAL'),
	(962,'GAZI_'),
	(963,'GAZ_'),
	(964,'GA_'),
	(965,'GA_AM'),
	(966,'GA_AN'),
	(967,'GA_MU'),
	(968,'GA__AB_'),
	(969,'GA__NE'),
	(970,'GA__NU'),
	(971,'GA___U'),
	(972,'GEME_'),
	(973,'GENNA'),
	(974,'GE_-NU__'),
	(975,'GE_-TIN'),
	(976,'GE_BUN'),
	(977,'GE_BUN_'),
	(978,'GE_HAR'),
	(979,'GE_HUR'),
	(980,'GE_NU'),
	(981,'GE_NU_'),
	(982,'GE_PU_'),
	(983,'GE_TA'),
	(984,'GE_TAE'),
	(985,'GE_TIN'),
	(986,'GE_TUG_'),
	(987,'GE_TUKUL_'),
	(988,'GE_TU_'),
	(989,'GE__'),
	(990,'GE__@180'),
	(991,'GI'),
	(992,'GI@t'),
	(993,'GIBIL'),
	(994,'GIBIL@t'),
	(995,'GIBIL_'),
	(996,'GIDE_TA'),
	(997,'GIDE_TA_'),
	(998,'GIDIM'),
	(999,'GIDIM_'),
	(1000,'GIDI_'),
	(1001,'GIDLAM'),
	(1002,'GIDLAM_'),
	(1003,'GIG'),
	(1004,'GIGIR'),
	(1005,'GIGIRUM'),
	(1006,'GIGIR_'),
	(1007,'GIGRI'),
	(1008,'GIL'),
	(1009,'GILGAMES'),
	(1010,'GILGAMES_'),
	(1011,'GILGAME__'),
	(1012,'GILIB_'),
	(1013,'GIM_'),
	(1014,'GINGIRA'),
	(1015,'GIN_'),
	(1016,'GIR'),
	(1017,'GIRA'),
	(1018,'GIRABA_'),
	(1019,'GIRAH'),
	(1020,'GIRA_'),
	(1021,'GIRIMA_'),
	(1022,'GIRI_'),
	(1023,'GIRI__'),
	(1024,'GIRRA'),
	(1025,'GIR_'),
	(1026,'GIR_@g~a'),
	(1027,'GIR_@g~b'),
	(1028,'GIR_@g~c'),
	(1029,'GIR__'),
	(1030,'GISAL'),
	(1031,'GITAG'),
	(1032,'GIZZAL'),
	(1033,'GIZZAL_'),
	(1034,'GIZZAL~_'),
	(1035,'GIZZU'),
	(1036,'GI_'),
	(1037,'GI_.NI'),
	(1038,'GI_BAR'),
	(1039,'GI_BUN_'),
	(1040,'GI_E'),
	(1041,'GI_GAL'),
	(1042,'GI_TA_I_'),
	(1043,'GI_U'),
	(1044,'GI_~_'),
	(1045,'GU'),
	(1046,'GU.SUR.NUN'),
	(1047,'GU4@g'),
	(1048,'GUANA'),
	(1049,'GUBALAG'),
	(1050,'GUBLAGA_'),
	(1051,'GUB_'),
	(1052,'GUD'),
	(1053,'GUD.GI__KID_'),
	(1054,'GUDEDDE'),
	(1055,'GUDIBIR_'),
	(1056,'GUDU_'),
	(1057,'GUD_'),
	(1058,'GUD_KASKAL'),
	(1059,'GUERI_I'),
	(1060,'GUG'),
	(1061,'GUGRU'),
	(1062,'GUGUMU'),
	(1063,'GUGU_'),
	(1064,'GUG_'),
	(1065,'GUH_U'),
	(1066,'GUH_U_'),
	(1067,'GUKIN_'),
	(1068,'GUKKAL'),
	(1069,'GUKKAL+KUN'),
	(1070,'GUKRI'),
	(1071,'GUL'),
	(1072,'GUM_-GUM_'),
	(1073,'GUM_-GUM_-KA__'),
	(1074,'GUM~b@n'),
	(1075,'GUR'),
	(1076,'GURDUB'),
	(1077,'GURIN_'),
	(1078,'GURUDA'),
	(1079,'GURUM_'),
	(1080,'GURUN'),
	(1081,'GURUN_'),
	(1082,'GURU_'),
	(1083,'GURU_TI_'),
	(1084,'GURU__'),
	(1085,'GUR_'),
	(1086,'GUR__'),
	(1087,'GUTIR'),
	(1088,'GUZA'),
	(1089,'GUZI_'),
	(1090,'GU_'),
	(1091,'GU_KIN'),
	(1092,'GU_UR_'),
	(1093,'HA'),
	(1094,'HA@s'),
	(1095,'HABBURUDA_'),
	(1096,'HABRUD'),
	(1097,'HABRUD_'),
	(1098,'HAD_'),
	(1099,'HAL'),
	(1100,'HALBI_'),
	(1101,'HALBU_'),
	(1102,'HALIB'),
	(1103,'HALPI'),
	(1104,'HALPI_'),
	(1105,'HALUB'),
	(1106,'HALUBBA'),
	(1107,'HAMANZER_'),
	(1108,'HANZALUB'),
	(1109,'HAR'),
	(1110,'HARA_'),
	(1111,'HARUB_'),
	(1112,'HAR_'),
	(1113,'HA_'),
	(1114,'HA_HUR'),
	(1115,'HENBUR_'),
	(1116,'HENZER'),
	(1117,'HE__'),
	(1118,'HI'),
	(1119,'HI+A'),
	(1120,'HI+SUHUR'),
	(1121,'HI@g~a'),
	(1122,'HI@g~b'),
	(1123,'HI@g~c'),
	(1124,'HIBIRA'),
	(1125,'HIBIS_'),
	(1126,'HILIBU'),
	(1127,'HIRIN_'),
	(1128,'HU'),
	(1129,'HUB'),
	(1130,'HUBHUB_'),
	(1131,'HUBUD'),
	(1132,'HUBUR_'),
	(1133,'HUB_'),
	(1134,'HUB_.DU'),
	(1135,'HUB__AN'),
	(1136,'HUB__HAL'),
	(1137,'HUB__KASKAL'),
	(1138,'HUB__LI_'),
	(1139,'HUDBU'),
	(1140,'HUL'),
	(1141,'HULPAD'),
	(1142,'HULUM'),
	(1143,'HULUM_'),
	(1144,'HUL_'),
	(1145,'HURIM'),
	(1146,'HURIN_'),
	(1147,'HURSAG'),
	(1148,'HUR_'),
	(1149,'HU_'),
	(1150,'I'),
	(1151,'I+NA'),
	(1152,'I.DIB'),
	(1153,'IA'),
	(1154,'IA_'),
	(1155,'IB'),
	(1156,'IBBANUNNA'),
	(1157,'IBILA'),
	(1158,'IBILA_'),
	(1159,'IBIRA_'),
	(1160,'IDIGNA'),
	(1161,'IDIM'),
	(1162,'ID_'),
	(1163,'IG'),
	(1164,'IGI'),
	(1165,'IGIRA'),
	(1166,'IGIRA_'),
	(1167,'IL'),
	(1168,'ILDAG_'),
	(1169,'ILDUM'),
	(1170,'ILDUMA_'),
	(1171,'ILDU_'),
	(1172,'ILIMMU_'),
	(1173,'ILI_'),
	(1174,'ILLAT'),
	(1175,'IL_'),
	(1176,'IM'),
	(1177,'IMHUR_'),
	(1178,'IMIN'),
	(1179,'IMIN_'),
	(1180,'IMMAL_'),
	(1181,'IMMINTE'),
	(1182,'IM~a@g'),
	(1183,'IN'),
	(1184,'INBIR_'),
	(1185,'INDAGARA'),
	(1186,'INDAGARA_'),
	(1187,'INDA_'),
	(1188,'INI_'),
	(1189,'IR'),
	(1190,'IRINA'),
	(1191,'IRI_EB'),
	(1192,'IRKAB'),
	(1193,'IR_'),
	(1194,'ISIMA'),
	(1195,'ISIMU_'),
	(1196,'ISIN'),
	(1197,'ISIN_'),
	(1198,'ITA_'),
	(1199,'ITI'),
	(1200,'ITI.DU'),
	(1201,'ITIMA_'),
	(1202,'ITI_'),
	(1203,'ITUD_'),
	(1204,'ITU_'),
	(1205,'I_'),
	(1206,'I_HARA_'),
	(1207,'I_HURU_'),
	(1208,'I_TARAN'),
	(1209,'I__EBU_'),
	(1210,'KA'),
	(1211,'KAB'),
	(1212,'KAB_'),
	(1213,'KADRA_'),
	(1214,'KADRU'),
	(1215,'KADRU_'),
	(1216,'KAD_'),
	(1217,'KAK'),
	(1218,'KAK_SIG_'),
	(1219,'KAL'),
	(1220,'KALAM'),
	(1221,'KALAM_'),
	(1222,'KAM'),
	(1223,'KAMA_'),
	(1224,'KAM_'),
	(1225,'KANGE_KARA_'),
	(1226,'KAN_'),
	(1227,'KAP_'),
	(1228,'KAR'),
	(1229,'KARA_'),
	(1230,'KARA__'),
	(1231,'KAR_'),
	(1232,'KASKAL'),
	(1233,'KAZ_'),
	(1234,'KA_'),
	(1235,'KA_(ME.ME)'),
	(1236,'KA_(MI.NUNUZ)'),
	(1237,'KA_6(DI_)'),
	(1238,'KA_BI'),
	(1239,'KA_DIDA_'),
	(1240,'KA_DUB_'),
	(1241,'KA_GI'),
	(1242,'KA_GI_'),
	(1243,'KA_KI'),
	(1244,'KA_PA'),
	(1245,'KA_PIHU'),
	(1246,'KA_PIHU_'),
	(1247,'KA_U'),
	(1248,'KA_UD'),
	(1249,'KA_ULU_IN'),
	(1250,'KA_ULU_IN_'),
	(1251,'KA_UR_'),
	(1252,'KA__'),
	(1253,'KENKE'),
	(1254,'KE_I_'),
	(1255,'KE__'),
	(1256,'KI'),
	(1257,'KI.KU'),
	(1258,'KI.KU.LU_'),
	(1259,'KI@n'),
	(1260,'KIB'),
	(1261,'KIB@g'),
	(1262,'KIBINI'),
	(1263,'KIBSUR'),
	(1264,'KID'),
	(1265,'KID_'),
	(1266,'KIKKEN_'),
	(1267,'KILAHHA'),
	(1268,'KILIM_'),
	(1269,'KIL_'),
	(1270,'KIMIN'),
	(1271,'KIN'),
	(1272,'KINDA'),
	(1273,'KINDAGAL'),
	(1274,'KINDAGAL_'),
	(1275,'KINGAL'),
	(1276,'KINGUSILA'),
	(1277,'KIN_UD'),
	(1278,'KIRA_I'),
	(1279,'KIRA_I_'),
	(1280,'KIR_'),
	(1281,'KIR__'),
	(1282,'KISAL'),
	(1283,'KISIG'),
	(1284,'KISIM_'),
	(1285,'KISLAH'),
	(1286,'KISLAH_'),
	(1287,'KISSA'),
	(1288,'KITI'),
	(1289,'KI_'),
	(1290,'KI_ER'),
	(1291,'KI_I_'),
	(1292,'KI_I__'),
	(1293,'KU'),
	(1294,'KU@t'),
	(1295,'KUGRE'),
	(1296,'KUG_'),
	(1297,'KUKKU_'),
	(1298,'KULKUL'),
	(1299,'KUM'),
	(1300,'KUN'),
	(1301,'KUNGA_'),
	(1302,'KUNIGARA'),
	(1303,'KUNIGARA_'),
	(1304,'KUNIN'),
	(1305,'KUNIN_'),
	(1306,'KUN_'),
	(1307,'KUR'),
	(1308,'KUR.MU__.ZA.KI'),
	(1309,'KURKU'),
	(1310,'KURKU_'),
	(1311,'KURU'),
	(1312,'KURUN'),
	(1313,'KURUN_'),
	(1314,'KURU_DA_'),
	(1315,'KUR__'),
	(1316,'KUSU_'),
	(1317,'KUTU_'),
	(1318,'KUYA_'),
	(1319,'KU_'),
	(1320,'KU_-KU_'),
	(1321,'KU_.BABBAR'),
	(1322,'KU_U'),
	(1323,'KU__'),
	(1324,'LA'),
	(1325,'LAGAB'),
	(1326,'LAGAB.SAG@g'),
	(1327,'LAGAB_(GUD.GUD)+HUL_'),
	(1328,'LAGAB_A_@z'),
	(1329,'LAGAR'),
	(1330,'LAGAR_'),
	(1331,'LAGAR~a@r'),
	(1332,'LAGA_'),
	(1333,'LAHHU_U_'),
	(1334,'LAHTAN_'),
	(1335,'LAHTA_'),
	(1336,'LAH_'),
	(1337,'LAH_U'),
	(1338,'LAK20'),
	(1339,'LAK25'),
	(1340,'LAK251'),
	(1341,'LAK368@S'),
	(1342,'LAK369'),
	(1343,'LALAH_'),
	(1344,'LAL_'),
	(1345,'LAL_U_'),
	(1346,'LAM'),
	(1347,'LAMBI'),
	(1348,'LAM~b@r'),
	(1349,'LAM~b@s'),
	(1350,'LARAG'),
	(1351,'LARSA'),
	(1352,'LARSA_'),
	(1353,'LA_'),
	(1354,'LA_U_'),
	(1355,'LI'),
	(1356,'LIBIN'),
	(1357,'LIBIR'),
	(1358,'LIBI_'),
	(1359,'LIB_'),
	(1360,'LIDIM'),
	(1361,'LID_'),
	(1362,'LIGIDBA'),
	(1363,'LIGIDBA_'),
	(1364,'LIGIN'),
	(1365,'LIL'),
	(1366,'LILIB'),
	(1367,'LILIS'),
	(1368,'LIL_'),
	(1369,'LIMMU_'),
	(1370,'LIQ_'),
	(1371,'LIRI_'),
	(1372,'LIRUM'),
	(1373,'LIRUM_'),
	(1374,'LISI'),
	(1375,'LIUM'),
	(1376,'LI_'),
	(1377,'LU'),
	(1378,'LUBUN'),
	(1379,'LUB_'),
	(1380,'LUGA'),
	(1381,'LUGAL'),
	(1382,'LUGAL.GAL'),
	(1383,'LUGUD'),
	(1384,'LUGUD_'),
	(1385,'LUH'),
	(1386,'LUH_A_'),
	(1387,'LUKUR'),
	(1388,'LUL'),
	(1389,'LULIM'),
	(1390,'LUM'),
	(1391,'LUM_'),
	(1392,'LUNGA_'),
	(1393,'LU_'),
	(1394,'LU_-gunu-sheshig'),
	(1395,'LU_.GAM'),
	(1396,'LU_.KAM'),
	(1397,'LU_.KAR_'),
	(1398,'LU_.KI'),
	(1399,'LU_.LAGAB'),
	(1400,'LU_.NE'),
	(1401,'LU_.TUG_'),
	(1402,'LU_@t'),
	(1403,'LU__KID_'),
	(1404,'LU___A_'),
	(1405,'MA'),
	(1406,'MAGUR'),
	(1407,'MAH'),
	(1408,'MALBA'),
	(1409,'MAN'),
	(1410,'MAR'),
	(1411,'MARAD_'),
	(1412,'MARDUK'),
	(1413,'MAR~a@t'),
	(1414,'MASSA'),
	(1415,'MASSA_'),
	(1416,'MA_'),
	(1417,'MA_.EN'),
	(1418,'MA_.GU_.GAR_'),
	(1419,'MA_.KASKAL.SIG_'),
	(1420,'MA_.KASKAL.SIG_&SIG_'),
	(1421,'MA_DA'),
	(1422,'MA_DA_'),
	(1423,'MA_KIM'),
	(1424,'MA_KIM_'),
	(1425,'MA_MIN'),
	(1426,'MA__'),
	(1427,'MA__@g'),
	(1428,'ME'),
	(1429,'ME+EN'),
	(1430,'MEBULUG_'),
	(1431,'MEDDU'),
	(1432,'MEDU'),
	(1433,'MEGIDA'),
	(1434,'MEGIDA_'),
	(1435,'MELE_'),
	(1436,'MEN'),
	(1437,'MEN_'),
	(1438,'MERIMER_'),
	(1439,'MES'),
	(1440,'METE'),
	(1441,'MEZE'),
	(1442,'ME_'),
	(1443,'ME_-VARIANT'),
	(1444,'MI'),
	(1445,'MIM.MA'),
	(1446,'MIN'),
	(1447,'MINBULUG_'),
	(1448,'MIN_'),
	(1449,'MIR'),
	(1450,'MITUM_'),
	(1451,'MI_HA_'),
	(1452,'MI_SUN'),
	(1453,'MU'),
	(1454,'MUD'),
	(1455,'MUDGI'),
	(1456,'MUDRA_'),
	(1457,'MUDRU_'),
	(1458,'MUD_'),
	(1459,'MUD_~a@g'),
	(1460,'MUG'),
	(1461,'MUH_'),
	(1462,'MUIATI_'),
	(1463,'MUL'),
	(1464,'MUMMUN'),
	(1465,'MUN'),
	(1466,'MUNSUB'),
	(1467,'MUNSUB_'),
	(1468,'MUNU_'),
	(1469,'MUNZER'),
	(1470,'MUNZER_'),
	(1471,'MUN_'),
	(1472,'MUN_UB_'),
	(1473,'MURGU_'),
	(1474,'MURUB_'),
	(1475,'MURUM_'),
	(1476,'MURU_'),
	(1477,'MUR_'),
	(1478,'MUTHUM'),
	(1479,'MUZUG'),
	(1480,'MU_'),
	(1481,'MU_&MU_'),
	(1482,'MU_TU_'),
	(1483,'MU__'),
	(1484,'MU__AGANA'),
	(1485,'MU__KUR'),
	(1486,'MU___ZA'),
	(1487,'MU__~a@g'),
	(1488,'NA'),
	(1489,'NAB'),
	(1490,'NAG'),
	(1491,'NAGA'),
	(1492,'NAGAR'),
	(1493,'NAGARGAL_'),
	(1494,'NAM'),
	(1495,'NAME_DA'),
	(1496,'NAMRI'),
	(1497,'NAM_'),
	(1498,'NAM_@g'),
	(1499,'NAM_@t'),
	(1500,'NANAM'),
	(1501,'NANGA_'),
	(1502,'NANIBGAL'),
	(1503,'NANIBGAL_'),
	(1504,'NANNA'),
	(1505,'NANNA_ '),
	(1506,'NA_'),
	(1507,'NE'),
	(1508,'NEMUR'),
	(1509,'NEMUR_'),
	(1510,'NENIN'),
	(1511,'NERGAL'),
	(1512,'NESAG'),
	(1513,'NESAG_~b@t'),
	(1514,'NE_'),
	(1515,'NE_A'),
	(1516,'NI'),
	(1517,'NI.IR'),
	(1518,'NI.NI'),
	(1519,'NIB'),
	(1520,'NIBRU'),
	(1521,'NIDA'),
	(1522,'NIG'),
	(1523,'NIGIDA'),
	(1524,'NIGIDAE_'),
	(1525,'NIGIDAMIN'),
	(1526,'NIGIDAMIN_'),
	(1527,'NIGIN'),
	(1528,'NIGIN_'),
	(1529,'NIGIN__'),
	(1530,'NIGI_'),
	(1531,'NIGRU'),
	(1532,'NIM'),
	(1533,'NIMGIRGAL_'),
	(1534,'NIMGIRGIRRI_'),
	(1535,'NIMIN'),
	(1536,'NIN'),
	(1537,'NINA'),
	(1538,'NINDABA_'),
	(1539,'NINDAMEKAR'),
	(1540,'NINDA_'),
	(1541,'NINDA__BAL'),
	(1542,'NINDA__BAN_'),
	(1543,'NINDA__DIM@g'),
	(1544,'NINDA__DUB'),
	(1545,'NINDA__GI'),
	(1546,'NINDA__MAN'),
	(1547,'NINDA__ME.KID_'),
	(1548,'NINDA__U'),
	(1549,'NINDA__U_'),
	(1550,'NINDA__U_-A_'),
	(1551,'NINDA___ID'),
	(1552,'NINKUM'),
	(1553,'NINLIL'),
	(1554,'NINNI_'),
	(1555,'NIN_'),
	(1556,'NIN__'),
	(1557,'NIQ_'),
	(1558,'NIR'),
	(1559,'NIR_'),
	(1560,'NISABA'),
	(1561,'NISAGA'),
	(1562,'NISAGGA'),
	(1563,'NISIKI_'),
	(1564,'NITADAM_'),
	(1565,'NI_'),
	(1566,'NI_E'),
	(1567,'NI~a@g'),
	(1568,'NU'),
	(1569,'NU@g'),
	(1570,'NUG'),
	(1571,'NUG_'),
	(1572,'NUMMA [_BS ____9+ = D__LT:P______ R I__\', @ATF{NU-UM-MA |NU__&NU__.BUR&BUR| ZI-I-BA-AM}]'),
	(1573,'NUMUN'),
	(1574,'NUMUN_'),
	(1575,'NUN'),
	(1576,'NUN@t._E'),
	(1577,'NUNDUM'),
	(1578,'NUNMELI'),
	(1579,'NUNUZ'),
	(1580,'NUNUZ.AB__(BULUG_.GUG_)'),
	(1581,'NUNUZ.AB__(GUG_.BULUG_)'),
	(1582,'NUNUZ.AB__(LU_.PAP.PAP)'),
	(1583,'NUNUZ.KISIM__(LU_.PAP.PAP)'),
	(1584,'NUNUZZI'),
	(1585,'NUNUZZI_'),
	(1586,'NUSKA'),
	(1587,'NU__'),
	(1588,'NU__@T'),
	(1589,'PA'),
	(1590,'PA.LU.TA'),
	(1591,'PAD'),
	(1592,'PAD_'),
	(1593,'PAGRA_'),
	(1594,'PALA'),
	(1595,'PALA_'),
	(1596,'PALIL'),
	(1597,'PAP'),
	(1598,'PAP.SAG'),
	(1599,'PAPNUN'),
	(1600,'PAP~a@t'),
	(1601,'PARA_'),
	(1602,'PARSA'),
	(1603,'PA_'),
	(1604,'PE__'),
	(1605,'PE___'),
	(1606,'PI'),
	(1607,'PIHU_'),
	(1608,'PIR_'),
	(1609,'PI_AB'),
	(1610,'PI_BI'),
	(1611,'PI_BU'),
	(1612,'PI_IB'),
	(1613,'PU-UDU'),
	(1614,'PUZUR_'),
	(1615,'PU_'),
	(1616,'PU__'),
	(1617,'QA'),
	(1618,'QATI'),
	(1619,'QAT_'),
	(1620,'QUTRA'),
	(1621,'QUTRA_'),
	(1622,'RA'),
	(1623,'RAB'),
	(1624,'RAD'),
	(1625,'RAD~a@g'),
	(1626,'RAGAB_'),
	(1627,'RAH_'),
	(1628,'RAK_'),
	(1629,'RAPIKU'),
	(1630,'REC 107'),
	(1631,'RI'),
	(1632,'RIG_'),
	(1633,'RIG__'),
	(1634,'RIM_'),
	(1635,'RI~_'),
	(1636,'RU'),
	(1637,'RUG_'),
	(1638,'SA'),
	(1639,'SABAR'),
	(1640,'SABU'),
	(1641,'SADU'),
	(1642,'SAD_'),
	(1643,'SAG'),
	(1644,'SAGA_'),
	(1645,'SAGDU'),
	(1646,'SAGDUDU_'),
	(1647,'SAGE_?'),
	(1648,'SAGI'),
	(1649,'SAGI_'),
	(1650,'SAGKURUN'),
	(1651,'SAGMIN'),
	(1652,'SAGMIN_'),
	(1653,'SAGMUNZER'),
	(1654,'SAG_'),
	(1655,'SAG_DU_'),
	(1656,'SAG_KAK.GABA'),
	(1657,'SAG_U'),
	(1658,'SAHAB_'),
	(1659,'SAH_'),
	(1660,'SAKKAN_'),
	(1661,'SAL'),
	(1662,'SAL+SIG_'),
	(1663,'SAL.LAGAR'),
	(1664,'SAMAG_'),
	(1665,'SAMAN'),
	(1666,'SAMAN_'),
	(1667,'SANGA_'),
	(1668,'SAR'),
	(1669,'SARGAD'),
	(1670,'SARSA'),
	(1671,'SAR_'),
	(1672,'SA_'),
	(1673,'SED'),
	(1674,'SED_'),
	(1675,'SI'),
	(1676,'SI.GUD'),
	(1677,'SI.GUD.A_'),
	(1678,'SI.GUD_A_'),
	(1679,'SI@g.A'),
	(1680,'SIDUGA_'),
	(1681,'SIDUG_'),
	(1682,'SIG'),
	(1683,'SIGA_'),
	(1684,'SIG_'),
	(1685,'SIG__'),
	(1686,'SIG__NUN'),
	(1687,'SILANITA'),
	(1688,'SILA_'),
	(1689,'SILIG_'),
	(1690,'SIMUG'),
	(1691,'SIMUGGAL_'),
	(1692,'SIPA'),
	(1693,'SIRARA_'),
	(1694,'SIRSIR'),
	(1695,'SISHE'),
	(1696,'SISI'),
	(1697,'SISI_'),
	(1698,'SISKUR'),
	(1699,'SIZKUR_'),
	(1700,'SI_SA_'),
	(1701,'SU'),
	(1702,'SUB'),
	(1703,'SUBA_'),
	(1704,'SUD'),
	(1705,'SUD_'),
	(1706,'SUEN'),
	(1707,'SUG'),
	(1708,'SUGAL_'),
	(1709,'SUG_'),
	(1710,'SUHUB_'),
	(1711,'SUHUL_'),
	(1712,'SUHUR'),
	(1713,'SUHUR@g'),
	(1714,'SUHU_'),
	(1715,'SUHU__'),
	(1716,'SUH_'),
	(1717,'SUKKALGAL_'),
	(1718,'SUKUD'),
	(1719,'SUKUD@g~a'),
	(1720,'SUKUD@g~b'),
	(1721,'SUKUD@g~c'),
	(1722,'SULUHU_'),
	(1723,'SULUMHI_'),
	(1724,'SULUM_'),
	(1725,'SUM'),
	(1726,'SUMA_'),
	(1727,'SUMUGAN_'),
	(1728,'SUMUNDA'),
	(1729,'SUR'),
	(1730,'SURENGAL'),
	(1731,'SURUEN'),
	(1732,'SUR_'),
	(1733,'SUR_0'),
	(1734,'SUSBU'),
	(1735,'SUSBU_'),
	(1736,'SUSLUG'),
	(1737,'SU_'),
	(1738,'TA'),
	(1739,'TAB'),
	(1740,'TAG'),
	(1741,'TAG_BI'),
	(1742,'TAG~a1@t'),
	(1743,'TAK4~a@n'),
	(1744,'TAKA_'),
	(1745,'TAK__IM'),
	(1746,'TALTAL'),
	(1747,'TAL_'),
	(1748,'TANA'),
	(1749,'TAR'),
	(1750,'TA_HI'),
	(1751,'TA__E'),
	(1752,'TE'),
	(1753,'TEME_'),
	(1754,'TI'),
	(1755,'TI@g'),
	(1756,'TI@r'),
	(1757,'TIBIRA'),
	(1758,'TIBIRA_'),
	(1759,'TIBIR_'),
	(1760,'TIBULA'),
	(1761,'TIBULA_'),
	(1762,'TIDNU'),
	(1763,'TIDNUM'),
	(1764,'TIDNUM_'),
	(1765,'TIGI'),
	(1766,'TIGIDLA'),
	(1767,'TIGIDLA_'),
	(1768,'TIGI_'),
	(1769,'TIL'),
	(1770,'TILLA_'),
	(1771,'TIL_'),
	(1772,'TINUR_'),
	(1773,'TIR'),
	(1774,'TIRIGI'),
	(1775,'TIRU'),
	(1776,'TITAB_'),
	(1777,'TU'),
	(1778,'TUBA_'),
	(1779,'TUGIR'),
	(1780,'TUGUL'),
	(1781,'TUG_'),
	(1782,'TUG_~a@g'),
	(1783,'TUKU'),
	(1784,'TUKUMBI_'),
	(1785,'TUKUR_'),
	(1786,'TUK_'),
	(1787,'TUM'),
	(1788,'TUM_'),
	(1789,'TUM~a@g'),
	(1790,'TUNGAL_'),
	(1791,'TUN_'),
	(1792,'TUR'),
	(1793,'TUR+DI_'),
	(1794,'TUR@g'),
	(1795,'TUR_'),
	(1796,'TUR__NIG_'),
	(1797,'TUR__U_'),
	(1798,'TU_'),
	(1799,'TU__'),
	(1800,'U'),
	(1801,'U._A'),
	(1802,'U4@t'),
	(1803,'UB'),
	(1804,'UBARA'),
	(1805,'UBI_'),
	(1806,'UBI_AGA'),
	(1807,'UBUR_'),
	(1808,'UD'),
	(1809,'UD.A'),
	(1810,'UD.AB_E_'),
	(1811,'UD.MI'),
	(1812,'UDNIM'),
	(1813,'UDRA_'),
	(1814,'UDUB'),
	(1815,'UDUL'),
	(1816,'UDUL_'),
	(1817,'UDUL__'),
	(1818,'UDUL_~a@t'),
	(1819,'UDUN'),
	(1820,'UDUNITA~a'),
	(1821,'UDUNITA~b'),
	(1822,'UDUNITA~c'),
	(1823,'UD_'),
	(1824,'UET2 405'),
	(1825,'UG'),
	(1826,'UGA'),
	(1827,'UGAR'),
	(1828,'UGA_'),
	(1829,'UGNIM_'),
	(1830,'UGRA'),
	(1831,'UGU'),
	(1832,'UGUN'),
	(1833,'UGUR'),
	(1834,'UGUR_'),
	(1835,'UGU_'),
	(1836,'UHHUR_'),
	(1837,'UH_'),
	(1838,'UH_~a@t'),
	(1839,'UKURRIM'),
	(1840,'UKUR_'),
	(1841,'UKU_'),
	(1842,'UL'),
	(1843,'ULUMA_'),
	(1844,'ULUMA__'),
	(1845,'ULUTIN_'),
	(1846,'ULU_'),
	(1847,'ULU_IN_'),
	(1848,'UL_'),
	(1849,'UM'),
	(1850,'UMBIN'),
	(1851,'UMBIN_LU'),
	(1852,'UMMAN'),
	(1853,'UMMA_'),
	(1854,'UMMI_'),
	(1855,'UMMU_'),
	(1856,'UMUN_'),
	(1857,'UMUN__'),
	(1858,'UNKIN'),
	(1859,'UNKIN_'),
	(1860,'UNUG'),
	(1861,'UNUGI'),
	(1862,'UNUG~a@s'),
	(1863,'UNU_'),
	(1864,'UNU__'),
	(1865,'UR'),
	(1866,'UR@180'),
	(1867,'URI'),
	(1868,'URI5'),
	(1869,'URIN_'),
	(1870,'URI_'),
	(1871,'URU'),
	(1872,'URUDU'),
	(1873,'URUDU@g~a'),
	(1874,'URUDU@g~b'),
	(1875,'URUDU@g~c'),
	(1876,'URUDU@g~d'),
	(1877,'URUGAL'),
	(1878,'URUM'),
	(1879,'URUME'),
	(1880,'URUM_'),
	(1881,'URU_'),
	(1882,'URU_A_GAB'),
	(1883,'URU_DUN'),
	(1884,'URU_I_'),
	(1885,'URU_KI'),
	(1886,'URU_LUM'),
	(1887,'URU_PA'),
	(1888,'URU_SIG_'),
	(1889,'URU_UL'),
	(1890,'URU__'),
	(1891,'UR_'),
	(1892,'UR_-GU_'),
	(1893,'UR_-_A_'),
	(1894,'UR_@h'),
	(1895,'UR_MIN'),
	(1896,'UR__'),
	(1897,'UR__(A.NA)'),
	(1898,'UR__(U_.BI)'),
	(1899,'UR__AL'),
	(1900,'UR__KID_'),
	(1901,'UR__X'),
	(1902,'UR~a@g'),
	(1903,'USAG'),
	(1904,'USAG_'),
	(1905,'USAN'),
	(1906,'USANDU'),
	(1907,'USAN_'),
	(1908,'USAN_.KAK'),
	(1909,'USAR'),
	(1910,'USAR_'),
	(1911,'USDUHA'),
	(1912,'USIL'),
	(1913,'USSA_'),
	(1914,'USSU'),
	(1915,'USSU_'),
	(1916,'USU'),
	(1917,'USUD'),
	(1918,'USUG'),
	(1919,'USUG_'),
	(1920,'USUR_'),
	(1921,'UTTU_'),
	(1922,'UTUDI'),
	(1923,'UTUQ_'),
	(1924,'UTU_'),
	(1925,'UZ'),
	(1926,'UZU'),
	(1927,'UZUG_'),
	(1928,'UZ_'),
	(1929,'UZ_~a@g'),
	(1930,'U_'),
	(1931,'U_-SAKAR'),
	(1932,'U_.KUR'),
	(1933,'U_.NAGA.AN.A_._IR'),
	(1934,'U_.NAGA.AN._IR'),
	(1935,'U_BAR'),
	(1936,'U_BAR_'),
	(1937,'U_TUH'),
	(1938,'U_TU_'),
	(1939,'U_U'),
	(1940,'U_UMGAL'),
	(1941,'U_UMGAL_'),
	(1942,'U_UM_'),
	(1943,'U__'),
	(1944,'U___'),
	(1945,'U___?'),
	(1946,'WA_'),
	(1947,'WE_'),
	(1948,'WI_'),
	(1949,'WU_'),
	(1950,'ZA'),
	(1951,'ZABALAM'),
	(1952,'ZABALAM_'),
	(1953,'ZABALA_'),
	(1954,'ZABAR_'),
	(1955,'ZABITUM'),
	(1956,'ZADIM'),
	(1957,'ZADIMGAL_'),
	(1958,'ZAG'),
	(1959,'ZAG.GA'),
	(1960,'ZAGINDUR'),
	(1961,'ZAHAN'),
	(1962,'ZAHDA_'),
	(1963,'ZAH_'),
	(1964,'ZAMIN'),
	(1965,'ZAM_'),
	(1966,'ZANABAL'),
	(1967,'ZANABAL_'),
	(1968,'ZANBUR'),
	(1969,'ZAPAH'),
	(1970,'ZAR'),
	(1971,'ZARAH'),
	(1972,'ZARAH_'),
	(1973,'ZATU620'),
	(1974,'ZATU621~a'),
	(1975,'ZATU621~b'),
	(1976,'ZATU621~c'),
	(1977,'ZATU621~d'),
	(1978,'ZATU622'),
	(1979,'ZATU623'),
	(1980,'ZATU624~a'),
	(1981,'ZATU624~b'),
	(1982,'ZATU624~c'),
	(1983,'ZATU625'),
	(1984,'ZATU626~a'),
	(1985,'ZATU626~b'),
	(1986,'ZATU626~c'),
	(1987,'ZATU627'),
	(1988,'ZATU628~a'),
	(1989,'ZATU628~b'),
	(1990,'ZATU629'),
	(1991,'ZATU630'),
	(1992,'ZATU631'),
	(1993,'ZATU632~a'),
	(1994,'ZATU632~b'),
	(1995,'ZATU632~c'),
	(1996,'ZATU633~a'),
	(1997,'ZATU633~b'),
	(1998,'ZATU634'),
	(1999,'ZATU635'),
	(2000,'ZATU636'),
	(2001,'ZATU637'),
	(2002,'ZATU639'),
	(2003,'ZATU640'),
	(2004,'ZATU641'),
	(2005,'ZATU642'),
	(2006,'ZATU643'),
	(2007,'ZATU644~a'),
	(2008,'ZATU644~b'),
	(2009,'ZATU646'),
	(2010,'ZATU647'),
	(2011,'ZATU648'),
	(2012,'ZATU649'),
	(2013,'ZATU650'),
	(2014,'ZATU651'),
	(2015,'ZATU651@g'),
	(2016,'ZATU659'),
	(2017,'ZATU662'),
	(2018,'ZATU664'),
	(2019,'ZATU665'),
	(2020,'ZATU666'),
	(2021,'ZATU667'),
	(2022,'ZATU668'),
	(2023,'ZATU669'),
	(2024,'ZATU670'),
	(2025,'ZATU672'),
	(2026,'ZATU674'),
	(2027,'ZATU675~a'),
	(2028,'ZATU675~b'),
	(2029,'ZATU675~c'),
	(2030,'ZATU675~d'),
	(2031,'ZATU676~a'),
	(2032,'ZATU676~b'),
	(2033,'ZATU677~a'),
	(2034,'ZATU677~b'),
	(2035,'ZATU678'),
	(2036,'ZATU679'),
	(2037,'ZATU680~a1'),
	(2038,'ZATU680~a2'),
	(2039,'ZATU680~b'),
	(2040,'ZATU680~d'),
	(2041,'ZATU680~e'),
	(2042,'ZATU681'),
	(2043,'ZATU682'),
	(2044,'ZATU683~a'),
	(2045,'ZATU683~b'),
	(2046,'ZATU684'),
	(2047,'ZATU685'),
	(2048,'ZATU686~a'),
	(2049,'ZATU686~b'),
	(2050,'ZATU686~c'),
	(2051,'ZATU687'),
	(2052,'ZATU688~a'),
	(2053,'ZATU688~b'),
	(2054,'ZATU689'),
	(2055,'ZATU690'),
	(2056,'ZATU691'),
	(2057,'ZATU692'),
	(2058,'ZATU693'),
	(2059,'ZATU693@t'),
	(2060,'ZATU694~a'),
	(2061,'ZATU694~b'),
	(2062,'ZATU694~c'),
	(2063,'ZATU694~d'),
	(2064,'ZATU694~d@t'),
	(2065,'ZATU695'),
	(2066,'ZATU696'),
	(2067,'ZATU697~a'),
	(2068,'ZATU697~b'),
	(2069,'ZATU697~c'),
	(2070,'ZATU699~a'),
	(2071,'ZATU699~b'),
	(2072,'ZATU700'),
	(2073,'ZATU701'),
	(2074,'ZATU702'),
	(2075,'ZATU703'),
	(2076,'ZATU704'),
	(2077,'ZATU705'),
	(2078,'ZATU706'),
	(2079,'ZATU707~a'),
	(2080,'ZATU707~b'),
	(2081,'ZATU708'),
	(2082,'ZATU709'),
	(2083,'ZATU710'),
	(2084,'ZATU711'),
	(2085,'ZATU713'),
	(2086,'ZATU714'),
	(2087,'ZATU717'),
	(2088,'ZATU718'),
	(2089,'ZATU719'),
	(2090,'ZATU720'),
	(2091,'ZATU721'),
	(2092,'ZATU722'),
	(2093,'ZATU723'),
	(2094,'ZATU724'),
	(2095,'ZATU725'),
	(2096,'ZATU726~a'),
	(2097,'ZATU726~c'),
	(2098,'ZATU726~d'),
	(2099,'ZATU727'),
	(2100,'ZATU728'),
	(2101,'ZATU729'),
	(2102,'ZATU730'),
	(2103,'ZATU732'),
	(2104,'ZATU733'),
	(2105,'ZATU734'),
	(2106,'ZATU735~a'),
	(2107,'ZATU735~b'),
	(2108,'ZATU735~c'),
	(2109,'ZATU736~a'),
	(2110,'ZATU736~b'),
	(2111,'ZATU737'),
	(2112,'ZATU749~a'),
	(2113,'ZATU749~b'),
	(2114,'ZATU749~c'),
	(2115,'ZATU750'),
	(2116,'ZATU751~a'),
	(2117,'ZATU751~b'),
	(2118,'ZATU752'),
	(2119,'ZATU753'),
	(2120,'ZATU754'),
	(2121,'ZATU755~a'),
	(2122,'ZATU755~b'),
	(2123,'ZATU756'),
	(2124,'ZATU757'),
	(2125,'ZATU758'),
	(2126,'ZATU759'),
	(2127,'ZATU761'),
	(2128,'ZATU762~a'),
	(2129,'ZATU762~b'),
	(2130,'ZATU764'),
	(2131,'ZATU765'),
	(2132,'ZATU766'),
	(2133,'ZATU767'),
	(2134,'ZATU768'),
	(2135,'ZATU769'),
	(2136,'ZATU771'),
	(2137,'ZATU772'),
	(2138,'ZATU773~a'),
	(2139,'ZATU773~b'),
	(2140,'ZATU774'),
	(2141,'ZATU775'),
	(2142,'ZATU776'),
	(2143,'ZATU777'),
	(2144,'ZATU778'),
	(2145,'ZATU779'),
	(2146,'ZATU780'),
	(2147,'ZATU781'),
	(2148,'ZATU782'),
	(2149,'ZATU783'),
	(2150,'ZATU784'),
	(2151,'ZATU785'),
	(2152,'ZATU786'),
	(2153,'ZATU787'),
	(2154,'ZATU788'),
	(2155,'ZATU789'),
	(2156,'ZATU791'),
	(2157,'ZATU792'),
	(2158,'ZATU795'),
	(2159,'ZATU797'),
	(2160,'ZATU798'),
	(2161,'ZATU799'),
	(2162,'ZATU800'),
	(2163,'ZATU801'),
	(2164,'ZATU802'),
	(2165,'ZATU803'),
	(2166,'ZATU804'),
	(2167,'ZATU805'),
	(2168,'ZATU806'),
	(2169,'ZATU807'),
	(2170,'ZATU808'),
	(2171,'ZATU809'),
	(2172,'ZATU810'),
	(2173,'ZATU811'),
	(2174,'ZATU812'),
	(2175,'ZATU813'),
	(2176,'ZATU814'),
	(2177,'ZATU815'),
	(2178,'ZATU817'),
	(2179,'ZATU818'),
	(2180,'ZATU819'),
	(2181,'ZATU820'),
	(2182,'ZATU821'),
	(2183,'ZATU822'),
	(2184,'ZATU823'),
	(2185,'ZATU824'),
	(2186,'ZATU825'),
	(2187,'ZATU826'),
	(2188,'ZATU829'),
	(2189,'ZATU831'),
	(2190,'ZATU832'),
	(2191,'ZATU833'),
	(2192,'ZATU834'),
	(2193,'ZATU835'),
	(2194,'ZATU836'),
	(2195,'ZATU837~a'),
	(2196,'ZATU837~b'),
	(2197,'ZATU838'),
	(2198,'ZATU839'),
	(2199,'ZATU840'),
	(2200,'ZATU841'),
	(2201,'ZATU842'),
	(2202,'ZATU843'),
	(2203,'ZATU844'),
	(2204,'ZATU845'),
	(2205,'ZATU846'),
	(2206,'ZATU847'),
	(2207,'ZATU848'),
	(2208,'ZATU849'),
	(2209,'ZATU850'),
	(2210,'ZATU851'),
	(2211,'ZATU852'),
	(2212,'ZATU853'),
	(2213,'ZATU854'),
	(2214,'ZATU855'),
	(2215,'ZAZANA'),
	(2216,'ZAZANA_'),
	(2217,'ZA_'),
	(2218,'ZA~_'),
	(2219,'ZENA_'),
	(2220,'ZERMU_KU'),
	(2221,'ZERMU_KU_'),
	(2222,'ZE_'),
	(2223,'ZI'),
	(2224,'ZI&ZI.E__._E'),
	(2225,'ZI&ZI.LAGAB._E'),
	(2226,'ZI.ME.E_'),
	(2227,'ZIB'),
	(2228,'ZIB@180'),
	(2229,'ZIBAR'),
	(2230,'ZIBIN'),
	(2231,'ZIG'),
	(2232,'ZIG_'),
	(2233,'ZIKUM'),
	(2234,'ZIKUM_'),
	(2235,'ZIKURA'),
	(2236,'ZILULU'),
	(2237,'ZIPAH_'),
	(2238,'ZIRRU'),
	(2239,'ZIRRU_'),
	(2240,'ZIR_'),
	(2241,'ZIZ_'),
	(2242,'ZI_'),
	(2243,'ZU'),
	(2244,'ZUBI'),
	(2245,'ZUBUD'),
	(2246,'ZUBUR'),
	(2247,'ZUBUR@180'),
	(2248,'ZUGUZ'),
	(2249,'ZUKUM_'),
	(2250,'ZUKURA'),
	(2251,'ZULUHU'),
	(2252,'ZUM'),
	(2253,'ZUM.LAGAB'),
	(2254,'ZUM_'),
	(2255,'ZURU__'),
	(2256,'ZU_'),
	(2257,'_'),
	(2258,'_A'),
	(2259,'_A@g'),
	(2260,'_AB'),
	(2261,'_ABRA'),
	(2262,'_ABRA_'),
	(2263,'_AB_'),
	(2264,'_AGAN'),
	(2265,'_AGINA'),
	(2266,'_AH'),
	(2267,'_AHAB'),
	(2268,'_AHAB_'),
	(2269,'_AKAN_'),
	(2270,'_AKIR'),
	(2271,'_AKIR_'),
	(2272,'_AKKAN_'),
	(2273,'_ALAMBI_'),
	(2274,'_AMANUR'),
	(2275,'_AM_'),
	(2276,'_ANABI'),
	(2277,'_ANDANA'),
	(2278,'_ANNA'),
	(2279,'_AQA_'),
	(2280,'_AQU'),
	(2281,'_ARAN'),
	(2282,'_ARA_'),
	(2283,'_ARGALDI_'),
	(2284,'_ARGALMIN'),
	(2285,'_ARNI_'),
	(2286,'_ARUMIN_'),
	(2287,'_ARU_U'),
	(2288,'_AR__NIMIN'),
	(2289,'_AR__NINNU'),
	(2290,'_AR__U'),
	(2291,'_AR__U@G'),
	(2292,'_ASUK'),
	(2293,'_A_'),
	(2294,'_A_.GI_.SAR'),
	(2295,'_A_.LAGAB'),
	(2296,'_A_.SAR'),
	(2297,'_A_.TAR'),
	(2298,'_A__GI_'),
	(2299,'_A__TAR'),
	(2300,'_E'),
	(2301,'_E.LU_'),
	(2302,'_EDUR'),
	(2303,'_EDU_'),
	(2304,'_EG_'),
	(2305,'_EG__'),
	(2306,'_EMBI'),
	(2307,'_EMBIRIDA'),
	(2308,'_EMBI_'),
	(2309,'_EMBULUG_'),
	(2310,'_EME_AL'),
	(2311,'_EMU_'),
	(2312,'_EN'),
	(2313,'_ENNU'),
	(2314,'_EN~c@t'),
	(2315,'_ERA_'),
	(2316,'_ERIMSUR'),
	(2317,'_ERKAN'),
	(2318,'_ERRIDA'),
	(2319,'_ESAG'),
	(2320,'_E_'),
	(2321,'_E_-MUNU_'),
	(2322,'_E_@t'),
	(2323,'_E_LAM'),
	(2324,'_E__'),
	(2325,'_E__ED_'),
	(2326,'_E__EG'),
	(2327,'_E~a@t'),
	(2328,'_IBIR'),
	(2329,'_ID'),
	(2330,'_ID.GAR'),
	(2331,'_IDIM'),
	(2332,'_IDIM@t'),
	(2333,'_IDIMGAL_'),
	(2334,'_ID_'),
	(2335,'_IHUM_'),
	(2336,'_ILAM'),
	(2337,'_IL_'),
	(2338,'_IM'),
	(2339,'_IMA_KI'),
	(2340,'_IMA_KI_'),
	(2341,'_IMBI'),
	(2342,'_IMBULUG_'),
	(2343,'_INIG'),
	(2344,'_IR'),
	(2345,'_IR@90'),
	(2346,'_IR@t'),
	(2347,'_IR_'),
	(2348,'_ITA@g~a'),
	(2349,'_ITA@g~b'),
	(2350,'_ITA@t'),
	(2351,'_ITA_'),
	(2352,'_ITEN'),
	(2353,'_ITEN_'),
	(2354,'_U'),
	(2355,'_U.DI'),
	(2356,'_U.GIR_@g'),
	(2357,'_U.MIN'),
	(2358,'_U.NIGIN'),
	(2359,'_U.U'),
	(2360,'_U@180'),
	(2361,'_U@g'),
	(2362,'_U@s'),
	(2363,'_U@t'),
	(2364,'_UBA_'),
	(2365,'_UBTUM_'),
	(2366,'_UBTU_'),
	(2367,'_UBUR'),
	(2368,'_UB_'),
	(2369,'_UDUG'),
	(2370,'_UDUN'),
	(2371,'_UD_'),
	(2372,'_UGI'),
	(2373,'_UHUB'),
	(2374,'_UHUB_'),
	(2375,'_UL'),
	(2376,'_UL.GI'),
	(2377,'_UMATI'),
	(2378,'_UMGAMME'),
	(2379,'_UNIGIN'),
	(2380,'_URMEN'),
	(2381,'_URMEN_'),
	(2382,'_URUPPAK'),
	(2383,'_UR_~a'),
	(2384,'_UR_~b'),
	(2385,'_UTUL_'),
	(2386,'_UTUM'),
	(2387,'_UTUM_'),
	(2388,'_U_'),
	(2389,'_U_+E_'),
	(2390,'_U_-VARIANT'),
	(2391,'_U_.ZI_'),
	(2392,'_U_._E.KU.KAK'),
	(2393,'_U_ANA'),
	(2394,'_U_IN'),
	(2395,'_U_RU.'),
	(2396,'_U_U_'),
	(2397,'_U__'),
	(2398,'kul_'),
	(2399,'nigidalimmu'),
	(2400,'|(BU~a&BU~a).NA_~a@n|'),
	(2401,'|(BU~a&BU~a).NA_~a|'),
	(2402,'|(BU~a&BU~a).NA~b|'),
	(2403,'|(BU~a&BU~a).X|'),
	(2404,'|(DUB_DI_)~a|'),
	(2405,'|(DUB_DI_)~b|'),
	(2406,'|(DUB_DI_)~c|'),
	(2407,'|(DUG~b&DUG~b)_1(N58)|'),
	(2408,'|(DUG~b_DIN)@r|'),
	(2409,'|(GI&GI)_GI_@t|'),
	(2410,'|(GI&GI)_X|'),
	(2411,'|(GI&GI)__E_|'),
	(2412,'|(GI__(DIN.DIN))~a|'),
	(2413,'|(GI__(DIN.DIN))~b|'),
	(2414,'|(GI__(DIN.DIN))~c|'),
	(2415,'|(HI_1(N57))&(HI+1(N57))|'),
	(2416,'|(U8_TAR)~b|'),
	(2417,'|(UDU~a_TAR)~a|'),
	(2418,'|(UDU~a_TAR)~b|'),
	(2419,'|(_A_HI@g~a)~a|'),
	(2420,'|(_A_HI@g~a)~b|'),
	(2421,'|1(N01@r)|'),
	(2422,'|1(N02).RU|'),
	(2423,'|1(N08@f)x1(N57)|'),
	(2424,'|1(N34)x1(N58)|'),
	(2425,'|1(N34F@t)|'),
	(2426,'|1(N57).1(N57)|'),
	(2427,'|1(N57).AB2|'),
	(2428,'|1(N57).SZAH2~a|'),
	(2429,'|1(N57).SZUBUR|'),
	(2430,'|1(N58).BAD~a|'),
	(2431,'|1(N58).BAD~b|'),
	(2432,'|1(N58@t)|'),
	(2433,'|2(N57).AB2|'),
	(2434,'|2(N57).KU6~a|'),
	(2435,'|2(N57).SU~a|'),
	(2436,'|2(N57).SZUBUR|'),
	(2437,'|3(N57).AMAR|'),
	(2438,'|3(N57).BARA3|'),
	(2439,'|3(N57).E2~b|'),
	(2440,'|3(N57).GAR|'),
	(2441,'|3(N57).NUNUZ~a1|'),
	(2442,'|3(N57).NUNUZ~c|'),
	(2443,'|3(N57).PIRIG~b1|'),
	(2444,'|3(N57).SZUBUR|'),
	(2445,'|3(N58).UR3~b1|'),
	(2446,'|4(N57).AMAR|'),
	(2447,'|4(N57).GAR|'),
	(2448,'|4(N57).KU3~a|'),
	(2449,'|4(N57).NI~b|'),
	(2450,'|5(N57).GAR|'),
	(2451,'|5(N57).KU3~a|'),
	(2452,'|6(N57).GAR|'),
	(2453,'|6(N57).KU3~a|'),
	(2454,'|8(N57).NI~b|'),
	(2455,'|AB__2(N14)|'),
	(2456,'|AB~a_(_E~a&_E~a)|'),
	(2457,'|AB~a_1(N01)|'),
	(2458,'|AB~a_A@t|'),
	(2459,'|AB~a_SUKKAL|'),
	(2460,'|AB~a_X|'),
	(2461,'|AB~a_ZATU659|'),
	(2462,'|AB~b__A_~a1|'),
	(2463,'|AMA.X|'),
	(2464,'|AMAR&AMAR|'),
	(2465,'|AMAR.1(N0_)|'),
	(2466,'|AMAR@g|'),
	(2467,'|AMAR_TAR|'),
	(2468,'|AMA~a_E_~a|'),
	(2469,'|APIN~a.APIN~a|'),
	(2470,'|A_1(N14)|'),
	(2471,'|A_AB_|'),
	(2472,'|A_AN|'),
	(2473,'|A_EN~a|'),
	(2474,'|A_ZATU672|'),
	(2475,'|A__UBUR|'),
	(2476,'|BAD&BAD|'),
	(2477,'|BU~a+DU_~a|'),
	(2478,'|BU~a_1(N58)|'),
	(2479,'|BU~a_A|'),
	(2480,'|BU~a_GI_@t|'),
	(2481,'|BU~b.NA_~a|'),
	(2482,'|DAG.KISIM__U_.BAR|'),
	(2483,'|DARA_~c_(KAR_._E~a)|'),
	(2484,'|DARA_~c_KAR_|'),
	(2485,'|DARA_~d_(KAR_._E~a)|'),
	(2486,'|DARA_~d_KAR_|'),
	(2487,'|DAR~a_A|'),
	(2488,'|DA~a.LI_|'),
	(2489,'|DIM~a_GU|'),
	(2490,'|DIM~a_X|'),
	(2491,'|DUG~a_1(N57)|'),
	(2492,'|DUG~a_HI|'),
	(2493,'|DUG~a_KASKAL|'),
	(2494,'|DUG~a_LAM~b|'),
	(2495,'|DUG~a_NAGA~a|'),
	(2496,'|DUG~a_U_~a|'),
	(2497,'|DUG~a_U_~b|'),
	(2498,'|DUG~a_X|'),
	(2499,'|DUG~b_(1(N57).KU_~a)|'),
	(2500,'|DUG~b_(KUR~a.X)|'),
	(2501,'|DUG~b_(NI~a@g.ZATU779)|'),
	(2502,'|DUG~b_(SI4~a.X)|'),
	(2503,'|DUG~b_(TAK4~a.SAL)|'),
	(2504,'|DUG~b_(TAK4~a.SA~a)|'),
	(2505,'|DUG~b_(ZATU789.SA~a)|'),
	(2506,'|DUG~b_(_E~a.NAM_)|'),
	(2507,'|DUG~b_1(N57)|'),
	(2508,'|DUG~b_3(N57)|'),
	(2509,'|DUG~b_AB_|'),
	(2510,'|DUG~b_AN_E~b|'),
	(2511,'|DUG~b_AN_E~d|'),
	(2512,'|DUG~b_BALA~a|'),
	(2513,'|DUG~b_BIR_~c|'),
	(2514,'|DUG~b_DIN|'),
	(2515,'|DUG~b_E~a|'),
	(2516,'|DUG~b_GA~a|'),
	(2517,'|DUG~b_GA~b|'),
	(2518,'|DUG~b_GE_TU~a|'),
	(2519,'|DUG~b_GE_TU~b|'),
	(2520,'|DUG~b_GI_|'),
	(2521,'|DUG~b_HI@g~a|'),
	(2522,'|DUG~b_HI|'),
	(2523,'|DUG~b_KASKAL|'),
	(2524,'|DUG~b_KUR@g~a|'),
	(2525,'|DUG~b_KUR~a|'),
	(2526,'|DUG~b_KUR~b|'),
	(2527,'|DUG~b_KU_~a|'),
	(2528,'|DUG~b_LAM~a|'),
	(2529,'|DUG~b_MA_|'),
	(2530,'|DUG~b_MI|'),
	(2531,'|DUG~b_NAGA~a|'),
	(2532,'|DUG~b_NAM_|'),
	(2533,'|DUG~b_SA~a|'),
	(2534,'|DUG~b_SI4~a|'),
	(2535,'|DUG~b_SIG7|'),
	(2536,'|DUG~b_SIG_~a1|'),
	(2537,'|DUG~b_SIG_~a_|'),
	(2538,'|DUG~b_SUHUR|'),
	(2539,'|DUG~b_TAK4~a|'),
	(2540,'|DUG~b_TI|'),
	(2541,'|DUG~b_UH_~a@t|'),
	(2542,'|DUG~b_UH_~a|'),
	(2543,'|DUG~b_U_~a|'),
	(2544,'|DUG~b_U_~b|'),
	(2545,'|DUG~b_X|'),
	(2546,'|DUG~b_ZATU707~a|'),
	(2547,'|DUG~b_ZATU764|'),
	(2548,'|DUG~b_ZATU779|'),
	(2549,'|DUG~b_ZATU780|'),
	(2550,'|DUG~b_ZATU781|'),
	(2551,'|DUG~b__AH_~a|'),
	(2552,'|DUG~b__E~a|'),
	(2553,'|DUG~c_1(N57)|'),
	(2554,'|DU_DI_|'),
	(2555,'|DU_~a_DI_|'),
	(2556,'|EN_.E_~a|'),
	(2557,'|EN_.E_~b|'),
	(2558,'|EN~c&EN~c|'),
	(2559,'|EZEN~a_(HI.1(N57).AN)|'),
	(2560,'|EZEN~a_(U_~b.A)|'),
	(2561,'|EZEN~a_EN~a|'),
	(2562,'|EZEN~a_EN~b|'),
	(2563,'|EZEN~a_KAB|'),
	(2564,'|EZEN~a_KI|'),
	(2565,'|EZEN~a_LA~e|'),
	(2566,'|EZEN~a_NIMGIR|'),
	(2567,'|EZEN~a_NIM~b_|'),
	(2568,'|EZEN~a_RAD~a|'),
	(2569,'|EZEN~a_SAG|'),
	(2570,'|EZEN~a_SU~a|'),
	(2571,'|EZEN~a_X|'),
	(2572,'|EZEN~b@t|'),
	(2573,'|EZEN~b_6(N57)|'),
	(2574,'|E_.AN._E.NAGA|'),
	(2575,'|E_.GI_.TUG_.PI.AN._E.NAGA|'),
	(2576,'|E_.LU__KAR_.A|'),
	(2577,'|E_DA_TAR|'),
	(2578,'|E__SAL|'),
	(2579,'|E_~a.LI_|'),
	(2580,'|E_~a_1(N57)@t|'),
	(2581,'|E_~a_3(N58)|'),
	(2582,'|E_~b.LI_|'),
	(2583,'|E_~b_1(N57)@t|'),
	(2584,'|GABA~c_HI|'),
	(2585,'|GABA~c_UDU~a|'),
	(2586,'|GABA~c_X|'),
	(2587,'|GAN~c_(HI.DIN)|'),
	(2588,'|GAN~c_(KUR~a.A)|'),
	(2589,'|GAN~c_DIN|'),
	(2590,'|GAN~c_HI|'),
	(2591,'|GAN~c_KA_~c|'),
	(2592,'|GAN~c_LAGAB~b|'),
	(2593,'|GAN~c_NE~a|'),
	(2594,'|GAN~c_SIG7|'),
	(2595,'|GAN~c_X|'),
	(2596,'|GAN~c_ZATU777|'),
	(2597,'|GAN~c__E_@t|'),
	(2598,'|GAN~c__E~a|'),
	(2599,'|GAN~d_GE_TU~a|'),
	(2600,'|GAN~d_HI|'),
	(2601,'|GA__(UD.DU)|'),
	(2602,'|GA__UD+DU|'),
	(2603,'|GA__X|'),
	(2604,'|GA_~a1_((SUKUD&SUKUD)~a)|'),
	(2605,'|GA_~a1_((SUKUD&SUKUD)~b)|'),
	(2606,'|GA_~a1_(GIR~a.KU_~a)|'),
	(2607,'|GA_~a1_(HI.SUHUR)|'),
	(2608,'|GA_~a1_(KU_~a.KU_~a)|'),
	(2609,'|GA_~a1_1(N14)|'),
	(2610,'|GA_~a1_1(N57)|'),
	(2611,'|GA_~a1_A|'),
	(2612,'|GA_~a1_EN~b|'),
	(2613,'|GA_~a1_GE_TU~c3|'),
	(2614,'|GA_~a1_GE_TU~c5|'),
	(2615,'|GA_~a1_GIR~a|'),
	(2616,'|GA_~a1_GI_@t|'),
	(2617,'|GA_~a1_GU4|'),
	(2618,'|GA_~a1_HI|'),
	(2619,'|GA_~a1_KU_~a|'),
	(2620,'|GA_~a1_LAGAB~b|'),
	(2621,'|GA_~a1_MA_|'),
	(2622,'|GA_~a1_NAGA~a|'),
	(2623,'|GA_~a1_PAD~b|'),
	(2624,'|GA_~a1_PAP~a|'),
	(2625,'|GA_~a1_SUHUR|'),
	(2626,'|GA_~a1_SUKUD|'),
	(2627,'|GA_~a1_SUMA_|'),
	(2628,'|GA_~a1_SU~a|'),
	(2629,'|GA_~a1_TI|'),
	(2630,'|GA_~a1_U4|'),
	(2631,'|GA_~a1_X|'),
	(2632,'|GA_~a1__A|'),
	(2633,'|GA_~a2_(GU4._E_)|'),
	(2634,'|GA_~a3_X|'),
	(2635,'|GA_~a__3(N57)|'),
	(2636,'|GA_~a__GU4|'),
	(2637,'|GA_~a__NIM~b1|'),
	(2638,'|GA_~a__NI~a|'),
	(2639,'|GA_~a__NI~b|'),
	(2640,'|GA_~a__SUHUR|'),
	(2641,'|GA_~a__X|'),
	(2642,'|GA_~a___E_|'),
	(2643,'|GA_~b_KU_~a|'),
	(2644,'|GA_~b_ZATU659|'),
	(2645,'|GA~a.ZATU753|'),
	(2646,'|GA~a_X|'),
	(2647,'|GA~c_1(N14)|'),
	(2648,'|GA~c_KASKAL|'),
	(2649,'|GE_TIN~c_X|'),
	(2650,'|GE_TU~a__E~a@t|'),
	(2651,'|GI&GI&GI|'),
	(2652,'|GI&GI|'),
	(2653,'|GI4~a_A|'),
	(2654,'|GIR_~a__E~b|'),
	(2655,'|GIR_~c__E_|'),
	(2656,'|GIR~a.KU_~a|'),
	(2657,'|GIR~b.GIR~b|'),
	(2658,'|GI_.TE|'),
	(2659,'|GI_1(N14)|'),
	(2660,'|GI_1(N58)@t|'),
	(2661,'|GI_@t.E_~a|'),
	(2662,'|GI_GI_@t|'),
	(2663,'|GI_KU~b1|'),
	(2664,'|GI_LAGAB~a|'),
	(2665,'|GI_NAM_|'),
	(2666,'|GI_SIG_~d1|'),
	(2667,'|GI_X|'),
	(2668,'|GI__E_|'),
	(2669,'|GI___U_~a|'),
	(2670,'|GI___U_~b|'),
	(2671,'|GI__~a&GI__~a|'),
	(2672,'|GU4.ZATU755~a|'),
	(2673,'|GUG__SILA_~a|'),
	(2674,'|GUG__TUR|'),
	(2675,'|GUG___ITA~a1|'),
	(2676,'|GUKKAL~a.HI@g~a|'),
	(2677,'|GURU_~a_2(N14)|'),
	(2678,'|GURU_~b_2(N14)|'),
	(2679,'|GURU_~c_2(N14)|'),
	(2680,'|HA_HUR_MA|'),
	(2681,'|HA~a+GI_|'),
	(2682,'|HA~a+HA~a|'),
	(2683,'|HA~a.1(N02)|'),
	(2684,'|HI.SUHUR|'),
	(2685,'|HI_1(N01)F|'),
	(2686,'|HI_1(N57)@t|'),
	(2687,'|HI_1(N57)|'),
	(2688,'|HI_1(N58)|'),
	(2689,'|HI_LAGAB~a|'),
	(2690,'|HI_ZATU707~a|'),
	(2691,'|HI__E_@t|'),
	(2692,'|HU.UR_~b_|'),
	(2693,'|HU_1(N57)|'),
	(2694,'|HU_2(N57)|'),
	(2695,'|HU_3(N57)|'),
	(2696,'|HU_PAP~a|'),
	(2697,'|HU_X|'),
	(2698,'|IB~a@n|'),
	(2699,'|IR~a.GA_~a1|'),
	(2700,'|KAB_1(N58)|'),
	(2701,'|KAK~a.GA_~a1|'),
	(2702,'|KASKAL@g|'),
	(2703,'|KA_%KA_|'),
	(2704,'|KA__LAM|'),
	(2705,'|KA_~b@t|'),
	(2706,'|KA_~b__E~a|'),
	(2707,'|KA~a._E~a|'),
	(2708,'|KA~a_SAR~a|'),
	(2709,'|KI.BI.KAK|'),
	(2710,'|KI@n_DUB~a|'),
	(2711,'|KISAL~b_@t|'),
	(2712,'|KUR@g~a|'),
	(2713,'|KUR@g~b|'),
	(2714,'|KUR~a.E_~a|'),
	(2715,'|KUR~a.NUNUZ~a1|'),
	(2716,'|KUR~b.E_~a|'),
	(2717,'|LAGAB_UN|'),
	(2718,'|LAGAB~a_(KU_~a+KU_~a)|'),
	(2719,'|LAGAB~a_2(N14)|'),
	(2720,'|LAGAB~a_BA|'),
	(2721,'|LAGAB~a_BIR_~b|'),
	(2722,'|LAGAB~a_DU_~b|'),
	(2723,'|LAGAB~a_KAK~a|'),
	(2724,'|LAGAB~a_KU_U_~b|'),
	(2725,'|LAGAB~a_KU_~a|'),
	(2726,'|LAGAB~a_NUN~b|'),
	(2727,'|LAGAB~a_PA~a|'),
	(2728,'|LAGAB~a_SI|'),
	(2729,'|LAGAB~a_SU~a|'),
	(2730,'|LAGAB~a_TI|'),
	(2731,'|LAGAB~a_UB|'),
	(2732,'|LAGAB~a_X|'),
	(2733,'|LAGAB~a_ZATU753|'),
	(2734,'|LAGAB~a__A|'),
	(2735,'|LAGAB~a__ITA~a1|'),
	(2736,'|LAGAB~b_1(N01)|'),
	(2737,'|LAGAB~b_BAN_UR~a|'),
	(2738,'|LAGAB~b_GA\'AR~a1|'),
	(2739,'|LAGAB~b_HI|'),
	(2740,'|LAGAB~b_KUR~e|'),
	(2741,'|LAGAB~b_PA~a|'),
	(2742,'|LAGAB~b_SI|'),
	(2743,'|LAGAB~b_SUH|_'),
	(2744,'|LAGAB~b_X|'),
	(2745,'|LAGAB~b__ITA~c|'),
	(2746,'|LAK589.A.SI|'),
	(2747,'|LAK589.PAD.SI|'),
	(2748,'|LAK589.SI.A|'),
	(2749,'|LAK589.SI|'),
	(2750,'|LAK590.SI|'),
	(2751,'|LAL_~a_NIM~b_|'),
	(2752,'|LAM~b@t|'),
	(2753,'|LU_.BAD|'),
	(2754,'|LU__(SIG_.BU)|'),
	(2755,'|LU__GE_TU~c3|'),
	(2756,'|LU__IM|'),
	(2757,'|LU__NU|'),
	(2758,'|MAH~a_(SILA_~a_UMBIN~a)|'),
	(2759,'|MAH~a_AB_|'),
	(2760,'|MAH~a_GUKKAL~a|'),
	(2761,'|MAH~a_KU_~a|'),
	(2762,'|MAH~a_MA_|'),
	(2763,'|MAH~a_NA~a|'),
	(2764,'|MAH~a_TUG_~a|'),
	(2765,'|MAH~a_UD5~a|'),
	(2766,'|MAH~a_UDU~a|'),
	(2767,'|MAH~a_UR~a|'),
	(2768,'|MAH~a_UTUA~a|'),
	(2769,'|MAH~a_X|'),
	(2770,'|MAH~a_ZATU659|'),
	(2771,'|MAH~b_KU_~a|'),
	(2772,'|MAH~b_MA_|'),
	(2773,'|MAH~b_NA~a|'),
	(2774,'|MAH~b_SAL|'),
	(2775,'|MAR~b_(LAGAB~b._E_)|'),
	(2776,'|MAR~b_X|'),
	(2777,'|MAR~b__E~a|'),
	(2778,'|MA_1(N58)|'),
	(2779,'|MA_2(N57)|'),
	(2780,'|MA_A|'),
	(2781,'|MA_MA|'),
	(2782,'|MA_X|'),
	(2783,'|MUD_~a@g_GU|'),
	(2784,'|NAGA~a_TAK4~a|'),
	(2785,'|NAM__1(N01)|'),
	(2786,'|NINDA__((UDU~a_TAR)~a)|'),
	(2787,'|NINDA__(AN.HI)|'),
	(2788,'|NINDA__(AN.ME~a)|'),
	(2789,'|NINDA__(AN.X)|'),
	(2790,'|NINDA__(GI_.DAR~a)|'),
	(2791,'|NINDA__(HI.AN.ME~a)|'),
	(2792,'|NINDA__(HI.ME~a)|'),
	(2793,'|NINDA__(HI.X)|'),
	(2794,'|NINDA__(HI@g~a.1(N06))|'),
	(2795,'|NINDA__(U4.X)|'),
	(2796,'|NINDA__(X.MA_)|'),
	(2797,'|NINDA__(ZATU6+B177659_1(N01))|'),
	(2798,'|NINDA__1(N01)|'),
	(2799,'|NINDA__1(N06)|'),
	(2800,'|NINDA__1(N08)|'),
	(2801,'|NINDA__BA|'),
	(2802,'|NINDA__EZEN~b|'),
	(2803,'|NINDA__GA\'AR~a1|'),
	(2804,'|NINDA__GAR|'),
	(2805,'|NINDA__GI_|'),
	(2806,'|NINDA__GUDU4|'),
	(2807,'|NINDA__HI|'),
	(2808,'|NINDA__KA_~b|'),
	(2809,'|NINDA__MAR~b|'),
	(2810,'|NINDA__U4|'),
	(2811,'|NINDA__X|'),
	(2812,'|NINDA___(N01)|'),
	(2813,'|NINDA___IM~a|'),
	(2814,'|NIR~a_AN|'),
	(2815,'|NI~a.RU|'),
	(2816,'|NI~a_1(N57)|'),
	(2817,'|NI~b_4(N57)|'),
	(2818,'|NI~b_X|'),
	(2819,'|NU11&NU11|'),
	(2820,'|NU11@t|'),
	(2821,'|NUNUZ.AB__U_,BA|'),
	(2822,'|NUNUZ~a1@t|'),
	(2823,'|NUN~a+A|'),
	(2824,'|NUN~a+EN~a|'),
	(2825,'|NUN~a+EN~b|'),
	(2826,'|NUN~a+EN~d|'),
	(2827,'|NUN~a+NAM_|'),
	(2828,'|NUN~b+EN~a|'),
	(2829,'|PIRIG~b1_UR_|'),
	(2830,'|RAD~a@t|'),
	(2831,'|RU@t|'),
	(2832,'|SAG_1(N14)|'),
	(2833,'|SAG_GE_TU~a|'),
	(2834,'|SAG_GE_TU~b|'),
	(2835,'|SAG_GE_TU~c|'),
	(2836,'|SAG_KUR|'),
	(2837,'|SAG_LAM~c|'),
	(2838,'|SAG_MA|'),
	(2839,'|SAG_SAR~a|'),
	(2840,'|SAL.LAM~b|'),
	(2841,'|SAL._U_|'),
	(2842,'|SAL_1(N58)|'),
	(2843,'|SAR~a__E~a|'),
	(2844,'|SIG_1(N57)|'),
	(2845,'|SIG_~b.SIG_~b|'),
	(2846,'|SIG_~b_1(N14)|'),
	(2847,'|SILA_~a_(ZATU659.TU~c)|'),
	(2848,'|SILA_~a_1(N57)|'),
	(2849,'|SILA_~a_1(N58)|'),
	(2850,'|SILA_~a_AMAR|'),
	(2851,'|SILA_~a_A|'),
	(2852,'|SILA_~a_DUG~a|'),
	(2853,'|SILA_~a_DUG~b|'),
	(2854,'|SILA_~a_GARA_~a|'),
	(2855,'|SILA_~a_GA~a|'),
	(2856,'|SILA_~a_GE_TU~a|'),
	(2857,'|SILA_~a_GE_TU~c5|'),
	(2858,'|SILA_~a_GE_TU~c_|'),
	(2859,'|SILA_~a_HA_HUR|'),
	(2860,'|SILA_~a_HI@g~a|'),
	(2861,'|SILA_~a_HI|'),
	(2862,'|SILA_~a_IB~a|'),
	(2863,'|SILA_~a_KA_~a|'),
	(2864,'|SILA_~a_KA_~c|'),
	(2865,'|SILA_~a_KA_~d|'),
	(2866,'|SILA_~a_KUR~a|'),
	(2867,'|SILA_~a_KU_~a|'),
	(2868,'|SILA_~a_MA_|'),
	(2869,'|SILA_~a_MA|'),
	(2870,'|SILA_~a_NAGA~a|'),
	(2871,'|SILA_~a_NI~a|'),
	(2872,'|SILA_~a_NUN~b|'),
	(2873,'|SILA_~a_SUHUR|'),
	(2874,'|SILA_~a_SUM~a|'),
	(2875,'|SILA_~a_SUM~b|'),
	(2876,'|SILA_~a_X|'),
	(2877,'|SILA_~a_ZATU629|'),
	(2878,'|SILA_~a_ZATU646|'),
	(2879,'|SILA_~a__E~a@t|'),
	(2880,'|SILA_~a__E~a|'),
	(2881,'|SILA_~a__U_|'),
	(2882,'|SILA_~a__U|'),
	(2883,'|SILA_~b_DUG~a|'),
	(2884,'|SILA_~b_GUG_|'),
	(2885,'|SILA_~b_NAGA~b|'),
	(2886,'|SILA_~b_NI~a|'),
	(2887,'|SILA_~b_NI~b|'),
	(2888,'|SILA_~c_ZATU687|'),
	(2889,'|SILA_~c__U|'),
	(2890,'|SILA_~d_NI~a|'),
	(2891,'|SI__E_|'),
	(2892,'|SUHUR@n|'),
	(2893,'|SUKUD@g~d|'),
	(2894,'|SUM~a@t|'),
	(2895,'|SU~a_1(N58)|'),
	(2896,'|TA~d_MA_|'),
	(2897,'|TUG_~a.(BAD&BAD)|'),
	(2898,'|TUR_X|'),
	(2899,'|TUR_~a@n|'),
	(2900,'|TUR_~b_TAK4~a|'),
	(2901,'|U4.(1(N14).3(N08))|'),
	(2902,'|U4.(1(N14).4(N08))|'),
	(2903,'|U4.(1(N14).5(N08))|'),
	(2904,'|U4.(1(N14).8(N08))|'),
	(2905,'|U4.1(N08)|'),
	(2906,'|U4.1(N14)|'),
	(2907,'|U4.2(N08)|'),
	(2908,'|U4.2(N14)|'),
	(2909,'|U4.3(N08)|'),
	(2910,'|U4.4(N08)|'),
	(2911,'|U4.5(N08)|'),
	(2912,'|U4.6(N08)|'),
	(2913,'|U4.7(N08)|'),
	(2914,'|U4.8(N08)|'),
	(2915,'|U4._U_|'),
	(2916,'|U4_(1(N14).2(N01))|'),
	(2917,'|U4_(1(N14).4(N01))|'),
	(2918,'|U4_(1(N14).8(N01))|'),
	(2919,'|U4_(2(N14).4(N01))|'),
	(2920,'|U4_(3(N14).2(N01))|'),
	(2921,'|U4_(3(N14).7(N01))|'),
	(2922,'|U4_(X(N01))|'),
	(2923,'|U4_(X+2(N01))|'),
	(2924,'|U4_1(N01).5(N08)|'),
	(2925,'|U4_1(N01)F|'),
	(2926,'|U4_1(N01)|'),
	(2927,'|U4_1(N14)|'),
	(2928,'|U4_1(N57)|'),
	(2929,'|U4_1(N58)@t|'),
	(2930,'|U4_10(N57)|'),
	(2931,'|U4_2(N01).(2(N14).1(N08))|'),
	(2932,'|U4_2(N01).2(N14)|'),
	(2933,'|U4_2(N01).X|'),
	(2934,'|U4_2(N01)|'),
	(2935,'|U4_2(N14)|'),
	(2936,'|U4_2(N57)|'),
	(2937,'|U4_3(N01).3(N08)|'),
	(2938,'|U4_3(N01)|'),
	(2939,'|U4_3(N57)|'),
	(2940,'|U4_4(N01).2(N14)|'),
	(2941,'|U4_4(N01)|'),
	(2942,'|U4_4(N57)|'),
	(2943,'|U4_5(N01).1(N14)|'),
	(2944,'|U4_5(N01)|'),
	(2945,'|U4_5(N57)|'),
	(2946,'|U4_6(N01)|'),
	(2947,'|U4_6(N57)|'),
	(2948,'|U4_7(N57)|'),
	(2949,'|U4_8(N01).X|'),
	(2950,'|U4_8(N01)|'),
	(2951,'|U4_8(N57)|'),
	(2952,'|U4_X|'),
	(2953,'|UKKIN~b_(DIN.1(N01))|'),
	(2954,'|UKKIN~b_2(N01)|'),
	(2955,'|UKKIN~b_3(N01)|'),
	(2956,'|UKKIN~b_5(N01)|'),
	(2957,'|UKKIN~b_DIN|'),
	(2958,'|UKKIN~b_DUG~a|'),
	(2959,'|UKKIN~b_HI@g~a|'),
	(2960,'|UKKIN~b_NI~a|'),
	(2961,'|UKKIN~b_X|'),
	(2962,'|UNUG~a_A@t|'),
	(2963,'|URI_~a+IB~a|'),
	(2964,'|URU~a1@n|'),
	(2965,'|URU~a1_1(N57)|'),
	(2966,'|URU~a1_2(N57)|'),
	(2967,'|URU~a1_AMAR|'),
	(2968,'|URU~a1_GU4|'),
	(2969,'|URU~a1_HI@g~a|'),
	(2970,'|URU~a1_NIMGIR|'),
	(2971,'|URU~a1_X|'),
	(2972,'|URU~a2_1(N58)|'),
	(2973,'|URU~a3_KALAM~a|'),
	(2974,'|UR__1(N57)|'),
	(2975,'|UR__TAR|'),
	(2976,'|UR_~b1_MA_|'),
	(2977,'|UR~a_KAR_|'),
	(2978,'|U_~a&U_~a|'),
	(2979,'|U_~b&U_~b|'),
	(2980,'|U_~b_TAR~c|'),
	(2981,'|U_~b_TAR~d|'),
	(2982,'|ZATU644~ax1(N14)|'),
	(2983,'|ZATU651xAN|'),
	(2984,'|ZATU651xEN~a|'),
	(2985,'|ZATU651xGAR|'),
	(2986,'|ZATU651xMA|'),
	(2987,'|ZATU651xNUN~a|'),
	(2988,'|ZATU651xSZE~a|'),
	(2989,'|ZATU651xX|'),
	(2990,'|ZATU651xZAR~c|'),
	(2991,'|ZATU659x1(N01)|'),
	(2992,'|ZATU659x1(N14)|'),
	(2993,'|ZATU659x1(N58)@t|'),
	(2994,'|ZATU662x1(N14)|'),
	(2995,'|ZATU683@t|'),
	(2996,'|ZATU711xHI@g~a|'),
	(2997,'|ZATU711xX|'),
	(2998,'|ZATU714.RU|'),
	(2999,'|ZATU714xHI@g~a|'),
	(3000,'|ZATU714xX|'),
	(3001,'|ZATU737xAB~a|'),
	(3002,'|ZATU737xBUR~a|'),
	(3003,'|ZATU737xBU~a|'),
	(3004,'|ZATU737xDI|'),
	(3005,'|ZATU737xEN~a|'),
	(3006,'|ZATU737xEN~b|'),
	(3007,'|ZATU737xE~a|'),
	(3008,'|ZATU737xGAR|'),
	(3009,'|ZATU737xNIMGIR|'),
	(3010,'|ZATU737xNI~a@g|'),
	(3011,'|ZATU737xSAL|'),
	(3012,'|ZATU737xSU~a|'),
	(3013,'|ZATU737xSZE~a|'),
	(3014,'|ZATU737xSZITA@g~a|'),
	(3015,'|ZATU737xSZITA~a1|'),
	(3016,'|ZATU737xU4|'),
	(3017,'|ZATU737xUNUG~a|'),
	(3018,'|ZATU737xX|'),
	(3019,'|ZATU759@txX|'),
	(3020,'|ZATU759x(KU6~a+KU6~a)|'),
	(3021,'|ZATU759xKU6~a|'),
	(3022,'|ZATU759xKU6~d|'),
	(3023,'|ZATU759xX|'),
	(3024,'|ZATU762~axNIM~a|'),
	(3025,'|ZATU762~bxAB~a|'),
	(3026,'|ZATU831@g|'),
	(3027,'|ZI&ZI|'),
	(3028,'|_(N57).GAR|'),
	(3029,'|_EN~d_A|'),
	(3030,'|_E~a&_E~a|'),
	(3031,'|_E~a.NAM_|'),
	(3032,'|_IM_BUR_|'),
	(3033,'|_ITA@g~a_1(N04)|'),
	(3034,'|_ITA@g~a_1(N06)|'),
	(3035,'|_ITA~a1_1(N06)|'),
	(3036,'|_ITA~a1_KAK~a|'),
	(3037,'|_ITA~a1_UDU~a|'),
	(3038,'|_ITA~a1__U_|'),
	(3039,'|_ITA~a1__U|'),
	(3040,'|_ITA~b1_HI@g~a|'),
	(3041,'|_ITA~b3_NAM_|'),
	(3042,'|_U&_U|'),
	(3043,'|_U_.((HI+1(N57))+(HI+1(N57)))|'),
	(3044,'|_U_.1(N0_)|'),
	(3045,'|_U_.2(N57)|'),
	(3046,'|_U_.EN~a|'),
	(3047,'|_U_.EN~b|'),
	(3048,'|_U_.GI_|'),
	(3049,'|_U_.URI_~a|'),
	(3050,'|_U_1(N58)|');

/*!40000 ALTER TABLE `cdp` ENABLE KEYS */;
UNLOCK TABLES;


# Dump of table city
# ------------------------------------------------------------

DROP TABLE IF EXISTS `city`;

CREATE TABLE `city` (
  `id` int(11) NOT NULL AUTO_INCREMENT,
  `name` varchar(100) NOT NULL,
  `locality_id` int(11) DEFAULT NULL,
  PRIMARY KEY (`id`),
  UNIQUE KEY `uq_name` (`name`),
  KEY `locality_id` (`locality_id`),
  KEY `idx_name` (`name`),
  CONSTRAINT `city_ibfk_1` FOREIGN KEY (`locality_id`) REFERENCES `locality` (`id`)
) ENGINE=InnoDB DEFAULT CHARSET=utf8;

LOCK TABLES `city` WRITE;
/*!40000 ALTER TABLE `city` DISABLE KEYS */;

INSERT INTO `city` (`id`, `name`, `locality_id`)
VALUES
	(56,'Alalakh',4),
	(57,'Andariq',2),
	(58,'Anisu',2),
	(59,'Ashnakkum',4),
	(60,'Ashur',2),
	(61,'Babylon',3),
	(62,'Boghazkoy',1),
	(63,'Borsippa',3),
	(64,'Buzuran',4),
	(65,'Carchemish',1),
	(66,'Der',3),
	(67,'Diniktum',3),
	(68,'Drehem',3),
	(69,'Ebla',4),
	(70,'E\'EDIN',3),
	(71,'Eridu',3),
	(72,'Eshnunna',3),
	(73,'Girsu',3),
	(74,'Hana',4),
	(75,'Hurshitum',2),
	(76,'Yamhad',4),
	(77,'Ilansura',2),
	(78,'Isin',3),
	(79,'Itabalhum',1),
	(80,'Kahat',4),
	(81,'Karahar',2),
	(82,'Kimash',3),
	(83,'Kish',3),
	(84,'Kisurra',3),
	(85,'Kultepe',1),
	(86,'Lagash',3),
	(87,'Larsa',3),
	(88,'Malgium',3),
	(89,'Mari',4),
	(90,'Meturan',2),
	(91,'Mutalu',3),
	(92,'Nimrud',2),
	(93,'Nineveh',2),
	(94,'Nippur',3),
	(95,'Nuzi',2),
	(96,'Gisha & Umma',3),
	(97,'Qabara',4),
	(98,'Razama',4),
	(99,'Shadlash',3),
	(100,'Shehna',4),
	(101,'Sippar',3),
	(102,'Suruppak',3),
	(103,'Umma',3),
	(104,'Ur',3),
	(105,'Urkish & Nawar',4),
	(106,'Uruk',3),
	(107,'Batir',3),
	(108,'Bazi',NULL),
	(109,'Tuba',NULL),
	(110,'Adab',NULL),
	(111,'Alalah',NULL),
	(112,'BAD3.KI',NULL),
	(113,'Elam',NULL),
	(114,'Gasur',NULL),
	(115,'Iamhad',NULL),
	(116,'Qattara/Karana',NULL),
	(117,'SHARRAKUM',NULL),
	(119,'Place',NULL),
	(120,'whatever',NULL),
	(121,'Amarna',7);

/*!40000 ALTER TABLE `city` ENABLE KEYS */;
UNLOCK TABLES;


# Dump of table city_site
# ------------------------------------------------------------

DROP TABLE IF EXISTS `city_site`;

CREATE TABLE `city_site` (
  `id` int(11) NOT NULL AUTO_INCREMENT,
  `name` varchar(100) NOT NULL,
  `city_id` int(11) NOT NULL,
  PRIMARY KEY (`id`),
  UNIQUE KEY `uq_name` (`name`),
  KEY `idx_name` (`name`),
  KEY `city_id` (`city_id`),
  CONSTRAINT `city_site_ibfk_1` FOREIGN KEY (`city_id`) REFERENCES `city` (`id`)
) ENGINE=InnoDB DEFAULT CHARSET=utf8;



# Dump of table column
# ------------------------------------------------------------

DROP TABLE IF EXISTS `column`;

CREATE TABLE `column` (
  `id` int(11) NOT NULL AUTO_INCREMENT,
  `number` varchar(5) NOT NULL,
  PRIMARY KEY (`id`),
  KEY `ix_column_number` (`number`)
) ENGINE=InnoDB DEFAULT CHARSET=utf8;

LOCK TABLES `column` WRITE;
/*!40000 ALTER TABLE `column` DISABLE KEYS */;

INSERT INTO `column` (`id`, `number`)
VALUES
	(1,'i'),
	(2,'i\''),
	(3,'ii'),
	(4,'ii\''),
	(5,'iii'),
	(6,'iii\''),
	(7,'iv'),
	(8,'iv\''),
	(17,'ix'),
	(18,'ix\''),
	(9,'v'),
	(10,'v\''),
	(11,'vi'),
	(12,'vi\''),
	(13,'vii'),
	(14,'vii\''),
	(15,'viii'),
	(16,'viii\''),
	(19,'x'),
	(20,'x\'');

/*!40000 ALTER TABLE `column` ENABLE KEYS */;
UNLOCK TABLES;


# Dump of table correspondent
# ------------------------------------------------------------

DROP TABLE IF EXISTS `correspondent`;

CREATE TABLE `correspondent` (
  `id` int(11) NOT NULL AUTO_INCREMENT,
  `ruler_id` int(11) DEFAULT NULL,
  `non_ruler_id` int(11) DEFAULT NULL,
  PRIMARY KEY (`id`),
  KEY `ruler_id` (`ruler_id`),
  KEY `non_ruler_id` (`non_ruler_id`),
  CONSTRAINT `correspondent_ibfk_1` FOREIGN KEY (`ruler_id`) REFERENCES `ruler` (`id`),
  CONSTRAINT `correspondent_ibfk_2` FOREIGN KEY (`non_ruler_id`) REFERENCES `non_ruler_corresp` (`id`)
) ENGINE=InnoDB DEFAULT CHARSET=utf8;

LOCK TABLES `correspondent` WRITE;
/*!40000 ALTER TABLE `correspondent` DISABLE KEYS */;

INSERT INTO `correspondent` (`id`, `ruler_id`, `non_ruler_id`)
VALUES
	(1,NULL,2),
	(2,NULL,3),
	(3,NULL,4),
	(4,NULL,5),
	(5,NULL,6),
	(6,NULL,7),
	(7,NULL,8),
	(8,NULL,9),
	(9,5528,NULL),
	(10,5519,NULL),
	(11,5525,NULL);

/*!40000 ALTER TABLE `correspondent` ENABLE KEYS */;
UNLOCK TABLES;


# Dump of table description
# ------------------------------------------------------------

DROP TABLE IF EXISTS `description`;

CREATE TABLE `description` (
  `id` int(11) NOT NULL AUTO_INCREMENT,
  `sign_ref` varchar(150) NOT NULL,
  PRIMARY KEY (`id`)
) ENGINE=InnoDB DEFAULT CHARSET=utf8;

LOCK TABLES `description` WRITE;
/*!40000 ALTER TABLE `description` DISABLE KEYS */;

INSERT INTO `description` (`id`, `sign_ref`)
VALUES
	(1,''),
	(2,'2(N37)'),
	(3,'|SAG_GE_TU~c|'),
	(4,'|NINDA__(_E.A)|'),
	(5,'|KA_E__|'),
	(6,'GA\'AR~b1'),
	(7,'|URU_UD|'),
	(8,'ZATU842'),
	(9,'ZATU675~c'),
	(10,'|DUG.BUR|'),
	(11,'ERIM'),
	(12,'|UD.MA_.AB_HA|'),
	(13,'|_U.EREN.ME|'),
	(14,'NESAG_~b@t'),
	(15,'|GA_~a1_GU4|'),
	(16,'|SI_KID_|'),
	(17,'2(GE__)'),
	(18,'|DUG~b_MA_|'),
	(19,'|UD_BAD|'),
	(20,'|NINDA__U4|'),
	(21,'|GA_~a1_TI|'),
	(22,'1(N36@f)'),
	(23,'|_U.DI_|'),
	(24,'|GA__(GI_.A)|'),
	(25,'|UR%UR|'),
	(26,'4(N45)'),
	(27,'|UR__(U_.A_)|'),
	(28,'|GIR_.ZA@t|'),
	(29,'3(N07~a)'),
	(30,'|KI.KU.LU_|'),
	(31,'|MAH~a_X|'),
	(32,'|GUG___ITA~a1|'),
	(33,'9(DI_~c)'),
	(34,'GU'),
	(35,'|3_AN|'),
	(36,'LAGAR@g'),
	(37,'|(GI__(DIN.DIN))~a|'),
	(38,'|KA_.AN|'),
	(39,'LIMMU~b'),
	(40,'ZATU626~c'),
	(41,'|E_~a_1(N57)@t|'),
	(42,'|SILA_~a_SUM~b|'),
	(43,'|LAGAB~a_(KU_~a+KU_~a)|'),
	(44,'|LAGAB_GUD|'),
	(45,'|U4_2(N01).2(N14)|'),
	(46,'|GA__KAK|'),
	(47,'GA@g'),
	(48,'2(N08)'),
	(49,'|NIN.LIL_|'),
	(50,'GI'),
	(51,'|KA_LUM|'),
	(52,'|KI.KAL_BAD|'),
	(53,'|GAR.GU.SUR.NUN|'),
	(54,'|AN.A_.A.AN|'),
	(55,'ZATU694~d'),
	(56,'GA\'AR~b_'),
	(57,'|EN.TI|'),
	(58,'|PA.E_|'),
	(59,'TI@t'),
	(60,'MA_'),
	(61,'ZATU694~c'),
	(62,'|GA__A__+GAL|'),
	(63,'|_A__NE|'),
	(64,'KAD_'),
	(65,'|GA__X|'),
	(66,'|_U.GIR_@g|'),
	(67,'ZATU624~a'),
	(68,'|LAGAB_EN|'),
	(69,'TI@g'),
	(70,'ZATU624~b'),
	(71,'|GA__GI|'),
	(72,'|PA.DU|'),
	(73,'10(N58)'),
	(74,'SILANITA'),
	(75,'|KA._U|'),
	(76,'|LAGAB_BAD|'),
	(77,'|SILA_~d_NI~a|'),
	(78,'NISAG'),
	(79,'GUM~b@n'),
	(80,'|A.LU_|'),
	(81,'|GI_.PI.TUG_|'),
	(82,'_AB_'),
	(83,'|BI.DIN|'),
	(84,'|_E&_E.GAR&GAR|'),
	(85,'|AMA.LUL|'),
	(86,'ZATU849'),
	(87,'|EZEN~b@t|'),
	(88,'|4_IM|'),
	(89,'|GA__(BAR.RA)|'),
	(90,'|ZA.AGA|'),
	(91,'|1(N58@t)|'),
	(92,'|U.UR@s|'),
	(93,'2(N15)'),
	(94,'|GU__NUN|'),
	(95,'|ZATU683@t|'),
	(96,'10(N14@f)'),
	(97,'1(N28~b)'),
	(98,'ZI'),
	(99,'|ME.NUN.TAG|'),
	(100,'ZATU736~a'),
	(101,'|NINDA__MAN|'),
	(102,'ZATU736~b'),
	(103,'|NAM.LUGAL|'),
	(104,'ZA'),
	(105,'GAR_'),
	(106,'|LAGAB_LUL|'),
	(107,'9(N18)'),
	(108,'|GI___U_~b|'),
	(109,'|1(N57).AB2|'),
	(110,'|KI.NE|'),
	(111,'|SIG_~b.SIG_~b|'),
	(112,'TAR'),
	(113,'4(N45@f)'),
	(114,'|HU.ERIN_|'),
	(115,'|GA_~a1_((SUKUD&SUKUD)~a)|'),
	(116,'|_A_.A|'),
	(117,'|KI.AN._E_.KI|'),
	(118,'|_U_.E_~a|'),
	(119,'GIN_@g'),
	(120,'|AB~a_ZATU659|'),
	(121,'|MA_.EN.KAK|'),
	(122,'ZATU854'),
	(123,'|DIM_IGI|'),
	(124,'A_@z'),
	(125,'2(N56)'),
	(126,'UNUG~a@s'),
	(127,'6(N21)'),
	(128,'|NUNUZ.AB__DUG|'),
	(129,'|BI.A__.A.AN|'),
	(130,'|A.ENGUR.X|'),
	(131,'ZATU850'),
	(132,'|MAH~b_SAL|'),
	(133,'ZATU851'),
	(134,'|DUG.DUG|'),
	(135,'BANLIMMU'),
	(136,'|UD.UD|'),
	(137,'|LAGAB_KI|'),
	(138,'|TUR.U_|'),
	(139,'|(DUB_DI_)~c|'),
	(140,'IM~a@g'),
	(141,'TUG_'),
	(142,'|KA_A__|'),
	(143,'TAG'),
	(144,'5(A_)'),
	(145,'4(U)'),
	(146,'|MU__.ZA.AB@g|'),
	(147,'|GI_.TUG_.PI.NU__.SILA_|'),
	(148,'|GIR__(LU.IGI)|'),
	(149,'|KI@n_DUB~a|'),
	(150,'|U.EDIN|'),
	(151,'|KA.DI|'),
	(152,'TAB'),
	(153,'|GUD.AN.NA|'),
	(154,'3(N19)'),
	(155,'7(N48)'),
	(156,'ZATU707~b'),
	(157,'|U.AD|'),
	(158,'|UD.AB@g|'),
	(159,'|HUB__KASKAL|'),
	(160,'|GA__DUB|'),
	(161,'5(N01@f)'),
	(162,'ZATU798'),
	(163,'|KA_KIB|'),
	(164,'|(DUG~b_DIN)@r|'),
	(165,'8(N19@f)'),
	(166,'|UR__(A.HA)|'),
	(167,'|GA_SILA_|'),
	(168,'MAGUR~a'),
	(169,'|TUG_.KA__|'),
	(170,'|GI_.GIBIL|'),
	(171,'9(N45)'),
	(172,'|SILA_~a_KUR~a|'),
	(173,'KUL@g'),
	(174,'|SAG_DUB|'),
	(175,'|_ILAM&_ILAM|'),
	(176,'2(N41)'),
	(177,'|_U_.AGA@s|'),
	(178,'|MU_%MU__MA_|'),
	(179,'|NAGAR.ZA@t|'),
	(180,'|GIR__A+IGI|'),
	(181,'ZATU797'),
	(182,'|LU_.GAM|'),
	(183,'IMIN'),
	(184,'9(_AR_)'),
	(185,'|NU__.GI_|'),
	(186,'|NINDA__MAR~b|'),
	(187,'KU_U_'),
	(188,'|URU_SIG_|'),
	(189,'|LU__NU|'),
	(190,'ELLES316'),
	(191,'|IM.DUN_@g@g.DUN|'),
	(192,'|SAG_LUM|'),
	(193,'|LAL_.A|'),
	(194,'|GI_1(N14)|'),
	(195,'|NI.UD|'),
	(196,'LA'),
	(197,'3(N51)'),
	(198,'|KI.MU__|'),
	(199,'3(N04)'),
	(200,'|URU_(MIN.IGI)|'),
	(201,'|HI_BAD|'),
	(202,'LIMMU~a'),
	(203,'1(N08@f)'),
	(204,'LU'),
	(205,'MA@g'),
	(206,'|LU__KAD_|'),
	(207,'|TE.AB|'),
	(208,'|ZATU737xAB~a|'),
	(209,'|LU_.KAM|'),
	(210,'|UB.ME|'),
	(211,'A'),
	(212,'|U_.KUR.NI.TUK.KI|'),
	(213,'|BU~a_1(N58)|'),
	(214,'|PA.LAGAB_(GUD.GUD)|'),
	(215,'|A._U.NAGA|'),
	(216,'|_U.BAD|'),
	(217,'|LAGAB_TAG|'),
	(218,'1(N20)'),
	(219,'|MU.U_.TUG_.PI|'),
	(220,'|4(N57).NI~b|'),
	(221,'7(N02)'),
	(222,'5(N54)'),
	(223,'|SI.GUD_A_|'),
	(224,'|DU_.DU|'),
	(225,'4(N20)'),
	(226,'|ARAD.RA|'),
	(227,'|GA_~a1_(KU_~a.KU_~a)|'),
	(228,'ZATU690'),
	(229,'|NINDA__GI_|'),
	(230,'ZATU692'),
	(231,'|BU+BU+KALAM|'),
	(232,'ZATU695'),
	(233,'|KI.MIN|'),
	(234,'|HI.SUHUR|'),
	(235,'GARA_~b'),
	(236,'GARA_~a'),
	(237,'|DU_&DU_|'),
	(238,'|SAG_UB|'),
	(239,'|A_.UD.DU|'),
	(240,'LAK20'),
	(241,'|GA__DI|'),
	(242,'|TAB.A_|'),
	(243,'|AB__KAR_|'),
	(244,'|MU_.A.HA.DU|'),
	(245,'|GI_.GAR.UMBIN|'),
	(246,'1(N36)'),
	(247,'ZATU644~b'),
	(248,'|_U.KAL|'),
	(249,'|LAGAB_SUM|'),
	(250,'|_U_1(N58)|'),
	(251,'|URUDU.I_.URUDU|'),
	(252,'4(N51)'),
	(253,'|SAL.UR|'),
	(254,'_U'),
	(255,'5(GE_U)'),
	(256,'6(U)'),
	(257,'|U4_4(N01)|'),
	(258,'GE_TIN'),
	(259,'NE@s'),
	(260,'|NUNUZ.AB__X|'),
	(261,'|GAL.GI_.TUG_.TE.A.DU|'),
	(262,'|GIR__PA|'),
	(263,'9(N51@f)'),
	(264,'|1(N01@r)|'),
	(265,'_A'),
	(266,'|DUG~b_LAM~a|'),
	(267,'|GA_~a1_SU~a|'),
	(268,'|ZATU759xKU6~a|'),
	(269,'|SAL.A__.GAR_|'),
	(270,'|TU_.TU_|'),
	(271,'1(N56)'),
	(272,'SAL'),
	(273,'|AMAR_TAR|'),
	(274,'SAG'),
	(275,'|E_~a_3(N58)|'),
	(276,'|ZA.GIN_|'),
	(277,'ADDA@t'),
	(278,'|EN.ME.ZI.AN.NA|'),
	(279,'|TUG_.BU.TUG_.TU|'),
	(280,'|KASKAL.KUR|'),
	(281,'MA__@g'),
	(282,'|SAG_A|'),
	(283,'ZATU674'),
	(284,'ZATU725'),
	(285,'KAP_'),
	(286,'|TUR.ARAD|'),
	(287,'ZI_'),
	(288,'|UD.AN.UD|'),
	(289,'1(N58)'),
	(290,'9(DI_)'),
	(291,'ZIG'),
	(292,'MAR'),
	(293,'ZATU755~b'),
	(294,'|1(N58).BAD~b|'),
	(295,'|GI_.KA.KAD_|'),
	(296,'2(N36)'),
	(297,'|E__BAD|'),
	(298,'|LAL_.HAL|'),
	(299,'|GAR._A__A|'),
	(300,'|LUM&LUM._U_|'),
	(301,'SUKUD'),
	(302,'|NAGAR.BU|'),
	(303,'|NINDA__BAL|'),
	(304,'|UD.MI|'),
	(305,'MUG'),
	(306,'NAGAR'),
	(307,'MU__~a@g'),
	(308,'|GUG__SILA_~a|'),
	(309,'|SU&SU|'),
	(310,'|HI_1(N01)F|'),
	(311,'3(N07~b)'),
	(312,'|A_.A_|'),
	(313,'9(DI_~b)'),
	(314,'TI@r'),
	(315,'|AB.NAM|'),
	(316,'|KAK_SIG_|'),
	(317,'KISAL'),
	(318,'1(N43)'),
	(319,'UR@180'),
	(320,'|TAK__IM|'),
	(321,'ZATU773~b'),
	(322,'ZATU694~a'),
	(323,'ZATU754'),
	(324,'|GI___U_~a|'),
	(325,'|HI.GIR_|'),
	(326,'|4(N57).GAR|'),
	(327,'|NUNUZ.KISIM__BI|'),
	(328,'|U4_2(N01)|'),
	(329,'|SUG.TAR|'),
	(330,'3(DI_)'),
	(331,'|BULUG&BULUG|'),
	(332,'|GAL.NAGAR|'),
	(333,'DI_@t'),
	(334,'|DU_~a_DI_|'),
	(335,'|EDIN.A|'),
	(336,'|ZATU737xBU~a|'),
	(337,'|GISAL.SI.A|'),
	(338,'|KA_X|'),
	(339,'|UR__(A.NA)|'),
	(340,'|AMAR__E|'),
	(341,'|LAGAB_UD|'),
	(342,'|LAGAB~b_SI|'),
	(343,'|LAL_.U|'),
	(344,'_E_LAM'),
	(345,'|MU_._A|'),
	(346,'|U.U.U|'),
	(347,'|NINDA__X|'),
	(348,'|GA__SUM|'),
	(349,'|U_~b&U_~b|'),
	(350,'|URU~a1@n|'),
	(351,'|LU_.LU_.LU_.LU_|'),
	(352,'|U__KU|'),
	(353,'|KI.SU.ZA.LU.E__|'),
	(354,'|SI@g.A|'),
	(355,'|HU_2(N57)|'),
	(356,'|ARAD_KUR|'),
	(357,'|EZEN~a_(HI.1(N57).AN)|'),
	(358,'_IDIM'),
	(359,'|BAR.EDIN|'),
	(360,'|SAG_KAK.GABA|'),
	(361,'|ZA.MU__.EREN|'),
	(362,'ZATU624~c'),
	(363,'2(N14)'),
	(364,'|DIN.TIR|'),
	(365,'|NUNUZ.AB__KAD_|'),
	(366,'ZATU751~b'),
	(367,'|IB~a@n|'),
	(368,'|SILA_~a_IB~a|'),
	(369,'|ZA_|'),
	(370,'|KA_IM|'),
	(371,'GI_~_'),
	(372,'|AB_.KU|'),
	(373,'9(N19)'),
	(374,'|EZEN~b_6(N57)|'),
	(375,'|LAGAB_(_ITA@t.GI_)|'),
	(376,'|GA__A+IGI|'),
	(377,'|LAL.KAK|'),
	(378,'|_U.GAR|'),
	(379,'APIN'),
	(380,'ZATU702'),
	(381,'|U_.SAL.DAM|'),
	(382,'ZATU703'),
	(383,'|E_._E|'),
	(384,'|HI.BAD|'),
	(385,'GUD'),
	(386,'ZATU751~a'),
	(387,'|KI.KAK|'),
	(388,'|DUG~b_KASKAL|'),
	(389,'|_E.NAM_|'),
	(390,'|U_.ZA.MU__|'),
	(391,'|PA.GA_|'),
	(392,'|PA.LUGAL|'),
	(393,'|AN_E.PA|'),
	(394,'|U.MU|'),
	(395,'|AMA__IM|'),
	(396,'|MAH~a_KU_~a|'),
	(397,'|DU&DU|'),
	(398,'|AN.ME.E_|'),
	(399,'ZATU704'),
	(400,'RAD~a@g'),
	(401,'|SILA_~a_AMAR|'),
	(402,'|HUB__LI_|'),
	(403,'|_E.NIR|'),
	(404,'|NI~a_1(N57)|'),
	(405,'8(N01)'),
	(406,'|GI_1(N58)@t|'),
	(407,'|ME.E_|'),
	(408,'|BAD.LU_|'),
	(409,'HI_E_'),
	(410,'|TUR.TUR|'),
	(411,'|MA_A|'),
	(412,'|PA.AL|'),
	(413,'9(N20)'),
	(414,'|SILA_~a_KU_~a|'),
	(415,'|ZATU711xX|'),
	(416,'|SILA_~a_MA_|'),
	(417,'|URU_GAR|'),
	(418,'|NUNUZ.AB__LA|'),
	(419,'TUR'),
	(420,'10(N57)'),
	(421,'|A.PA.GISAL.PAD.SI.A|'),
	(422,'|GI_U|'),
	(423,'TUK'),
	(424,'TUM'),
	(425,'1(N48@f)'),
	(426,'|GI_.KU_U_|'),
	(427,'|4(N57).KU3~a|'),
	(428,'|KASKAL.LAGAB|'),
	(429,'|LU_.LAGAB|'),
	(430,'ZATU730'),
	(431,'|A.IGI|'),
	(432,'|A_.A_.A_|'),
	(433,'|SAL.BAR|'),
	(434,'2(A_@t)'),
	(435,'|KAK.GI_|'),
	(436,'|_U.DI.E_|'),
	(437,'|SILA_~a_A|'),
	(438,'|A__.U|'),
	(439,'|GA__PA|'),
	(440,'ZATU647'),
	(441,'|URU_GU|'),
	(442,'|LAGAB_(GUD.GUD).A|'),
	(443,'|A.SIG|'),
	(444,'|MU___A|'),
	(445,'|MAR.TU|'),
	(446,'|GAR.GA__A+IGI|'),
	(447,'|U4_(1(N14).4(N01))|'),
	(448,'3(N45)'),
	(449,'DUB'),
	(450,'NU__@90'),
	(451,'|BU.NUN._E.E__|'),
	(452,'|U.PIRIG|'),
	(453,'|AN_E__A_|'),
	(454,'|GA~c_1(N14)|'),
	(455,'|GI__~a&GI__~a|'),
	(456,'|GA_~a1_KU_~a|'),
	(457,'BI_A'),
	(458,'|NINDA__DUB|'),
	(459,'7(N23)'),
	(460,'|NINDA__(AN.ME~a)|'),
	(461,'|AB__(ME.EN)|'),
	(462,'LAK171@s'),
	(463,'|GI_.TAR|'),
	(464,'|GI__E_|'),
	(465,'|ZI&ZI.E__._E|'),
	(466,'|URU_(MIN.IM))|'),
	(467,'|KA_GI|'),
	(468,'ZATU749~a'),
	(469,'|(DUB_DI_)~b|'),
	(470,'|GA__TAK_|'),
	(471,'|DUG~b_KU_~a|'),
	(472,'|A.HA.TAR.DU|'),
	(473,'|LAGAB_(_ITA.GI_.ERIN_)|'),
	(474,'|SAMAG_.LAGAB|'),
	(475,'|_E.NAGA|'),
	(476,'PAP'),
	(477,'|MAH~b_MA_|'),
	(478,'_ANABI'),
	(479,'7(N01@f)'),
	(480,'|ZATU737xBUR~a|'),
	(481,'LAK636'),
	(482,'ZATU733'),
	(483,'ZATU686~a'),
	(484,'|NI_E|'),
	(485,'ZATU737'),
	(486,'|SILA_~a_ZATU646|'),
	(487,'|AL_HA|'),
	(488,'4(N42~b)'),
	(489,'|_A__TAR|'),
	(490,'DUGUD'),
	(491,'|NU11@t|'),
	(492,'PAD'),
	(493,'4(N21)'),
	(494,'|KA_(A.LA_)|'),
	(495,'|KA_~b@t|'),
	(496,'|GAD.TAK_.GI_|'),
	(497,'|1(N08@f)x1(N57)|'),
	(498,'|GA__(SILA_.ME)|'),
	(499,'ZATU644~a'),
	(500,'KU@t'),
	(501,'|LAGAB_(GUD.GUD)+HUL_|'),
	(502,'|NE_A|'),
	(503,'|HA.ZAG|'),
	(504,'|HA_HUR_TAK_|'),
	(505,'1(N37)'),
	(506,'2(N19@f)'),
	(507,'4(DI_)'),
	(508,'|_E_.AB@g|'),
	(509,'|GI_.NI|'),
	(510,'ZATU646'),
	(511,'4(N50)'),
	(512,'|GA__SAR|'),
	(513,'|GA___U|'),
	(514,'ZATU640'),
	(515,'|MA_.EN|'),
	(516,'1(GE__)'),
	(517,'ZATU649'),
	(518,'|UR~a_KAR_|'),
	(519,'1(N11)'),
	(520,'SUKUD@g~a'),
	(521,'SUKUD@g~b'),
	(522,'|MA_.KAK|'),
	(523,'|A_&A_&A_%A_&A_&A_|'),
	(524,'LAK524'),
	(525,'SIG_'),
	(526,'|ZATU651xNUN~a|'),
	(527,'|GIN_.U_|'),
	(528,'|TAB.TAB.TAB.A_|'),
	(529,'4(N18)'),
	(530,'|LU_@LU_|'),
	(531,'|ZATU737xGAR|'),
	(532,'|PIRIG.AB@g.GAL|'),
	(533,'|HA.TAR.DU|'),
	(534,'URUDU@g~d'),
	(535,'URUDU@g~c'),
	(536,'URUDU@g~b'),
	(537,'|SILA_._U.GABA|'),
	(538,'|KI.SU.LU.KI.GAR|'),
	(539,'_ITA'),
	(540,'|AN.IM|'),
	(541,'|EN.KU.A|'),
	(542,'|SAG_HA|'),
	(543,'|SAG_GE_TU~a|'),
	(544,'|A_@z&A_@z&A_@z&A_@z|'),
	(545,'2(N34@f)'),
	(546,'|GIR__IGI|'),
	(547,'AMAR'),
	(548,'1(N60)'),
	(549,'|URU_TU.URU_TU|'),
	(550,'8(N51@f)'),
	(551,'|PA.URU|'),
	(552,'AN+EN'),
	(553,'5(N08)'),
	(554,'|ZATU737xSZITA@g~a|'),
	(555,'4(N43)'),
	(556,'|GAR._A_|'),
	(557,'|_U_.E_|'),
	(558,'|BAR.AN|'),
	(559,'|GA_~b_ZATU659|'),
	(560,'|GA_~a__X|'),
	(561,'|GISAL.PAD.SI.A|'),
	(562,'|GA__GIR_+SU|'),
	(563,'|(GI__(DIN.DIN))~c|'),
	(564,'|U4_3(N57)|'),
	(565,'|GA_~a1_(GIR~a.KU_~a)|'),
	(566,'|U&U.PA&PA.GAR&GAR|'),
	(567,'|AB_NUN|'),
	(568,'|E__U|'),
	(569,'|_U.KAR_|'),
	(570,'|SAL.UD|'),
	(571,'|1(N02).RU|'),
	(572,'|KU_.KU_|'),
	(573,'|GA.A|'),
	(574,'|NIM_KAR_|'),
	(575,'|DAG.KISIM__U_.BAR|'),
	(576,'ZATU734'),
	(577,'|A.GI_.TU.GABA.LI_|'),
	(578,'ZE_'),
	(579,'|EZEN_A+LAL|'),
	(580,'|AMA_GIN_|'),
	(581,'NUN@t'),
	(582,'|SAL.LAGAB|'),
	(583,'|GAN~c__E~a|'),
	(584,'MU__'),
	(585,'|KA_.AN.RA|'),
	(586,'|KI.GAL|'),
	(587,'_A_'),
	(588,'|PIRIG_KAL|'),
	(589,'|SAL.KU_U_|'),
	(590,'|GUD&GUD.LUGAL|'),
	(591,'|LU__E__.LAL|'),
	(592,'|NUN._E|'),
	(593,'|GAR._A_.A|'),
	(594,'|TAG_UD|'),
	(595,'|KA_PI|'),
	(596,'|LAGAB_TIL|'),
	(597,'ZU'),
	(598,'|LAGAB_ME|'),
	(599,'|RAB.KAM|'),
	(600,'|SILA_~a_NUN~b|'),
	(601,'|_E&_E.TAB&TAB.GAR&GAR|'),
	(602,'|NU11&NU11|'),
	(603,'|KUR.TI|'),
	(604,'|AMA._IM_GAR|'),
	(605,'|GU.SUR.NUN|'),
	(606,'|GA_~a__NI~b|'),
	(607,'|MAH~a_MA_|'),
	(608,'|KU.IDIM|'),
	(609,'|MU__.EREN|'),
	(610,'|MU_&MU__(A.NA)|'),
	(611,'|A_@k&A_@k&A_@k&A_@k|'),
	(612,'|GAR.PA.TE.SI|'),
	(613,'GAR'),
	(614,'|KUR.SI.A.GA|'),
	(615,'|E_.A__|'),
	(616,'|GI_.BAR|'),
	(617,'|EN.ME.GI|'),
	(618,'|EN.ME.LAGAR|'),
	(619,'|LAGAB_(A.GAR)|'),
	(620,'|NI.UD.IM|'),
	(621,'|IGI.DIB|'),
	(622,'6(N34)'),
	(623,'DA'),
	(624,'|3(N57).AMAR|'),
	(625,'|NAM__1(N01)|'),
	(626,'|KA_HAR|'),
	(627,'|A.ZA.AN.MU__|'),
	(628,'|SAL.U_|'),
	(629,'|AL_GI_|'),
	(630,'|UD@s.KID|'),
	(631,'|AN.SAL.TUG_.IB|'),
	(632,'|LAGAB_KU_|'),
	(633,'|NINDA___ID|'),
	(634,'|ZATU714.RU|'),
	(635,'BAG_'),
	(636,'|HI_A__|'),
	(637,'|A_@z&A_@z&A_@z|'),
	(638,'HUB_'),
	(639,'|BAD.MI|'),
	(640,'|(SU.LU.E__)&(SU.LU.E__)|'),
	(641,'|NUNUZ~a1@t|'),
	(642,'|PIRIG_UD|'),
	(643,'EREN'),
	(644,'2(N04)'),
	(645,'DARA_'),
	(646,'2(N54)'),
	(647,'X_'),
	(648,'|HI_1(N58)|'),
	(649,'1(N29~b)'),
	(650,'|U4.1(N14)|'),
	(651,'8(N57)'),
	(652,'|(DUB_DI_)~a|'),
	(653,'|GAN~c_NE~a|'),
	(654,'LU_@g@s'),
	(655,'|TUR__SAL|'),
	(656,'|NUNUZ.KISIM_|'),
	(657,'NI_'),
	(658,'|_U.GAR.TUR.LAL.BI|'),
	(659,'|A.GAR_|'),
	(660,'|A_HA|'),
	(661,'|KU.NU|'),
	(662,'ZATU632~c'),
	(663,'|A.MU_|'),
	(664,'NIGIDAE_'),
	(665,'|ZA.NIM|'),
	(666,'GU4@g'),
	(667,'TUG_~a@g'),
	(668,'|GA__(A.HA)|'),
	(669,'|_U.LAGAB|'),
	(670,'|NAM.SAL.TUG_|'),
	(671,'|_A_.GI|'),
	(672,'|IM.AH.ME.U.GAN_|'),
	(673,'|A.AN|'),
	(674,'|BI.U_.SA|'),
	(675,'|(BU~a&BU~a).NA_~a@n|'),
	(676,'|_E.KIN|'),
	(677,'BULUG'),
	(678,'|AB_A__|'),
	(679,'|GA___E+TUR|'),
	(680,'|SIG_.TAK_.ALAN|'),
	(681,'ZATU621~b'),
	(682,'|SILA_~a_GA~a|'),
	(683,'|_EN~d_A|'),
	(684,'|UKKIN~b_5(N01)|'),
	(685,'|ZATU659x1(N58)@t|'),
	(686,'|_E.LUGAL|'),
	(687,'AB~a@g'),
	(688,'|KU_.UD|'),
	(689,'9(N19@f)'),
	(690,'|A_&A_&A_.TAB|'),
	(691,'|PA.TE.SI|'),
	(692,'9(A_)'),
	(693,'|U.UD.KID|'),
	(694,'|4_LU_|'),
	(695,'|ZA.MU__.DI|'),
	(696,'|LAL_.DU|'),
	(697,'|U_.SA.KA.KAK|'),
	(698,'8(N20)'),
	(699,'|PA.GISAL.SI.A.PAD|'),
	(700,'|KA_GA|'),
	(701,'|AMA.X|'),
	(702,'|SAR~a__E~a|'),
	(703,'|KI.AN.IM|'),
	(704,'|A_ZATU672|'),
	(705,'8(N19)'),
	(706,'|NUNUZ.AB__BI|'),
	(707,'BALAG'),
	(708,'|AN.MU_|'),
	(709,'|LAGAB~a_UB|'),
	(710,'|UM_LAGAB|'),
	(711,'6(N19@f)'),
	(712,'|KA_BALAG|'),
	(713,'2(N46@f)'),
	(714,'12(N14)'),
	(715,'URI_'),
	(716,'|RU.NE|'),
	(717,'|IGI.BI|'),
	(718,'|GAD+KID_.DUH|'),
	(719,'|UD._E_.KI|'),
	(720,'DIN@t'),
	(721,'|NINDA__(ZATU6+B177659_1(N01))|'),
	(722,'|KUR.MU__.ZA.KI|'),
	(723,'6(N01)'),
	(724,'ZATU728'),
	(725,'ZATU729'),
	(726,'|E__.PAP.PAP|'),
	(727,'ZATU720'),
	(728,'ZATU721'),
	(729,'ZATU722'),
	(730,'ZATU723'),
	(731,'ZATU724'),
	(732,'|AMAR_KUG|'),
	(733,'LAK350'),
	(734,'ZATU727'),
	(735,'|BAD.X|'),
	(736,'|DAG.KISIM__TAK_|'),
	(737,'URI5'),
	(738,'|GURU_~b_2(N14)|'),
	(739,'|AN_E.AN|'),
	(740,'|ITI_BAD|'),
	(741,'|A.LAK589.SI|'),
	(742,'|U4_(3(N14).7(N01))|'),
	(743,'|LU__NE|'),
	(744,'|PIRIG.TUR|'),
	(745,'|AH.ME|'),
	(746,'|HI__E|'),
	(747,'|GA_~a1_SUHUR|'),
	(748,'7(A_~a)'),
	(749,'|_IM.AN.MA_|'),
	(750,'|SAL.KU|'),
	(751,'A_@k'),
	(752,'1(N34)'),
	(753,'|SAL.U_.DAM|'),
	(754,'UDUL_~a@t'),
	(755,'|I.LU|'),
	(756,'GALAM'),
	(757,'ILIMMU_'),
	(758,'|SILA_~a_SUHUR|'),
	(759,'|MU___(A.DI)|'),
	(760,'LAK25'),
	(761,'7(N34)'),
	(762,'|AL_AL|'),
	(763,'|PI_E|'),
	(764,'|_U_.E_~b|'),
	(765,'|4_LAGAB|'),
	(766,'ZATU659'),
	(767,'HU'),
	(768,'4(N08)'),
	(769,'|4_(AN.NAGA)|'),
	(770,'|LAGAB~b_KUR~e|'),
	(771,'|NINDA__(_E.A_)|'),
	(772,'|LAGAR__E|'),
	(773,'|AN.A.ENGUR|'),
	(774,'SUR_'),
	(775,'|DUG~b_GE_TU~a|'),
	(776,'|BI.DAR|'),
	(777,'|IM%IM|'),
	(778,'|ZATU651xSZE~a|'),
	(779,'|A.TIR|'),
	(780,'|LAGAB_KIN|'),
	(781,'|AN.3+B501_AN|'),
	(782,'|URU__E|'),
	(783,'|TUR_~a@n|'),
	(784,'|_IM_SAL|'),
	(785,'|LU_@s_BAD|'),
	(786,'|PA.GISAL.SI.A|'),
	(787,'|A.KAL|'),
	(788,'|URU_IGI|'),
	(789,'ZATU795'),
	(790,'|PI_U_|'),
	(791,'|ZA.KUR.A|'),
	(792,'5(N34)'),
	(793,'10(N14)'),
	(794,'4(N40)'),
	(795,'|(_A_HI@g~a)~b|'),
	(796,'4(N15)'),
	(797,'|NINDA__BAN_|'),
	(798,'|NE.SI@g|'),
	(799,'|A.EDIN.LAL|'),
	(800,'U4@t'),
	(801,'5(N18)'),
	(802,'|ZATU711xHI@g~a|'),
	(803,'1(N63)'),
	(804,'|DUG~b_AN_E~b|'),
	(805,'|AN_E.IGI.DIB|'),
	(806,'|_U_.AN|'),
	(807,'|MU___DI|'),
	(808,'|E__.MAH|'),
	(809,'|MA_.MUG|'),
	(810,'|TE.AB@g|'),
	(811,'|SAL.LAM~b|'),
	(812,'1(N12)'),
	(813,'|LAGAB~a_SU~a|'),
	(814,'|DUG~b__AH_~a|'),
	(815,'|IGI.UR|'),
	(816,'|DUG~a_HI|'),
	(817,'|A_.GA__SAL|'),
	(818,'5(N15)'),
	(819,'1(N19@f)'),
	(820,'|GA.MA_.KASKAL.SIG_|'),
	(821,'|DUG~b__E~a|'),
	(822,'|GAL.BAR.EDIN|'),
	(823,'|DUG~b_ZATU764|'),
	(824,'|E_.GI.NA.AB.HI|'),
	(825,'SUR'),
	(826,'E__@t'),
	(827,'|LU__AL|'),
	(828,'|AGA.ZA|'),
	(829,'ZATU651'),
	(830,'|GA__LA|'),
	(831,'|ZATU759xX|'),
	(832,'5(BURU)'),
	(833,'|PI_AB|'),
	(834,'3(A_~b)'),
	(835,'|ERIN_.NA|'),
	(836,'|U&U.U@v&U@v|'),
	(837,'|MAH~a_UDU~a|'),
	(838,'|LU__KU|'),
	(839,'|IGI.MIN|'),
	(840,'|A_&A_&A_.A_&A_&A_|'),
	(841,'|BAD.IGI.BAD|'),
	(842,'|LAGAB.U.KAK|'),
	(843,'|SILA_~a_HA_HUR|'),
	(844,'|BAR_AN|'),
	(845,'|SILA_~c__U|'),
	(846,'|GA__KID|'),
	(847,'|GAL.TE|'),
	(848,'|KASKAL&KASKAL.LAGAB&LAGAB|'),
	(849,'AB~b'),
	(850,'7(DI_)'),
	(851,'|GI_LAGAB~a|'),
	(852,'|U.TUG_|'),
	(853,'|SAG_LAM~c|'),
	(854,'|KI.SU.LU.PU_.GAR|'),
	(855,'PE__'),
	(856,'|UD.KU_U_|'),
	(857,'|GI_.BAD|'),
	(858,'|URU_LUM|'),
	(859,'|KI.IB|'),
	(860,'|KUR~a.E_~a|'),
	(861,'|AMAR@g|'),
	(862,'|DAG.KISIM__NE|'),
	(863,'HI'),
	(864,'4(N42~a)'),
	(865,'|KA_(ME.DU)|'),
	(866,'|ZA.SU|'),
	(867,'|KA_AD|'),
	(868,'NUNUZ'),
	(869,'6(N57)'),
	(870,'|HI_MAN|'),
	(871,'|PIRIG@PIRIG|'),
	(872,'|GAN~d_GE_TU~a|'),
	(873,'|TUM_KAR_|'),
	(874,'GI_@t'),
	(875,'|_E.E__.NUN.BU|'),
	(876,'|KU.AN|'),
	(877,'|KA.KAK|'),
	(878,'|LAGAB_U+A|'),
	(879,'|SIG_.SIG_._U_|'),
	(880,'ZATU666'),
	(881,'BANMIN'),
	(882,'|LAGAB_(ME.EN)|'),
	(883,'|AB_E_|'),
	(884,'Description'),
	(885,'|LU.SU|'),
	(886,'BUR_@g'),
	(887,'LAL_'),
	(888,'|GI_.TUG_.TE.A|'),
	(889,'ZATU693@t'),
	(890,'4(N51@f)'),
	(891,'2(N05)'),
	(892,'|KI.KAL.BAD|'),
	(893,'|DAG.KISIM__(GA.MA_)|'),
	(894,'E'),
	(895,'|LAGAB~a__ITA~a1|'),
	(896,'|A.BU|'),
	(897,'|HA.A|'),
	(898,'|LU.SU.A|'),
	(899,'|ARKAB_.IB|'),
	(900,'|PIRIG~b1_UR_|'),
	(901,'|A.TAR.A.AN|'),
	(902,'|GA_~a__NI~a|'),
	(903,'|SAG.SAL|'),
	(904,'|UM_(ME.DA)|'),
	(905,'9(N01@f)'),
	(906,'|A_AN|'),
	(907,'|NINDA__1(N08)|'),
	(908,'ZATU707~a'),
	(909,'|AMA.A.TU|'),
	(910,'|GI_.TUG_.PI.NU__@90.SILA_|'),
	(911,'|HAR.SAG|'),
	(912,'6(N34@f)'),
	(913,'|ITI.DU|'),
	(914,'|_U_.ZI_|'),
	(915,'|IGI.KUR.ZA|'),
	(916,'|AB_.ABRIG|'),
	(917,'6(N48)'),
	(918,'|A.TU.GABA.LI_|'),
	(919,'|EZEN_GIN_|'),
	(920,'|_U.AN|'),
	(921,'|AD.KID|'),
	(922,'|_E.KIN.KIN|'),
	(923,'LU_~v'),
	(924,'|NE_UD|'),
	(925,'|_ID.GAR|'),
	(926,'|UKKIN~b_DIN|'),
	(927,'|A.U.KA|'),
	(928,'_UBUR'),
	(929,'|_IM_LUL|'),
	(930,'|LAGAB_(GUD.GUD)|'),
	(931,'|EN.MA_.KAK|'),
	(932,'|DUG~b_E~a|'),
	(933,'|NINDA__(HI.ME~a)|'),
	(934,'|GA___E|'),
	(935,'|GAL.TE.LAL|'),
	(936,'8(N36)'),
	(937,'|NAGA__U@t|'),
	(938,'5(N34@f)'),
	(939,'|TAG.GAM.ME|'),
	(940,'|GA__(KU_.AN)|'),
	(941,'UM+ME'),
	(942,'|U4_7(N57)|'),
	(943,'3(N47)'),
	(944,'|GAL.DI|'),
	(945,'|URU_(MIN.NI)|'),
	(946,'|_ITA~a1_UDU~a|'),
	(947,'|LU_.BAD|'),
	(948,'|GA_~a__GU4|'),
	(949,'|3(N57).NUNUZ~c|'),
	(950,'|SILA_~a_GE_TU~a|'),
	(951,'|LAGAB~b_GA\'AR~a1|'),
	(952,'|HI_LAGAB~a|'),
	(953,'|URU_TU|'),
	(954,'|GAD.TAK_.SI|'),
	(955,'8(N18)'),
	(956,'GA__AB_'),
	(957,'|KU.GAR|'),
	(958,'|BI.GI_|'),
	(959,'_E__'),
	(960,'3(N49)'),
	(961,'|HI_1(N57)|'),
	(962,'|DIN.KASKAL.U@g.DI_|'),
	(963,'7(N45)'),
	(964,'2(N59)'),
	(965,'|GIR_.GA__PA.A.AN|'),
	(966,'|EZEN_SIG_|'),
	(967,'|AB_GIN_|'),
	(968,'|ZI&ZI.A|'),
	(969,'|GIR_~a__E~b|'),
	(970,'|NUNUZ.KISIM__BI.U|'),
	(971,'|GA__(BUR.RA)|'),
	(972,'6(N02)'),
	(973,'|KAR.MU_|'),
	(974,'|_E.KAK|'),
	(975,'|GI_%GI_|'),
	(976,'ZATU634'),
	(977,'|GI.PAD|'),
	(978,'ZATU837~b'),
	(979,'|E__.BU.NUN.E__.TU|'),
	(980,'LAK618'),
	(981,'|GA_~b_KU_~a|'),
	(982,'|U_.KUR.ZA.MU__.KI|'),
	(983,'|GU__KAK.KIB|'),
	(984,'|HI.HU|'),
	(985,'|LAGAB_UN|'),
	(986,'1(N28)'),
	(987,'|MA_.U|'),
	(988,'|U4_1(N01)|'),
	(989,'|AB.MU__|'),
	(990,'1(N30C~c)'),
	(991,'AMAR@t'),
	(992,'ZATU635'),
	(993,'|NINDA__(_E.A_.A_)|'),
	(994,'|EN.NUNUZ.ZI.AN.UD|'),
	(995,'|GA~a.ZATU753|'),
	(996,'|GAN~c_KA_~c|'),
	(997,'|KAL.EDIN|'),
	(998,'|IGI.UR.RU.GAR|'),
	(999,'|GA__EN_KAR_|'),
	(1000,'SI'),
	(1001,'|GA__A__|'),
	(1002,'2(N29~a)'),
	(1003,'|LU.HUL_|'),
	(1004,'1(N35)'),
	(1005,'|URUDU_MAN|'),
	(1006,'ZATU757'),
	(1007,'|_U.DIM_|'),
	(1008,'|KI.LUGAL|'),
	(1009,'ZATU632~b'),
	(1010,'|3(N57).PIRIG~b1|'),
	(1011,'|A__UBUR|'),
	(1012,'|UR__TAR|'),
	(1013,'|GI_KU~b1|'),
	(1014,'ZATU662'),
	(1015,'ZATU665'),
	(1016,'ZATU664'),
	(1017,'ZATU667'),
	(1018,'|(AN.NAGA)@(AN.NAGA)|'),
	(1019,'|LAGAB_GUD.LU.HI.A|'),
	(1020,'ZATU668'),
	(1021,'|A.HA|'),
	(1022,'_E'),
	(1023,'|SAL.LAGAR|'),
	(1024,'|LAGAB_LU|'),
	(1025,'UR~a@g'),
	(1026,'|KI.LU.E__|'),
	(1027,'|A_&A_.TUG_&TUG_.TUG_&TUG_.PAP|'),
	(1028,'SA'),
	(1029,'4(N52)'),
	(1030,'|(KASKAL.PU_)&(KASKAL.PU_)|'),
	(1031,'ME'),
	(1032,'MA'),
	(1033,'ZATU804'),
	(1034,'MI'),
	(1035,'5(N57)'),
	(1036,'|U.U|'),
	(1037,'MU'),
	(1038,'|UD.MA_.AB_HA.TAG|'),
	(1039,'ZATU717'),
	(1040,'|MU__.AB@g|'),
	(1041,'ZATU711'),
	(1042,'ZATU710'),
	(1043,'ZATU713'),
	(1044,'|AMAR.1(N0_)|'),
	(1045,'|A_A|'),
	(1046,'ZATU719'),
	(1047,'ZATU718'),
	(1048,'|U_.BU.DA|'),
	(1049,'ZATU800'),
	(1050,'ZATU726~d'),
	(1051,'|AB__2(N14)|'),
	(1052,'5(N35)'),
	(1053,'ZATU726~a'),
	(1054,'|GI_.TUG_.PI|'),
	(1055,'|E_.GI.NA.AB.UL|'),
	(1056,'4(N41)'),
	(1057,'|URU_GA|'),
	(1058,'2(E_E_)'),
	(1059,'|SIG_.SUHUR|'),
	(1060,'|SILA_~a_GE_TU~c5|'),
	(1061,'|IGI.E__.DU|'),
	(1062,'SANGA_'),
	(1063,'5(N19)'),
	(1064,'ZATU837~a'),
	(1065,'|U_.DAM|'),
	(1066,'|SILA_~a_GARA_~a|'),
	(1067,'|GA_~a___E_|'),
	(1068,'|GAD.TAK_|'),
	(1069,'ZATU809'),
	(1070,'|NINDA__(HI.X)|'),
	(1071,'|GA__SIG_|'),
	(1072,'|SAL.ME|'),
	(1073,'GADA~b@g'),
	(1074,'|SILA_~a_DUG~a|'),
	(1075,'|_U.MIN.ME.E_|'),
	(1076,'2(N20)'),
	(1077,'|KU.KI.SAG|'),
	(1078,'1(BAN_)'),
	(1079,'|ZATU737xSZE~a|'),
	(1080,'UR@s'),
	(1081,'EN~b@t'),
	(1082,'|A.BU.HA.NI.DU|'),
	(1083,'|GIR__KAR_|'),
	(1084,'|_U.TUR|'),
	(1085,'|GA__KAR_|'),
	(1086,'|LUM&LUM|'),
	(1087,'|_A_.SAR|'),
	(1088,'|U.GA|'),
	(1089,'4(A_@t)'),
	(1090,'|_E~a.NAM_|'),
	(1091,'|KI.KA.LU_|'),
	(1092,'|GA__GAR|'),
	(1093,'|GA__HAL+LA|'),
	(1094,'3(A_~a)'),
	(1095,'|LAGAB~b_SUH|_'),
	(1096,'|I.A|'),
	(1097,'SUM'),
	(1098,'LAK588'),
	(1099,'|BU~a+DU_~a|'),
	(1100,'ZATU706'),
	(1101,'|ZATU737xEN~b|'),
	(1102,'|_E.PAP.PAP|'),
	(1103,'|GI.LU|'),
	(1104,'|(BU~a&BU~a).X|'),
	(1105,'|DUG~b_(KUR~a.X)|'),
	(1106,'|NINDA__GA\'AR~a1|'),
	(1107,'BAR'),
	(1108,'|GIR.TAR.A.DU|'),
	(1109,'_IDIM@t'),
	(1110,'|EN@EN|'),
	(1111,'|3(N57).SZUBUR|'),
	(1112,'|URU_KAR_|'),
	(1113,'|_E.TIR|'),
	(1114,'BAN'),
	(1115,'BAL'),
	(1116,'|TUG_.UD|'),
	(1117,'|KA_TU|'),
	(1118,'|DUG~b_HI|'),
	(1119,'|_U_.AN.HI_GAD|'),
	(1120,'_IM_KU_U_'),
	(1121,'3(BAN_)'),
	(1122,'|SAG_KAK|'),
	(1123,'|GA.DI_|'),
	(1124,'|BU~a_A|'),
	(1125,'ZATU650'),
	(1126,'|DIM__E|'),
	(1127,'|_U.ME.EREN|'),
	(1128,'6(N51@f)'),
	(1129,'|NINDA___E.A.AN|'),
	(1130,'|NI.TUK|'),
	(1131,'|DA~a.LI_|'),
	(1132,'|PA.GAN|'),
	(1133,'|KU.BU.NUN.TU.KU|'),
	(1134,'|GAN~c_LAGAB~b|'),
	(1135,'|AN_E.KUR.RA|'),
	(1136,'GAN_'),
	(1137,'|KA.AN.NI.SI|'),
	(1138,'|PAP.SIG_.NUN.ME|'),
	(1139,'|GA_~a__NIM~b1|'),
	(1140,'6(N45@f)'),
	(1141,'|MI.MI|'),
	(1142,'|EN%EN|'),
	(1143,'|LU__IM|'),
	(1144,'ZATU705'),
	(1145,'|GI_.TUG_.PI.BU@t.NUN|'),
	(1146,'|ZATU737xX|'),
	(1147,'|GIR_._U.IG|'),
	(1148,'|LAGAB~b__ITA~c|'),
	(1149,'|LAGAB_GAR|'),
	(1150,'|KA_(ME.GI)|'),
	(1151,'_E~a@t'),
	(1152,'|LU__KI|'),
	(1153,'|NI~b_4(N57)|'),
	(1154,'|ZA.MU__.AB@g|'),
	(1155,'|I.LU_@s.NA|'),
	(1156,'ZATU680~a2'),
	(1157,'ZATU680~a1'),
	(1158,'|ZA.KUR|'),
	(1159,'|A_.SAL|'),
	(1160,'|A.HA.BU.TAR.DU|'),
	(1161,'ZU_'),
	(1162,'|PA.TUR_|'),
	(1163,'LIL'),
	(1164,'|KI.BI.NI|'),
	(1165,'|NINDA__NE|'),
	(1166,'|KA_BI|'),
	(1167,'SUD'),
	(1168,'|TA~d_MA_|'),
	(1169,'2(N23)'),
	(1170,'LI'),
	(1171,'DI@t'),
	(1172,'|BAR.HU.KAK|'),
	(1173,'|MU_%MU_|'),
	(1174,'|SAL._U_|'),
	(1175,'BANE_'),
	(1176,'9(N14)'),
	(1177,'|ZA.MU__|'),
	(1178,'BAHAR_'),
	(1179,'ZATU708'),
	(1180,'|GI_GI_@t|'),
	(1181,'1(N30~a)'),
	(1182,'|KI.SAG|'),
	(1183,'RA'),
	(1184,'|GI__BAD|'),
	(1185,'|KA_A|'),
	(1186,'|GA_~a__3(N57)|'),
	(1187,'|E_.KI.SUM.GA|'),
	(1188,'|EN.KI|'),
	(1189,'|LAM~b@t|'),
	(1190,'|DARA_~c_KAR_|'),
	(1191,'2(N45)'),
	(1192,'|EZEN~a_EN~a|'),
	(1193,'6(N14)'),
	(1194,'|KI.SU.LU.E__.GAR|'),
	(1195,'ZUBUR'),
	(1196,'|LAGAR_SUM|'),
	(1197,'|SILA_~a_HI@g~a|'),
	(1198,'|LAGAB~b_X|'),
	(1199,'|GAL.KINDA|'),
	(1200,'|BI.LUL|'),
	(1201,'|NINDA__GUDU4|'),
	(1202,'GABA@t'),
	(1203,'9(N36)'),
	(1204,'|ZATU714xHI@g~a|'),
	(1205,'KUN'),
	(1206,'KAK'),
	(1207,'8(N51)'),
	(1208,'|MA_.KASKAL.SIG_&SIG_|'),
	(1209,'|A_&A_&A_|'),
	(1210,'|EN.NUNUZ.DIM_|'),
	(1211,'ZATU764'),
	(1212,'|IGI.A|'),
	(1213,'3(N46)'),
	(1214,'|KA_(ME.GAR.GAR.RA)|'),
	(1215,'|TAB.TAB.A_|'),
	(1216,'IDIM'),
	(1217,'TUR@g'),
	(1218,'KA_'),
	(1219,'|ZUM.LAGAB|'),
	(1220,'|SAL.AN_E|'),
	(1221,'|LU__KAM|'),
	(1222,'3(N39~b)'),
	(1223,'|GURU_~c_2(N14)|'),
	(1224,'|DAG.KISIM__X|'),
	(1225,'|ZIZ_.A|'),
	(1226,'|DUG~b_ZATU707~a|'),
	(1227,'RI~_'),
	(1228,'|ZA.GUL|'),
	(1229,'|U.MUN|'),
	(1230,'|TUR__U_|'),
	(1231,'3(N48)'),
	(1232,'|LAGAB_U_|'),
	(1233,'1(E_E_)'),
	(1234,'ZIB@k'),
	(1235,'UZ_~a@g'),
	(1236,'4(LAGAB~a)'),
	(1237,'2(N58)'),
	(1238,'|KA_GAL|'),
	(1239,'|BU&BU.AB|'),
	(1240,'|U_.KI.SUM.GA|'),
	(1241,'|LAL_.TUG_|'),
	(1242,'|U.MA_.KAB|'),
	(1243,'|SAL.LA|'),
	(1244,'|AMAR.DA|'),
	(1245,'KWU8__'),
	(1246,'HI_MAN'),
	(1247,'|PAD.DUG.GI_.SI|'),
	(1248,'|AN_E.IGI.E__|'),
	(1249,'|GABA~c_UDU~a|'),
	(1250,'|GI_TAK_|'),
	(1251,'|KI_BAD|'),
	(1252,'|_E&_E.PA&PA.GAR&GAR|'),
	(1253,'|GA_~a1_EN~b|'),
	(1254,'1(N30C~b)'),
	(1255,'|DUG~b_(_E~a.NAM_)|'),
	(1256,'|U_.KUR|'),
	(1257,'|KA_KID_|'),
	(1258,'|LAK589.SI.A|'),
	(1259,'|_IR.BUR.LA|'),
	(1260,'|LAGAB~a_PA~a|'),
	(1261,'LAGAB'),
	(1262,'7(N20)'),
	(1263,'ARKAB_'),
	(1264,'_ITA@t'),
	(1265,'|RAB.GAL|'),
	(1266,'|GI4~a_A|'),
	(1267,'|KA_(KI._U_)|'),
	(1268,'KID'),
	(1269,'LAGAR'),
	(1270,'|HU_3(N57)|'),
	(1271,'|NUNUZ.KISIM__(LU_.PAP.PAP)|'),
	(1272,'|SIG_.MU.BU|'),
	(1273,'_ID'),
	(1274,'ZATU678'),
	(1275,'ZATU679'),
	(1276,'|U4_4(N57)|'),
	(1277,'|NINDA__GAR|'),
	(1278,'ZATU672'),
	(1279,'ZATU755~a'),
	(1280,'ZATU670'),
	(1281,'|AB.HA.ZAG.GABA.HU|'),
	(1282,'|KA.BALAG.GA_.TE.A.KA__.ZA.NA|'),
	(1283,'4(A_~a)'),
	(1284,'1(N38)'),
	(1285,'|1(N57).SZUBUR|'),
	(1286,'MURGU_'),
	(1287,'|UD.GAN|'),
	(1288,'|E_.U_.BU.DA|'),
	(1289,'|KAD_&KAD_.KAD_&KAD_|'),
	(1290,'|GA__U|'),
	(1291,'5(N50)'),
	(1292,'U_UM_'),
	(1293,'|LUM&LUM.GAR&GAR|'),
	(1294,'|NINDA___IM~a|'),
	(1295,'|GISAL.PAD.SI|'),
	(1296,'ZATU700'),
	(1297,'|KA_ZI|'),
	(1298,'|MA_.MIN|'),
	(1299,'|GAR._U_ANA.SILA_|'),
	(1300,'|GU_.UN|'),
	(1301,'MAH'),
	(1302,'|ZATU651xEN~a|'),
	(1303,'ZATU709'),
	(1304,'|URU_BAR|'),
	(1305,'|SAG.DUN_|'),
	(1306,'UR_'),
	(1307,'|KA__ID|'),
	(1308,'|LAK589.PAD.SI|'),
	(1309,'|U.DAR|'),
	(1310,'ZATU691'),
	(1311,'|KASKAL.PU_|'),
	(1312,'ZATU749~c'),
	(1313,'ZATU749~b'),
	(1314,'|PI%PI|'),
	(1315,'|PA.SUD.EL|'),
	(1316,'|BAD.KASKAL|'),
	(1317,'|_IR@t.SILA_|'),
	(1318,'|DAG.KISIM__BALAG|'),
	(1319,'|KA_GA.SAG|'),
	(1320,'ZATU696'),
	(1321,'|UD.MA_.AB_HA._IR|'),
	(1322,'|KU.KIB|'),
	(1323,'|KA_GUR_|'),
	(1324,'_IR@t'),
	(1325,'|DI.DI|'),
	(1326,'|SILA_~b_NAGA~b|'),
	(1327,'|ARAD.KU|'),
	(1328,'|DUG~b_BIR_~c|'),
	(1329,'DI'),
	(1330,'|KA_IGI|'),
	(1331,'ZATU714'),
	(1332,'|EZEN~a_LA~e|'),
	(1333,'5(N03)'),
	(1334,'|ZATU662x1(N14)|'),
	(1335,'|_A__TUR|'),
	(1336,'DU'),
	(1337,'|U4.2(N08)|'),
	(1338,'2(N21)'),
	(1339,'DUL_@g'),
	(1340,'|URU~a1_1(N57)|'),
	(1341,'|GUD.GI_|'),
	(1342,'|NUNUZ.AB__(GUG_.BULUG_)|'),
	(1343,'|LUGAL.KAM|'),
	(1344,'GA_AN'),
	(1345,'|IGI.IGI|'),
	(1346,'|NINDA__U_.A_|'),
	(1347,'|GAR._U.DUGUD|'),
	(1348,'|KA_UR_|'),
	(1349,'|DUG~b_ZATU779|'),
	(1350,'|A_.TUR|'),
	(1351,'|HU.SI|'),
	(1352,'|LAL_.U__|'),
	(1353,'|KA_KAR_|'),
	(1354,'|5(N57).KU3~a|'),
	(1355,'|_U_.2(N57)|'),
	(1356,'3(N34@f)'),
	(1357,'ZUBUD@g'),
	(1358,'|SILA_~a_DUG~b|'),
	(1359,'|HI_GAD|'),
	(1360,'|MAH~a_TUG_~a|'),
	(1361,'|SAR.SAR|'),
	(1362,'|SILA_~a_MA|'),
	(1363,'|U__KUR|'),
	(1364,'|NUNUZ.AB__(LU_.PAP.PAP)|'),
	(1365,'|TAG_TUG_|'),
	(1366,'|GA__EL|'),
	(1367,'7(N14@f)'),
	(1368,'ZATU769'),
	(1369,'|GA__(ME.EN)|'),
	(1370,'|EZEN~a_KAB|'),
	(1371,'|E__.KA|'),
	(1372,'|_IM_PI|'),
	(1373,'|KA__U|'),
	(1374,'|GABA.LI_|'),
	(1375,'|UKKIN~b_X|'),
	(1376,'TA@g'),
	(1377,'3(_ARU)'),
	(1378,'|A.AM|'),
	(1379,'AB_KI'),
	(1380,'|_(N57).GAR|'),
	(1381,'|GIR~a.KU_~a|'),
	(1382,'4(BURU)'),
	(1383,'|GA_~a1_1(N57)|'),
	(1384,'|A.KU_U_|'),
	(1385,'4(N08~b)'),
	(1386,'|(GI__(DIN.DIN))~b|'),
	(1387,'ZATU680~d'),
	(1388,'|ARAD.AN_E|'),
	(1389,'|GI.NA.AB.TUM|'),
	(1390,'|NU__@90.SILA_|'),
	(1391,'E__'),
	(1392,'A_GAB'),
	(1393,'5(BAN_@v)'),
	(1394,'|DAG.KISIM__BI|'),
	(1395,'9(N02)'),
	(1396,'|KA_%KA_|'),
	(1397,'|LAM.SAG|'),
	(1398,'_E_'),
	(1399,'|DUG~b_U_~a|'),
	(1400,'|ZAG.HA|'),
	(1401,'HAL'),
	(1402,'|A.HA.TAR.UD.DU|'),
	(1403,'|DUG.SILA_.BUR.NA|'),
	(1404,'|E_.AN._E.NAGA|'),
	(1405,'|A.GABA.LI_.TU|'),
	(1406,'|URU_I_|'),
	(1407,'1(N29~a)'),
	(1408,'|IGI.E_|'),
	(1409,'ZATU641'),
	(1410,'|GE_TU~a__E~a@t|'),
	(1411,'|PA.GI_GAL|'),
	(1412,'|EN_ME.GI|'),
	(1413,'|AB_HA|'),
	(1414,'UH_~a@t'),
	(1415,'|LUL.A|'),
	(1416,'_ITA.GI_.NAM_'),
	(1417,'ZATU648'),
	(1418,'5(_ARU)'),
	(1419,'|EZEN_A+LAL_|'),
	(1420,'|GAL.UMUM|'),
	(1421,'2(N46)'),
	(1422,'|DUN.TUR|'),
	(1423,'ZATU632~a'),
	(1424,'|TAG_GUD|'),
	(1425,'|U__TAK_|'),
	(1426,'8(N34)'),
	(1427,'|2(N57).KU6~a|'),
	(1428,'|ZI.ME.E_|'),
	(1429,'|SAG_SAR~a|'),
	(1430,'|EZEN_LU|'),
	(1431,'|AL_KI|'),
	(1432,'|AB__TAK_|'),
	(1433,'|SIG_._AB|'),
	(1434,'KISIM_'),
	(1435,'|4_EN|'),
	(1436,'AN_E'),
	(1437,'|GI_SIG_~d1|'),
	(1438,'|_EG_.BAR|'),
	(1439,'|_U_.EN~a|'),
	(1440,'|AB_._A_|'),
	(1441,'|EZEN_U_|'),
	(1442,'|AB~a_(_E~a&_E~a)|'),
	(1443,'|EN.ME.AN.MU__|'),
	(1444,'|KI.SAG.SAL|'),
	(1445,'|GAN~c_DIN|'),
	(1446,'3(N39~a)'),
	(1447,'1(A_@t)'),
	(1448,'|NINDA__GUD|'),
	(1449,'|ZIZ_.AN.NA|'),
	(1450,'|KA.AN|'),
	(1451,'|AH.ME.U|'),
	(1452,'|EN_.E_~a|'),
	(1453,'7(DI_~a)'),
	(1454,'UN@g'),
	(1455,'1+A_'),
	(1456,'|E_.KUR.BAD|'),
	(1457,'|PA.TE|'),
	(1458,'2(A_)'),
	(1459,'|GI_@t.E_~a|'),
	(1460,'9(N57)'),
	(1461,'|U_.NAGA|'),
	(1462,'|MAH~a_UR~a|'),
	(1463,'6(DI_)'),
	(1464,'|URU_KI|'),
	(1465,'ZATU699~a'),
	(1466,'|DU.DU.DU.DU|'),
	(1467,'1(N07~b)'),
	(1468,'3(N03)'),
	(1469,'LUGAL'),
	(1470,'|LU__E__@t|'),
	(1471,'4(N19)'),
	(1472,'SAG@g'),
	(1473,'|LAGAB~a_BA|'),
	(1474,'|PA.IB|'),
	(1475,'|A.NIGIN|'),
	(1476,'1(_ARU)'),
	(1477,'SAG@n'),
	(1478,'|A.A|'),
	(1479,'|SAL.KUR|'),
	(1480,'IL_'),
	(1481,'|(4_ZA)_KUR|'),
	(1482,'|GI_.MI|'),
	(1483,'|IGI.KUR|'),
	(1484,'8(DI_)'),
	(1485,'|SAL.TUG_.PAP.SIG_.NUN.ME.EZEN_KASKAL|'),
	(1486,'|MU__.SIG_.LAM|'),
	(1487,'2(N48)'),
	(1488,'LAK368@s'),
	(1489,'|KI_UD|'),
	(1490,'LU___E_'),
	(1491,'|TU.NIR.LI_.A|'),
	(1492,'|NE.GI|'),
	(1493,'|PA.DUN_|'),
	(1494,'|EZEN~a_X|'),
	(1495,'ZATU623'),
	(1496,'|GA_~a__SUHUR|'),
	(1497,'ZATU683~a'),
	(1498,'ZATU683~b'),
	(1499,'|UMUM_GIN_|'),
	(1500,'|UD.AB|'),
	(1501,'|URU_HA|'),
	(1502,'|BI_SIG_|'),
	(1503,'5(N20)'),
	(1504,'|BARA_.PAP._E.PAP|'),
	(1505,'SAR'),
	(1506,'4(N54)'),
	(1507,'|LAGAB_A_@z|'),
	(1508,'ZATU636'),
	(1509,'6(A_@t)'),
	(1510,'DIM_'),
	(1511,'|U4_1(N01)F|'),
	(1512,'|PA.DAG.KISIM__(LU.MA__)|'),
	(1513,'|LAGAB~a_NUN~b|'),
	(1514,'ERIN_'),
	(1515,'5(N51)'),
	(1516,'|GI&GI|'),
	(1517,'|KI.SU.LU._U.GAR|'),
	(1518,'_EN~c@t'),
	(1519,'ZATU697~c'),
	(1520,'|AN.HU.MI.IM|'),
	(1521,'ZATU697~a'),
	(1522,'|SILA_~a_KA_~c|'),
	(1523,'ZATU772'),
	(1524,'ALEPH'),
	(1525,'|UNUG~a_A@t|'),
	(1526,'|DUG~b_GI_|'),
	(1527,'LAK369'),
	(1528,'DIM'),
	(1529,'|SILA_~a__U|'),
	(1530,'|TUR.E__|'),
	(1531,'|KI.SAG@n|'),
	(1532,'|AN.MU__.AB|'),
	(1533,'|LAGAB~a_SI|'),
	(1534,'GI@t'),
	(1535,'|LU__BAD|'),
	(1536,'DIB'),
	(1537,'|UKKIN~b_(DIN.1(N01))|'),
	(1538,'UZ_'),
	(1539,'|TIR&TIR.KINDA|'),
	(1540,'DI_'),
	(1541,'|E_PAP|'),
	(1542,'|AL._E|'),
	(1543,'9(N14@f)'),
	(1544,'|KA_KAR_._A|'),
	(1545,'|EN.NU.NUNUZ.ZI.AN.UD|'),
	(1546,'AN+AK'),
	(1547,'GURUN'),
	(1548,'|KI.BI|'),
	(1549,'|KA_SUHUR|'),
	(1550,'|AN.ZAG|'),
	(1551,'GURU_'),
	(1552,'|1(N34F@t)|'),
	(1553,'|AB__E_|'),
	(1554,'|LAGAB_(U_.A_)|'),
	(1555,'|4_TAB|'),
	(1556,'|DUG~b_GE_TU~b|'),
	(1557,'|GA.MA_.DUB_|'),
	(1558,'I_'),
	(1559,'|GAN~c_X|'),
	(1560,'I'),
	(1561,'|A.DU|'),
	(1562,'IR'),
	(1563,'5(N02)'),
	(1564,'|SUD.NUN.E__.TU|'),
	(1565,'4(N39~b)'),
	(1566,'|NINDA__U|'),
	(1567,'|DAG.KISIM__KAK|'),
	(1568,'|LU_.LU_|'),
	(1569,'IM'),
	(1570,'|URI_~a+IB~a|'),
	(1571,'1(N24~b)'),
	(1572,'IN'),
	(1573,'NAGA@180'),
	(1574,'5(N36)'),
	(1575,'|ZI_.LU_|'),
	(1576,'IG'),
	(1577,'ZATU841'),
	(1578,'|AN._E_.KI|'),
	(1579,'ZATU843'),
	(1580,'|GA__(GIR_.SU)|'),
	(1581,'ZATU845'),
	(1582,'|PA.TUK.DU|'),
	(1583,'ZATU847'),
	(1584,'URU'),
	(1585,'|BU~b.NA_~a|'),
	(1586,'|LAGAB_TAK_|'),
	(1587,'|AMA.TU|'),
	(1588,'|LAGAB_A_@t|'),
	(1589,'5(A_@t)'),
	(1590,'|NINDA__ME.KID_|'),
	(1591,'|LUM&LUM.KA__|'),
	(1592,'SU_A'),
	(1593,'|UR.MAH|'),
	(1594,'|ZATU737xNIMGIR|'),
	(1595,'|4_IDIM|'),
	(1596,'2(_AR2)'),
	(1597,'|TIR&TIR|'),
	(1598,'|HA_HUR_MA|'),
	(1599,'|A_DU_|'),
	(1600,'BU@g'),
	(1601,'GIR_'),
	(1602,'4(GE__)'),
	(1603,'|_U_.((HI+1(N57))+(HI+1(N57)))|'),
	(1604,'|EZEN~a_SAG|'),
	(1605,'|U4_5(N01)|'),
	(1606,'|HUB_.DU|'),
	(1607,'|BAD.A_|'),
	(1608,'5(N21)'),
	(1609,'NA_'),
	(1610,'|NI~a.RU|'),
	(1611,'|LU__E__|'),
	(1612,'|LAGAB_(A.LAL)|'),
	(1613,'1(N04@f)'),
	(1614,'|ZIZ_.AN|'),
	(1615,'|EZEN_X|'),
	(1616,'|SI.A.BUR_|'),
	(1617,'UTUKI'),
	(1618,'|U_.GI_.MI|'),
	(1619,'|GA__NIR|'),
	(1620,'|GIR__LU+IGI|'),
	(1621,'|KA_UD.BAR|'),
	(1622,'|TE.MU__|'),
	(1623,'|SILA_~a__U_|'),
	(1624,'ZUBI'),
	(1625,'|A.TU|'),
	(1626,'|_U.GI%GI|'),
	(1627,'|HU_X|'),
	(1628,'|DUG~b_(TAK4~a.SAL)|'),
	(1629,'|LAGAB.SAG@g|'),
	(1630,'|KI.A_.A_|'),
	(1631,'|AB~a_1(N01)|'),
	(1632,'|GA_~a2_(GU4._E_)|'),
	(1633,'|TUR&TUR.ZA&ZA.TUR&TUR.ZA&ZA|'),
	(1634,'DUN_'),
	(1635,'|MA_1(N58)|'),
	(1636,'|1(N57).SZAH2~a|'),
	(1637,'|GA.KASKAL.KAL.NE|'),
	(1638,'|DAG.KISIM__IR|'),
	(1639,'|SIG_~b_1(N14)|'),
	(1640,'|_AR__(GAL.MIN)|'),
	(1641,'|GE_TIN_KUR|'),
	(1642,'|URU.ME.E_|'),
	(1643,'|EN.GI|'),
	(1644,'|A.LAGAB_KUL|'),
	(1645,'|_U.GAR.TUR.LAL|'),
	(1646,'|NUNUZ.AB__U_|'),
	(1647,'3(N01@f)'),
	(1648,'|GA__(HAL.LA)|'),
	(1649,'1(N26~b)'),
	(1650,'6(GE__)'),
	(1651,'|HUB__HAL|'),
	(1652,'|AB_A|'),
	(1653,'EDIN'),
	(1654,'9(N01)'),
	(1655,'|U4.(1(N14).3(N08))|'),
	(1656,'EN@g~b'),
	(1657,'|RU@t|'),
	(1658,'|6(N57).KU3~a|'),
	(1659,'ZATU820'),
	(1660,'|IM.SI.A|'),
	(1661,'|KA_NUN|'),
	(1662,'|DUG~b_UH_~a@t|'),
	(1663,'|KISAL~b_@t|'),
	(1664,'|DUN.NE.TUR|'),
	(1665,'|HI_DI_|'),
	(1666,'ZATU826'),
	(1667,'|EN_.E_~b|'),
	(1668,'|LAGAB~a_BIR_~b|'),
	(1669,'8(U)'),
	(1670,'|_U_.GI_|'),
	(1671,'ZATU825'),
	(1672,'BUR_'),
	(1673,'ZATU824'),
	(1674,'|NINDA__(X.MA_)|'),
	(1675,'AD'),
	(1676,'|_ITA~a1_1(N06)|'),
	(1677,'|U_~b_TAR~c|'),
	(1678,'|IM.DUB_|'),
	(1679,'|_E_.HU.HU|'),
	(1680,'|AB_.LU|'),
	(1681,'|GA__HAL|'),
	(1682,'|NI+A|'),
	(1683,'|UR__U_|'),
	(1684,'|SU.KUR.RU|'),
	(1685,'|BAD.UD|'),
	(1686,'|SIG_.SUD|'),
	(1687,'1(N30~c)'),
	(1688,'UDUNITA~c'),
	(1689,'2(N47)'),
	(1690,'|BULUG___E|'),
	(1691,'|U4_(X+2(N01))|'),
	(1692,'|DI_.DI_.DI_.U.U.U|'),
	(1693,'|IGI_A|'),
	(1694,'|IGI.RI|'),
	(1695,'|PA.GI|'),
	(1696,'|SILA_~a__E~a@t|'),
	(1697,'|SILA_~a_NI~a|'),
	(1698,'3(N51@f)'),
	(1699,'|_ID_A|'),
	(1700,'|KI.KAL|'),
	(1701,'|APIN~a.APIN~a|'),
	(1702,'|U4.3(N08)|'),
	(1703,'|E.TUM|'),
	(1704,'|AN&AN|'),
	(1705,'|EN.ZU|'),
	(1706,'NAM_@g'),
	(1707,'|U_.GA|'),
	(1708,'|LAGAB~a_X|'),
	(1709,'|GALAM.GALAM|'),
	(1710,'|AB_GAL|'),
	(1711,'9(N34)'),
	(1712,'|SAL+SIG_|'),
	(1713,'|GA__AB_@t+TAB|'),
	(1714,'ZATU781'),
	(1715,'|UD.DU|'),
	(1716,'|E.TUM.GA__NIR|'),
	(1717,'ZATU786'),
	(1718,'|_U.LAGAB.LAGAB|'),
	(1719,'8(N08)'),
	(1720,'ZATU626~b'),
	(1721,'ZATU787'),
	(1722,'|LU__(KAD_.A_)|'),
	(1723,'|IGI.RU|'),
	(1724,'|_U.U|'),
	(1725,'|ZATU737xNI~a@g|'),
	(1726,'|MU___ZA|'),
	(1727,'|_IM_A|'),
	(1728,'|NAGA~a_TAK4~a|'),
	(1729,'|EN.ME.LI|'),
	(1730,'|EZEN~a_SU~a|'),
	(1731,'12(N58)'),
	(1732,'ZUM'),
	(1733,'2(N29A~b)'),
	(1734,'NI'),
	(1735,'|EZEN~a_NIMGIR|'),
	(1736,'9(N58)'),
	(1737,'|GA__(HI.LI)|'),
	(1738,'NA'),
	(1739,'|KA.HI|'),
	(1740,'|TUR&TUR.ZA&ZA|'),
	(1741,'3(N04@f)'),
	(1742,'NE'),
	(1743,'|GA__(A.DA.HA)|'),
	(1744,'|KA_LI|'),
	(1745,'GISAL'),
	(1746,'|LAGAB~a_2(N14)|'),
	(1747,'3(N02)'),
	(1748,'NU'),
	(1749,'|GUD_A_|'),
	(1750,'|_ITA~a1_KAK~a|'),
	(1751,'AGA@s'),
	(1752,'|EN_GAN_|'),
	(1753,'1(N45@f)'),
	(1754,'|U.SAG|'),
	(1755,'ZATU773~a'),
	(1756,'|ZATU759@txX|'),
	(1757,'|BI.A__.AN.NA|'),
	(1758,'ZATU651@g'),
	(1759,'|MAH~a_GUKKAL~a|'),
	(1760,'|DAG.KISIM__HA|'),
	(1761,'|A.A.A|'),
	(1762,'|PI.GI_.TUG_|'),
	(1763,'_U@g'),
	(1764,'2(N49)'),
	(1765,'|I.DIB|'),
	(1766,'|NE.SI.A|'),
	(1767,'|_U_.EN~b|'),
	(1768,'EZEN_GUD'),
	(1769,'_U@s'),
	(1770,'LI_'),
	(1771,'9(N45@f)'),
	(1772,'|GI_.RU|'),
	(1773,'7(GE__)'),
	(1774,'|A_+SUR|'),
	(1775,'ZATU765'),
	(1776,'MUNSUB'),
	(1777,'|DUG~b_(ZATU789.SA~a)|'),
	(1778,'|DAG.KISIM__U_|'),
	(1779,'5(N23)'),
	(1780,'|GA_~a1_U4|'),
	(1781,'4(N57)'),
	(1782,'5(GE__)'),
	(1783,'|NINDA__(_E.A).AN|'),
	(1784,'|GA__AN|'),
	(1785,'|LAGAB_(A.DA.HA)|'),
	(1786,'|ZATU737xEN~a|'),
	(1787,'7(N08)'),
	(1788,'5(N52)'),
	(1789,'|SAL_1(N58)|'),
	(1790,'1(N25)'),
	(1791,'|KI.E.NE.DI.AN.MU__|'),
	(1792,'|UMBIN_LU|'),
	(1793,'|LAGAB_(NE&E_)|'),
	(1794,'ELLES396'),
	(1795,'|_U.LAL.TUR|'),
	(1796,'|IM.DUGUD|'),
	(1797,'|GAN~d_HI|'),
	(1798,'1(N09)'),
	(1799,'|A.ENGUR._U_|'),
	(1800,'|A.SA|'),
	(1801,'|SA.HI__E.KAK|'),
	(1802,'|GA__I_+HU+A_|'),
	(1803,'|GA__UD+DU|'),
	(1804,'|EN.PAP.SIG_.NUN.ME.EZEN_KASKAL|'),
	(1805,'SUHUR'),
	(1806,'|TAB&TAB.NI&NI.DI_&DI_|'),
	(1807,'|DAG.KISIM__GA|'),
	(1808,'|SIG_.LAM.SUHUR|'),
	(1809,'|PAP.E|'),
	(1810,'|_E.IGI.TUR|'),
	(1811,'|U4_2(N01).(2(N14).1(N08))|'),
	(1812,'|_A_.LAGAB|'),
	(1813,'|IM._ITA|'),
	(1814,'|GA.GA|'),
	(1815,'|GUD_KASKAL|'),
	(1816,'|MAH~a_NA~a|'),
	(1817,'|UD.MA_.AB_HA.KI.TAG|'),
	(1818,'|_A_.MIN.KASKAL|'),
	(1819,'|EZEN~a_KI|'),
	(1820,'GIR_@g'),
	(1821,'|LAL_~a_NIM~b_|'),
	(1822,'|DUB_.LUL|'),
	(1823,'|BALAG.LUL|'),
	(1824,'|AN.GU__KAK|'),
	(1825,'5(N01)'),
	(1826,'|GA__UD|'),
	(1827,'|SIG.MU.BU|'),
	(1828,'4(N02)'),
	(1829,'SIG'),
	(1830,'|U.EN_KAR_|'),
	(1831,'|(U8_TAR)~b|'),
	(1832,'|TAK_.ALAN|'),
	(1833,'|GA_~a1_((SUKUD&SUKUD)~b)|'),
	(1834,'1(N24~a)'),
	(1835,'|NINDA___E.A|'),
	(1836,'|NINDA___(N01)|'),
	(1837,'|AN_E.ARAD|'),
	(1838,'DUG~c@t'),
	(1839,'|U4.(1(N14).8(N08))|'),
	(1840,'ZATU855'),
	(1841,'ZATU852'),
	(1842,'ZATU853'),
	(1843,'LAH_U'),
	(1844,'|KA_(GI_.SAR)|'),
	(1845,'|MU_%MU_.A.NA|'),
	(1846,'6(LAGAB~a)'),
	(1847,'|A__.GAR_|'),
	(1848,'|A_SAG|'),
	(1849,'|UET2.405|'),
	(1850,'1(N46@f)'),
	(1851,'|URUDU_U|'),
	(1852,'|(UDU~a_TAR)~b|'),
	(1853,'|PA.SU|'),
	(1854,'4(N59)'),
	(1855,'|LU__LAGAB|'),
	(1856,'|KASKAL.UD@s|'),
	(1857,'|A.HA.MU_.DU|'),
	(1858,'GI_'),
	(1859,'|GAR.GA__(A.IGI)|'),
	(1860,'|_E._E_|'),
	(1861,'|TE@g.AB@g|'),
	(1862,'GIG'),
	(1863,'|LU__KAR_|'),
	(1864,'|_A_.TAR|'),
	(1865,'|GA_~a1__A|'),
	(1866,'|U_.TUG_.PI|'),
	(1867,'|DUG~a_KASKAL|'),
	(1868,'|5(N57).GAR|'),
	(1869,'|A.LU_@s.NA|'),
	(1870,'GIBIL@t'),
	(1871,'|LAM_KUR|'),
	(1872,'|U_.KA|'),
	(1873,'KWU318'),
	(1874,'|HI__E_@t|'),
	(1875,'|LAGAB_(_U_._U_)|'),
	(1876,'|A.PA.BI.SI.A.GA|'),
	(1877,'|MA_.SIG_|'),
	(1878,'|AN.DI_.AN|'),
	(1879,'|NU__.BUR|'),
	(1880,'|NUN&NUN|'),
	(1881,'4(N62)'),
	(1882,'|A_.KAL|'),
	(1883,'|KID.MAH|'),
	(1884,'EL'),
	(1885,'|ME.AN._E.NAGA|'),
	(1886,'GUM'),
	(1887,'GUL'),
	(1888,'|SIG_.BU|'),
	(1889,'GUR'),
	(1890,'|GA__(EL.LA)|'),
	(1891,'|NINDA__A_|'),
	(1892,'GU_'),
	(1893,'|SI_SA_|'),
	(1894,'7(N34@f)'),
	(1895,'|KA__.A|'),
	(1896,'|LU_.ME.EN|'),
	(1897,'ZATU697~b'),
	(1898,'|A_IGI|'),
	(1899,'|KASKAL.BU|'),
	(1900,'2(N01)'),
	(1901,'|IM.DUN.AGA|'),
	(1902,'|MU__.AB@g.ZA|'),
	(1903,'|KA__LAM|'),
	(1904,'|KA.HI.GA|'),
	(1905,'|_U.GA|'),
	(1906,'|DUG~b_X|'),
	(1907,'|AN_E.KUR|'),
	(1908,'1(N01@f)'),
	(1909,'|DARA_~c_(KAR_._E~a)|'),
	(1910,'|KU_.AN|'),
	(1911,'|A.TUR|'),
	(1912,'9(N34@f)'),
	(1913,'|UR__KID_|'),
	(1914,'|A_&A_&A_.A_|'),
	(1915,'|KI.LAM|'),
	(1916,'|AB__DUB_|'),
	(1917,'|_U.GAN|'),
	(1918,'|GI_&GI_|'),
	(1919,'|GA_~a1_GE_TU~c3|'),
	(1920,'ZATU766'),
	(1921,'|LAGAB__U_|'),
	(1922,'|_ID_.LAGAR&LAGAR|'),
	(1923,'|LAK589.SI|'),
	(1924,'|GAN_.BU|'),
	(1925,'USSU'),
	(1926,'|NUNUZ.AB_|'),
	(1927,'1(N30~d)'),
	(1928,'|KA_(ME.TE)|'),
	(1929,'6(N19)'),
	(1930,'|GUKKAL~a.HI@g~a|'),
	(1931,'|LU_.TUG_|'),
	(1932,'|KUR~a.NUNUZ~a1|'),
	(1933,'|_A__SAL|'),
	(1934,'|LU_@g.U__|'),
	(1935,'ZATU833'),
	(1936,'|PA.DU@g|'),
	(1937,'|TAG__U|'),
	(1938,'|KAK~a.GA_~a1|'),
	(1939,'|A.HA.DU|'),
	(1940,'|HA~a+HA~a|'),
	(1941,'|EZEN~a_(U_~b.A)|'),
	(1942,'|_IM_GAR|'),
	(1943,'|U4_4(N01).2(N14)|'),
	(1944,'|MAH~a_AB_|'),
	(1945,'|E.SUD.HUB__UD|'),
	(1946,'|SAG_MA|'),
	(1947,'|UD.KID|'),
	(1948,'|LU__GE_TU~c3|'),
	(1949,'|_A_.MIN.TAR|'),
	(1950,'|URU~a1_HI@g~a|'),
	(1951,'|NA_.HU|'),
	(1952,'3(N23)'),
	(1953,'AL_KID_'),
	(1954,'|TUR__GAR|'),
	(1955,'|_IM.BAL|'),
	(1956,'NAM@n'),
	(1957,'|IGI.DIM|'),
	(1958,'4(N14@f)'),
	(1959,'|U4_5(N57)|'),
	(1960,'|GAN~c__E_@t|'),
	(1961,'|DUG~a_U_~a|'),
	(1962,'|ZATU651xX|'),
	(1963,'DU@g@g'),
	(1964,'|EZEN_KU_|'),
	(1965,'|GAN~c_(HI.DIN)|'),
	(1966,'|LAK590.SI|'),
	(1967,'|U4_1(N58)@t|'),
	(1968,'1(N51@f)'),
	(1969,'BARA_'),
	(1970,'3(N34)'),
	(1971,'|TAR.A.DU|'),
	(1972,'3(N42~b)'),
	(1973,'SU'),
	(1974,'|MU__KUR|'),
	(1975,'|EZEN~a_EN~b|'),
	(1976,'|MAH~a_(SILA_~a_UMBIN~a)|'),
	(1977,'|LU___A_|'),
	(1978,'3(N58)'),
	(1979,'|HU._E.ERIN_|'),
	(1980,'|_A_.TUR|'),
	(1981,'|GA__HI+LI|'),
	(1982,'|SI.GUD.A_|'),
	(1983,'|KID._U_.MA_|'),
	(1984,'|KAR_.KAR_|'),
	(1985,'|GAN~c_ZATU777|'),
	(1986,'5(N14@f)'),
	(1987,'|URU_A|'),
	(1988,'|GA___ID|'),
	(1989,'ZATU806'),
	(1990,'|U_.NAGA.GA|'),
	(1991,'|DUG~b_KUR~a|'),
	(1992,'|GI.NA.AB.NA.TUM|'),
	(1993,'|SAL.TUK|'),
	(1994,'|NINDA__(U4.X)|'),
	(1995,'MAGUR~b'),
	(1996,'|U4_2(N01).X|'),
	(1997,'|LAL_.SAR|'),
	(1998,'|GA__A_|'),
	(1999,'|ZAG.AN|'),
	(2000,'|NUNUZ.AB__GUD|'),
	(2001,'|SAG_DU|'),
	(2002,'6(A_)'),
	(2003,'|KI.BAD|'),
	(2004,'DIN'),
	(2005,'|EN.NUNUZ.ZI.AN._E_.KI|'),
	(2006,'|A__.U&U|'),
	(2007,'|U4_(X(N01))|'),
	(2008,'|KAL_BAD|'),
	(2009,'|BI.A__|'),
	(2010,'|EZEN_LA|'),
	(2011,'|EN.DIM_.GIG|'),
	(2012,'|KA_BAD|'),
	(2013,'4(N36)'),
	(2014,'|ZATU651xGAR|'),
	(2015,'|ZATU644~ax1(N14)|'),
	(2016,'|SUHUR@n|'),
	(2017,'|GA_~a1_(HI.SUHUR)|'),
	(2018,'|TUR_~b_TAK4~a|'),
	(2019,'|GA__BUR+RA|'),
	(2020,'|KI.E.NE.DI|'),
	(2021,'|A.ZI&ZI.A|'),
	(2022,'|KI.BI.GAR|'),
	(2023,'|NINDA__(GI_.DAR~a)|'),
	(2024,'|U4._U_|'),
	(2025,'1(N24)'),
	(2026,'|_AR__(GAL.DI_)|'),
	(2027,'1(N08)'),
	(2028,'|SILA_~a_KA_~a|'),
	(2029,'ZATU735~a'),
	(2030,'|KI.KA.SAL|'),
	(2031,'|GA__EN.NUN|'),
	(2032,'|U.GAN|'),
	(2033,'|SI.GUD|'),
	(2034,'|ZATU737xSU~a|'),
	(2035,'|SAG_MI|'),
	(2036,'1(N14@f)'),
	(2037,'|AB@g.MU__.ZA|'),
	(2038,'|EZEN~a_RAD~a|'),
	(2039,'MIN'),
	(2040,'1(N29A~c)'),
	(2041,'GA\'AR~a_'),
	(2042,'|DAR~a_A|'),
	(2043,'KI@n'),
	(2044,'|E_.SAL|'),
	(2045,'4(_ARU)'),
	(2046,'ZATU676~a'),
	(2047,'ZATU676~b'),
	(2048,'|E_.NUN|'),
	(2049,'1(N06)'),
	(2050,'|KAD_.KAD_.KAD_|'),
	(2051,'|HUB__AN|'),
	(2052,'GAN_@t'),
	(2053,'|EDIN.A.LAL|'),
	(2054,'|EZEN_UD|'),
	(2055,'3(GE__)'),
	(2056,'|NUN.KI|'),
	(2057,'|NAM.EN|'),
	(2058,'|TUR_X|'),
	(2059,'1(N40)'),
	(2060,'|U&U.SUR&SUR|'),
	(2061,'ZATU625'),
	(2062,'EGIR@g'),
	(2063,'ZATU627'),
	(2064,'ZATU620'),
	(2065,'|URU_DUN|'),
	(2066,'ZATU622'),
	(2067,'ZATU629'),
	(2068,'|E__._E|'),
	(2069,'|NUN.ME|'),
	(2070,'|SAL.SILA_|'),
	(2071,'|UKKIN~b_3(N01)|'),
	(2072,'|3(N57).GAR|'),
	(2073,'|A._U_.NAGA|'),
	(2074,'|GI_.NE.GA.MES|'),
	(2075,'|GA.NI|'),
	(2076,'4(N03)'),
	(2077,'URI'),
	(2078,'|GAR.SAG.IL_.EZEN.SAL|'),
	(2079,'3(N01)'),
	(2080,'|DUG~b_(SI4~a.X)|'),
	(2081,'2(N24)'),
	(2082,'|DUG~a_NAGA~a|'),
	(2083,'|U4_1(N01).5(N08)|'),
	(2084,'|BAD.BAD|'),
	(2085,'|KI.UD|'),
	(2086,'|PAP.I_|'),
	(2087,'|MU.ME.E_|'),
	(2088,'GAD'),
	(2089,'LUGAL@s'),
	(2090,'ZATU823'),
	(2091,'|ZATU714xX|'),
	(2092,'ZATU821'),
	(2093,'|HAR.DU|'),
	(2094,'|1(N57).1(N57)|'),
	(2095,'|NAM.SU|'),
	(2096,'NU__'),
	(2097,'GIR_@g~a'),
	(2098,'GIR_@g~b'),
	(2099,'GIR_@g~c'),
	(2100,'|DAG.KISIM__(A.MA_)|'),
	(2101,'4(N01@f)'),
	(2102,'|LAGAB_(IM.LU)|'),
	(2103,'|PA.HUB_.DU|'),
	(2104,'|DAG.KISIM_|'),
	(2105,'4(N58)'),
	(2106,'TUM~a@g'),
	(2107,'|_U.LU_|'),
	(2108,'|AK_ERIN_|'),
	(2109,'|SILA_~b_DUG~a|'),
	(2110,'UM_ME'),
	(2111,'|_IR.GI_|'),
	(2112,'GA'),
	(2113,'|KA_.GAL|'),
	(2114,'|ZATU659x1(N01)|'),
	(2115,'|DUG~b_U_~b|'),
	(2116,'|U.UD|'),
	(2117,'GA\'AR~a1'),
	(2118,'3(N19@f)'),
	(2119,'|SAL.U_.DI|'),
	(2120,'LUH'),
	(2121,'|URU~a1_2(N57)|'),
	(2122,'|E___E|'),
	(2123,'|KI.LAL|'),
	(2124,'|ZATU737xSAL|'),
	(2125,'|MA_MA|'),
	(2126,'2(N07~a)'),
	(2127,'|LAL.LAGAB|'),
	(2128,'|GI_.TUG_.PI.TE.A.DU|'),
	(2129,'MUD_~a@g'),
	(2130,'|_U.KAD_|'),
	(2131,'|GA__EN|'),
	(2132,'|A.MI.A|'),
	(2133,'ZATU633~a'),
	(2134,'ZATU633~b'),
	(2135,'|SILA_~b_GUG_|'),
	(2136,'EN'),
	(2137,'|GU_.NUNUZ|'),
	(2138,'|_U_.NE|'),
	(2139,'|_ITA@g~a_1(N04)|'),
	(2140,'3(_AR_)1'),
	(2141,'|GA_~a1_NAGA~a|'),
	(2142,'2(N02)'),
	(2143,'|LAGAB_AN|'),
	(2144,'|IGI.ERIN_|'),
	(2145,'E_'),
	(2146,'|HI_KIN|'),
	(2147,'|DAG.KISIM__AMAR|'),
	(2148,'KINGUSILI'),
	(2149,'|E_~b_1(N57)@t|'),
	(2150,'|URU~a1_AMAR|'),
	(2151,'|HA.NAGAR.BU|'),
	(2152,'|_ID_IM|'),
	(2153,'|LAK589.A.SI|'),
	(2154,'HA@t'),
	(2155,'|HI_1(N57)@t|'),
	(2156,'|2(N57).SU~a|'),
	(2157,'2(N18)'),
	(2158,'3(N45@f)'),
	(2159,'6(N36)'),
	(2160,'|GIR~b.GIR~b|'),
	(2161,'ZA@t'),
	(2162,'|UKKIN~b_2(N01)|'),
	(2163,'|HA~a.1(N02)|'),
	(2164,'ZATU822'),
	(2165,'IL'),
	(2166,'|ENGUR.A|'),
	(2167,'6(N45)'),
	(2168,'HA@s'),
	(2169,'|2(N57).AB2|'),
	(2170,'|UD.NI|'),
	(2171,'|A_BAD|'),
	(2172,'|MA_.MAN|'),
	(2173,'|LAGAB_IM|'),
	(2174,'AB_@t'),
	(2175,'LU_'),
	(2176,'|LAGAB_(_E.SUM)|'),
	(2177,'|DUG~a_U_~b|'),
	(2178,'|DUB.TI|'),
	(2179,'LUL'),
	(2180,'LUM'),
	(2181,'|E__.UD|'),
	(2182,'|AB_IMIN|'),
	(2183,'IB'),
	(2184,'|SUD.NUN._E.E__|'),
	(2185,'|U_.GI_.SAR|'),
	(2186,'|SAL.HUB_|'),
	(2187,'|KA_PA|'),
	(2188,'|GAL.LUH|'),
	(2189,'|_ITA~a1__U|'),
	(2190,'|NA_.KI|'),
	(2191,'|MU.BU|'),
	(2192,'|HU.HI|'),
	(2193,'|KAL%KAL|'),
	(2194,'|UR__HA|'),
	(2195,'1(N30~e)'),
	(2196,'|KA_RU|'),
	(2197,'|NA_.X|'),
	(2198,'|A.EDIN.A.LAL|'),
	(2199,'|SILA_~b_NI~b|'),
	(2200,'ZATU840'),
	(2201,'|DUG~b_SIG_~a_|'),
	(2202,'|KUR~b.E_~a|'),
	(2203,'ZATU694~d@t'),
	(2204,'|GU%GU.GU%GU|'),
	(2205,'9(GE__)'),
	(2206,'ZATU621~d'),
	(2207,'|_E_.AB|'),
	(2208,'|LAGAB_AH|'),
	(2209,'|3(N57).NUNUZ~a1|'),
	(2210,'ZATU621~a'),
	(2211,'6(N18)'),
	(2212,'|1(N34)x1(N58)|'),
	(2213,'NI~a@g'),
	(2214,'|AN.A_.AN|'),
	(2215,'|MU__ZA|'),
	(2216,'|LAGAB_(TE.A.SU.NA)|'),
	(2217,'|GAM.GAM|'),
	(2218,'|BI.A__.AN|'),
	(2219,'_IR'),
	(2220,'|LUM.LUM|'),
	(2221,'ILIMMU'),
	(2222,'_IM'),
	(2223,'ZATU848'),
	(2224,'1(DI_)'),
	(2225,'|4(N57).AMAR|'),
	(2226,'|BALAG.A|'),
	(2227,'|U4_(3(N14).2(N01))|'),
	(2228,'1(N07~a)'),
	(2229,'|_U.LUL|'),
	(2230,'|KA_DUB_|'),
	(2231,'MU__@g'),
	(2232,'|NI.NI|'),
	(2233,'|SILA_~a_1(N58)|'),
	(2234,'|KU.KU|'),
	(2235,'|NU__&NU__.BUR&BUR|'),
	(2236,'|SU.RU_KUR|'),
	(2237,'|EZEN_BAD.AN|'),
	(2238,'|KA_SA|'),
	(2239,'|AH.KASKAL|'),
	(2240,'|DUG~b_(NI~a@g.ZATU779)|'),
	(2241,'_ITA_'),
	(2242,'|TUR__MA_|'),
	(2243,'|AN_E.SAL|'),
	(2244,'|DUB__A_|'),
	(2245,'|EN.ME.AD.KU_|'),
	(2246,'|NINDA__(U_.A_)|'),
	(2247,'3(N59)'),
	(2248,'|HI_NUN|'),
	(2249,'|IGI.NAGAR.BU|'),
	(2250,'|MAR~b__E~a|'),
	(2251,'|8(N57).NI~b|'),
	(2252,'|IM._U_|'),
	(2253,'ZATU735~b'),
	(2254,'|AN.NAGA|'),
	(2255,'|NUN@t._E|'),
	(2256,'|GA_~a1_A|'),
	(2257,'BANIA'),
	(2258,'|U4.4(N08)|'),
	(2259,'|A.ZI&ZI.E__|'),
	(2260,'|DU_DI_|'),
	(2261,'REC107'),
	(2262,'|KA_SIG|'),
	(2263,'3(N57)'),
	(2264,'|PA.DAG.KISIM__GUD|'),
	(2265,'7(DI_~b)'),
	(2266,'|MU&MU|'),
	(2267,'|GAN_%GAN_|'),
	(2268,'|LAGAB~b_PA~a|'),
	(2269,'|SAG_KUR|'),
	(2270,'|GA__DA|'),
	(2271,'|LU__(SI.A_)|'),
	(2272,'ZATU694~b'),
	(2273,'|UD_E_|'),
	(2274,'|IDIM&IDIM.BUR|'),
	(2275,'|U_.KU|'),
	(2276,'|KA_KID|'),
	(2277,'|GU__(SAL.TUG_)|'),
	(2278,'|SAG&SAG|'),
	(2279,'|AL__E|'),
	(2280,'|UR_A|'),
	(2281,'1(N08~b)'),
	(2282,'|GAL.A_GAB|'),
	(2283,'|_U.MIN|'),
	(2284,'|AN_E.U_|'),
	(2285,'|DAG.KISIM__(LU.MA__)|'),
	(2286,'|GA__(UD.DU)|'),
	(2287,'8(GE__)'),
	(2288,'|LUGAL&LUGAL|'),
	(2289,'5(N49)'),
	(2290,'1(N27)'),
	(2291,'|GI_.TE|'),
	(2292,'4(U)0'),
	(2293,'PIRIG'),
	(2294,'EGIR'),
	(2295,'|E__.SUD.NUN.E__.TU|'),
	(2296,'|PAP._E.PAP|'),
	(2297,'|PIRIG.PIRIG|'),
	(2298,'|DUG~b_AB_|'),
	(2299,'3(BURU)'),
	(2300,'|KI.NE.AN.MU__|'),
	(2301,'|AK_(_ITA.GI_)|'),
	(2302,'|KIN.KIN|'),
	(2303,'|KA_(ME.ME)|'),
	(2304,'|HU_1(N57)|'),
	(2305,'|BAL&BAL|'),
	(2306,'|KI.KAL.BAD.IDIM|'),
	(2307,'|ZA.AN.MU__|'),
	(2308,'|GA__(A.IGI)|'),
	(2309,'1(N29A~b)'),
	(2310,'8(N45@f)'),
	(2311,'|EZEN_LAL_|'),
	(2312,'|PI_U|'),
	(2313,'|KA_U_|'),
	(2314,'|A.SUG|'),
	(2315,'|MAR~b_X|'),
	(2316,'1(N50)'),
	(2317,'1(N05)'),
	(2318,'NAM'),
	(2319,'|ZAG.GA|'),
	(2320,'|UMUM_HA|'),
	(2321,'|SAL.ARAD.DAM|'),
	(2322,'|AN.IM.DUGUD|'),
	(2323,'UD@s'),
	(2324,'|A.HA.A|'),
	(2325,'ZAG'),
	(2326,'1(N47)'),
	(2327,'|IM.KAD_|'),
	(2328,'UD@g'),
	(2329,'ZA_'),
	(2330,'|LAGAB~a_KAK~a|'),
	(2331,'ZATU631'),
	(2332,'|KI.SU.LU.E__.GAR.KI|'),
	(2333,'LAGAR~a@r'),
	(2334,'|TE.ME|'),
	(2335,'|UR_~b1_MA_|'),
	(2336,'|NIR~a_AN|'),
	(2337,'|LAGAB_MU_|'),
	(2338,'|EREN._U.ME|'),
	(2339,'1(N18)'),
	(2340,'|GAL.BUR_|'),
	(2341,'_E_@t'),
	(2342,'|BU%BU|'),
	(2343,'|_U_.UR@s|'),
	(2344,'|U4_2(N57)|'),
	(2345,'|PA.GU_@g|'),
	(2346,'|GI_.TUG_.PI._IR@t.NUN|'),
	(2347,'8(_AR_)'),
	(2348,'|U_.BAR|'),
	(2349,'|AB~a_A@t|'),
	(2350,'|GIR_~c__E_|'),
	(2351,'|GI_.DIN|'),
	(2352,'|LAGAB~b_BAN_UR~a|'),
	(2353,'|IGI.GA|'),
	(2354,'|_U.BU|'),
	(2355,'|NUNUZ.AB__(BULUG_.GUG_)|'),
	(2356,'AN+DI_'),
	(2357,'BU@t'),
	(2358,'2(DI_@t)'),
	(2359,'ZATU831'),
	(2360,'ZATU832'),
	(2361,'4(N24)'),
	(2362,'ZATU834'),
	(2363,'|E__.HUL_|'),
	(2364,'ZATU836'),
	(2365,'|U4_10(N57)|'),
	(2366,'ZATU669'),
	(2367,'|U4.8(N08)|'),
	(2368,'8(A_)'),
	(2369,'|UD.AB_E_|'),
	(2370,'|KA_MI|'),
	(2371,'|LAGAB_(KUL.HI.A)|'),
	(2372,'|TAK_.TAK_|'),
	(2373,'|A.LUM|'),
	(2374,'|GA_~a1_LAGAB~b|'),
	(2375,'|A.U.EDIN.LAL|'),
	(2376,'|HAR.KA_GAR|'),
	(2377,'|SUKUD@g~d|'),
	(2378,'GIDIM'),
	(2379,'UMBIN'),
	(2380,'KAM_'),
	(2381,'|TAG_KU|'),
	(2382,'|SAG_TAK_|'),
	(2383,'|_ITA.GI_.TUG_|'),
	(2384,'|LAGAB_BI|'),
	(2385,'|AN.MU__.AB@g|'),
	(2386,'ZATU802'),
	(2387,'NINDA_'),
	(2388,'1(N03)'),
	(2389,'|GIR__(A.IGI)|'),
	(2390,'|IM.A|'),
	(2391,'U__'),
	(2392,'|GA__KASKAL|'),
	(2393,'|EZEN__E|'),
	(2394,'|SIG_.IDIM|'),
	(2395,'|EN.SAL.ME.NUNUZ.ZI.AN._E_.KI|'),
	(2396,'2(N03)'),
	(2397,'|U&U.U&U.U|'),
	(2398,'ZATU621~c'),
	(2399,'3(N14@f)'),
	(2400,'|GAN~c_(KUR~a.A)|'),
	(2401,'6(N51)'),
	(2402,'|KISIM_&KISIM_|'),
	(2403,'|(DUG~b&DUG~b)_1(N58)|'),
	(2404,'|LAL.SAR|'),
	(2405,'|_E.HU|'),
	(2406,'|GAL.NI|'),
	(2407,'|AN.BARA_|'),
	(2408,'|UZ.TUR|'),
	(2409,'|AN.DU.AN|'),
	(2410,'|GI_.SAL.KUR|'),
	(2411,'|NUN.ME.TAG|'),
	(2412,'|_A__GI_|'),
	(2413,'|DAG.KISIM__GIR_|'),
	(2414,'|SIG__NUN|'),
	(2415,'|DARA_~d_KAR_|'),
	(2416,'|PA._A_|'),
	(2417,'|ZU&ZU.SAR|'),
	(2418,'|DUG~b_(1(N57).KU_~a)|'),
	(2419,'2(LAGAB~a)'),
	(2420,'|NUNUZ.AB__NE|'),
	(2421,'|DAG.KISIM__LUM|'),
	(2422,'SUD_'),
	(2423,'GIZZAL~_'),
	(2424,'|AN.AN|'),
	(2425,'|PI_IB|'),
	(2426,'|UD.SAR|'),
	(2427,'HA'),
	(2428,'SAG_U'),
	(2429,'|KA_~b__E~a|'),
	(2430,'1(N32)'),
	(2431,'|IR~a.GA_~a1|'),
	(2432,'ZATU701'),
	(2433,'|E_.GI_.TUG_.PI.AN._E.NAGA|'),
	(2434,'|GA_~a1_GE_TU~c5|'),
	(2435,'|TUG_~a.(BAD&BAD)|'),
	(2436,'|MA_.X|'),
	(2437,'|ZATU659x1(N14)|'),
	(2438,'|_IM_BUR_|'),
	(2439,'1+EN'),
	(2440,'|EN.LI|'),
	(2441,'SUMA_'),
	(2442,'|GI_.TUG_.TE.A.DU|'),
	(2443,'|U4_2(N14)|'),
	(2444,'|NINDA__1(N01)|'),
	(2445,'|GA__(A__.GAL)|'),
	(2446,'|E&E.NIR|'),
	(2447,'URUDU'),
	(2448,'|TAG__E|'),
	(2449,'|UM.ME|'),
	(2450,'|MAH~a_ZATU659|'),
	(2451,'|KASKAL@g|'),
	(2452,'3(N21)'),
	(2453,'_EG_'),
	(2454,'|GAN~c_HI|'),
	(2455,'|NU__.IR|'),
	(2456,'6(N08)'),
	(2457,'|KA_GIR_|'),
	(2458,'|MAH~a_UD5~a|'),
	(2459,'|_UL.GI|'),
	(2460,'|A_.HI_DI_.GI_|'),
	(2461,'|_IM_BULUG|'),
	(2462,'_INIG'),
	(2463,'3(N36)'),
	(2464,'|ZATU651xZAR~c|'),
	(2465,'ZATU726~c'),
	(2466,'AB_A_'),
	(2467,'|GI_.LU_|'),
	(2468,'|DUG~b_UH_~a|'),
	(2469,'|LU_.KAR_|'),
	(2470,'|A_AB_|'),
	(2471,'|KI.AN.UD|'),
	(2472,'|A_EN~a|'),
	(2473,'6(N24)'),
	(2474,'|GA_~a1_SUKUD|'),
	(2475,'|KA_KI|'),
	(2476,'|TAB.KUN|'),
	(2477,'|PAD.MU__|'),
	(2478,'|DUG~a_LAM~b|'),
	(2479,'|MAH~b_KU_~a|'),
	(2480,'|GA__KU_+AN|'),
	(2481,'ZATU626~a'),
	(2482,'PAP~a@t'),
	(2483,'3(N54)'),
	(2484,'7(N18)'),
	(2485,'|AN.GU__NUN|'),
	(2486,'|ZI&ZI|'),
	(2487,'TE@g'),
	(2488,'|IM_TAK_|'),
	(2489,'|AN.NA|'),
	(2490,'|U.KA|'),
	(2491,'|U_.KUR.RA|'),
	(2492,'|NAGA@NAGA|'),
	(2493,'|TAB.TAB.TAB.TAB|'),
	(2494,'|U4_3(N01)|'),
	(2495,'|DI_.DAR|'),
	(2496,'|U.SAR|'),
	(2497,'|AB__BALAG|'),
	(2498,'3(N14)'),
	(2499,'|SILA_~a_X|'),
	(2500,'DUB_'),
	(2501,'|NUN~a+EN~a|'),
	(2502,'|AL_U_|'),
	(2503,'|ZATU762~axNIM~a|'),
	(2504,'|IGI.DU|'),
	(2505,'4(N14)'),
	(2506,'|KASKAL.PU_&PU_|'),
	(2507,'|IM.GAN_.AH.ME.U|'),
	(2508,'|LU__(ME.EN)|'),
	(2509,'_U_ANA'),
	(2510,'|_A__(U.A)|'),
	(2511,'|_E~a&_E~a|'),
	(2512,'|ZATU831@g|'),
	(2513,'|_U.LUGAL|'),
	(2514,'5(N48)'),
	(2515,'F_'),
	(2516,'GUB_'),
	(2517,'4(N34)'),
	(2518,'|ZA.IB|'),
	(2519,'8(N14@f)'),
	(2520,'|A.KA|'),
	(2521,'|TIR_TAK_|'),
	(2522,'|TUR.SAL.TUR.TUR|'),
	(2523,'|SAG.PA.LAGAB|'),
	(2524,'ZATU813'),
	(2525,'|GABA~c_X|'),
	(2526,'|HI_A_|'),
	(2527,'|GAR._ID|'),
	(2528,'ZATU811'),
	(2529,'|MU_.DU.A.HA|'),
	(2530,'|GA__EL+LA|'),
	(2531,'1(N26)'),
	(2532,'2(GE_U)'),
	(2533,'ZATU815'),
	(2534,'|LU.E__.GAR.KI|'),
	(2535,'|GABA~c_HI|'),
	(2536,'_UR_~a'),
	(2537,'|KA_SAR|'),
	(2538,'_UR_~b'),
	(2539,'1(N51)'),
	(2540,'1(N04)'),
	(2541,'|A_.U.KID|'),
	(2542,'ZATU735~c'),
	(2543,'ZATU819'),
	(2544,'2(N14@f)'),
	(2545,'|GAR.LU_|'),
	(2546,'1(N46)'),
	(2547,'|U4_1(N14)|'),
	(2548,'7(A_)'),
	(2549,'|GAR.LAGAB|'),
	(2550,'|MAR~b_(LAGAB~b._E_)|'),
	(2551,'|LU_BAD|'),
	(2552,'|_U&_U@180|'),
	(2553,'|UD.KIB.NUN|'),
	(2554,'1(N19)'),
	(2555,'|3(N58).UR3~b1|'),
	(2556,'|EZEN_(A.LAL_)|'),
	(2557,'|GAR.IB|'),
	(2558,'|UR_MIN|'),
	(2559,'|SILA_~a_(ZATU659.TU~c)|'),
	(2560,'|_A__U|'),
	(2561,'|LUGAL.GAM|'),
	(2562,'|LAGAB~a_TI|'),
	(2563,'|U4.(1(N14).5(N08))|'),
	(2564,'4(N01)'),
	(2565,'|UD.KA.BAR|'),
	(2566,'A__'),
	(2567,'ZATU805'),
	(2568,'|IGI.KAK|'),
	(2569,'ZATU807'),
	(2570,'|DAG.KISIM__(U_.GIR_)|'),
	(2571,'ZATU801'),
	(2572,'|IGI.TUR.TUR|'),
	(2573,'ZATU803'),
	(2574,'|HU.MI.AN.IM|'),
	(2575,'|DUG_SIG_|'),
	(2576,'MA__'),
	(2577,'ZATU808'),
	(2578,'|SI.GI_.PAD.DUG|'),
	(2579,'EN@g~a'),
	(2580,'|IM.A.A|'),
	(2581,'|UKKIN~b_DUG~a|'),
	(2582,'2(BAN2)'),
	(2583,'|BUR_.BUR_|'),
	(2584,'1(N30A~c)'),
	(2585,'UDUG'),
	(2586,'|U4_(1(N14).2(N01))|'),
	(2587,'|_IM.AN.SAL.TUG_.IB|'),
	(2588,'|KA_UD|'),
	(2589,'1(N24@f)'),
	(2590,'|ZATU737xUNUG~a|'),
	(2591,'|SU.KI.LU.E__.KI|'),
	(2592,'5(N51@f)'),
	(2593,'|E__(A.HA.DA)|'),
	(2594,'|HI_U|'),
	(2595,'KU_'),
	(2596,'|NUNUZ.DIM_|'),
	(2597,'|KA_U|'),
	(2598,'|_U.PAP.PAP|'),
	(2599,'KUR'),
	(2600,'|AMAR&AMAR|'),
	(2601,'|GA__KID+LAL|'),
	(2602,'8(N34@f)'),
	(2603,'KUL'),
	(2604,'|SUG.LUM|'),
	(2605,'|DAG.KISIM__(IR.LU)|'),
	(2606,'|3(N57).E2~b|'),
	(2607,'|A.ENGUR.GAL|'),
	(2608,'|NINDA__AN|'),
	(2609,'|KI.KI|'),
	(2610,'ZATU686~c'),
	(2611,'ZATU686~b'),
	(2612,'|LAGAB~a_KU_U_~b|'),
	(2613,'|URUDU_U.LAGAB|'),
	(2614,'|GUD.GI__KID_|'),
	(2615,'|SAL.TAK_|'),
	(2616,'|SAG_UR|'),
	(2617,'|_A_.GI_.SAR|'),
	(2618,'|EZEN_AGA|'),
	(2619,'|RAB.MAH|'),
	(2620,'|HU_PAP~a|'),
	(2621,'|IM.A.AN|'),
	(2622,'|_U_.3_AN|'),
	(2623,'|UD.HAR|'),
	(2624,'|GU__KAK|'),
	(2625,'|AM_A|'),
	(2626,'|KA_ERIN_|'),
	(2627,'|NINDA___E|'),
	(2628,'|SAG_NUN|'),
	(2629,'LAM~b@r'),
	(2630,'ZATU680~b'),
	(2631,'|AD.E_|'),
	(2632,'|ZU__A|'),
	(2633,'|(UDU~a_TAR)~a|'),
	(2634,'|DUG~b_SIG_~a1|'),
	(2635,'|HU.NA_|'),
	(2636,'|DUG~b_GA~a|'),
	(2637,'|KA_BAR|'),
	(2638,'|KI.SU.LU.E__.GAR.RA|'),
	(2639,'|DUG~b_TI|'),
	(2640,'|GA_~a1_MA_|'),
	(2641,'MES'),
	(2642,'|KI.A|'),
	(2643,'1(N41)'),
	(2644,'|GU__KAK_SIG_|'),
	(2645,'|GI.NA.AB.UL|'),
	(2646,'|PA.ME_|'),
	(2647,'|_U_.URI_~a|'),
	(2648,'|LAL_.DU.DU|'),
	(2649,'|LAGAB_LAGAB|'),
	(2650,'|MES.RU|'),
	(2651,'1(N45~a)'),
	(2652,'|_IM_BAL|'),
	(2653,'|GAL.ZADIM|'),
	(2654,'|SU.KUR|'),
	(2655,'|EZEN_GIR|'),
	(2656,'|GA_~a1_GIR~a|'),
	(2657,'|_U.NAGA|'),
	(2658,'TU'),
	(2659,'KE__'),
	(2660,'|KID.BALAG|'),
	(2661,'|NUN@t.KI|'),
	(2662,'|SI__E_|'),
	(2663,'|UD.AN._E_.KI|'),
	(2664,'|U4_8(N57)|'),
	(2665,'|DU@g.DU@g|'),
	(2666,'|U4_5(N01).1(N14)|'),
	(2667,'TI'),
	(2668,'|HI+SUHUR|'),
	(2669,'|U4_3(N01).3(N08)|'),
	(2670,'|HA~a+GI_|'),
	(2671,'|A_@z.A_@z.A_@z.A_@z|'),
	(2672,'|_U.LAGAB.NA|'),
	(2673,'TA'),
	(2674,'AB'),
	(2675,'|A.TU.GABA|'),
	(2676,'|A.LAGAB_KUL.MA_._U_.A|'),
	(2677,'UDUNITA~a'),
	(2678,'AK'),
	(2679,'UDUNITA~b'),
	(2680,'|LU_%LU_|'),
	(2681,'AL'),
	(2682,'AN'),
	(2683,'|GA__A+DA+HA|'),
	(2684,'|SILA_~a_NAGA~a|'),
	(2685,'|EN_ME|'),
	(2686,'NAGA'),
	(2687,'|_IM_SIG_|'),
	(2688,'|GI__TAK_|'),
	(2689,'|UD.SAL.HUB_|'),
	(2690,'A_'),
	(2691,'|KAB.U_|'),
	(2692,'ZA~_'),
	(2693,'5(N19@f)'),
	(2694,'|GUD_BAD|'),
	(2695,'|U.5(DI_)|'),
	(2696,'|PA._E|'),
	(2697,'TAK_'),
	(2698,'3(N20)'),
	(2699,'|A.SAG|'),
	(2700,'|HU.KAK|'),
	(2701,'|UB.RI|'),
	(2702,'|UD.HU.HI.NUN|'),
	(2703,'|TIR&TIR.LAGAB|'),
	(2704,'|GAL.DIM_|'),
	(2705,'|TAB.TI|'),
	(2706,'|NUN~a+EN~b|'),
	(2707,'|_U&_U|'),
	(2708,'|BU~a_GI_@t|'),
	(2709,'|NA.RU|'),
	(2710,'|GAL.URI|'),
	(2711,'|TUR.SAG|'),
	(2712,'|MAH~b_NA~a|'),
	(2713,'DUN'),
	(2714,'|_U_.A__|'),
	(2715,'3(N08~b)'),
	(2716,'|HUB__UD|'),
	(2717,'|A_MU_|'),
	(2718,'|PAP.NA_|'),
	(2719,'|_IM_MUG|'),
	(2720,'|_U_.1(N0_)|'),
	(2721,'|KA_LU|'),
	(2722,'|AN.TU|'),
	(2723,'|DUG~b_(TAK4~a.SA~a)|'),
	(2724,'|A_&A_&A_.A_&A_&A_.A_|'),
	(2725,'2(N52)'),
	(2726,'ZATU732'),
	(2727,'MUG@g'),
	(2728,'|LU_@s.NA|'),
	(2729,'|AB~a_X|'),
	(2730,'|LAL_.LAGAB|'),
	(2731,'_U_'),
	(2732,'|E__GAR|'),
	(2733,'|KI.GI_GAL|'),
	(2734,'|GIR_.ARAD|'),
	(2735,'IGI@g'),
	(2736,'|KU_.GI|'),
	(2737,'|DUG~b_SIG7|'),
	(2738,'|GI_.NE|'),
	(2739,'7(N19)'),
	(2740,'_U@180'),
	(2741,'|E_.SIG_|'),
	(2742,'LAL'),
	(2743,'LAM'),
	(2744,'|4_(EZEN_KASKAL)|'),
	(2745,'|KI_U|'),
	(2746,'|SU~a_1(N58)|'),
	(2747,'|DUG~b_SA~a|'),
	(2748,'|GAL.DIM|'),
	(2749,'|LAGAB~b_1(N01)|'),
	(2750,'3(N15)'),
	(2751,'|TE.A|'),
	(2752,'|KI.KU|'),
	(2753,'7(N51)'),
	(2754,'|UD.DU.BU|'),
	(2755,'|LUGAL.GAL|'),
	(2756,'|GI_.TUG_.PI.TE.A|'),
	(2757,'|NINDA__(AN.X)|'),
	(2758,'4(BAN_@v)'),
	(2759,'|AK__ITA|'),
	(2760,'|UR_AL|'),
	(2761,'3(A_)'),
	(2762,'|DU.HUB_|'),
	(2763,'|SISKUR.SISKUR|'),
	(2764,'|URU_PA|'),
	(2765,'|SAL.AL|'),
	(2766,'|NUN%NUN|'),
	(2767,'HUL_'),
	(2768,'|A.MU__.A.DI|'),
	(2769,'|U4.5(N08)|'),
	(2770,'GU_@g'),
	(2771,'|KA_DE_|'),
	(2772,'|NINDA__NUN|'),
	(2773,'|KI.UD.A|'),
	(2774,'5(N58)'),
	(2775,'|GA_~a1_PAD~b|'),
	(2776,'|HA.TAR.A.DU|'),
	(2777,'|KA.AN.RA|'),
	(2778,'|LAGAB_GA|'),
	(2779,'1(N52)'),
	(2780,'|GI_.MA_.RA|'),
	(2781,'4(N48)'),
	(2782,'|_ID.RU|'),
	(2783,'|DUG~b_KUR~b|'),
	(2784,'|SAG_1(N14)|'),
	(2785,'|KI.NA.AB.TUM|'),
	(2786,'ZATU762~b'),
	(2787,'IGI'),
	(2788,'ZATU762~a'),
	(2789,'3(BURU@v)'),
	(2790,'1(N45)'),
	(2791,'BURU_'),
	(2792,'|KA~a._E~a|'),
	(2793,'|U_.NAGA.AN._IR|'),
	(2794,'2(N39~b)'),
	(2795,'|DA.U_|'),
	(2796,'|MA_.KASKAL.SIG_|'),
	(2797,'|U4_6(N57)|'),
	(2798,'4(N34@f)'),
	(2799,'ZIZ_'),
	(2800,'|SU&SU.A|'),
	(2801,'|GA__MUN|'),
	(2802,'|GE_TIN~c_X|'),
	(2803,'MURUB_'),
	(2804,'_IR@90'),
	(2805,'|DIM~a_GU|'),
	(2806,'|SILA_~a_SUM~a|'),
	(2807,'|GURU_~a_2(N14)|'),
	(2808,'|RAB.GAN|'),
	(2809,'|GA__NU|'),
	(2810,'|E__MI|'),
	(2811,'|NINDA__GI|'),
	(2812,'|LAGAB~b_HI|'),
	(2813,'ZATU812'),
	(2814,'|LAGAB_(IM.HA)|'),
	(2815,'ZATU810'),
	(2816,'|TUK.TUK|'),
	(2817,'ZATU817'),
	(2818,'ZATU814'),
	(2819,'|U4_(2(N14).4(N01))|'),
	(2820,'|DUG~b_SUHUR|'),
	(2821,'|UM_U|'),
	(2822,'ZATU818'),
	(2823,'|DUG~b_ZATU780|'),
	(2824,'5(N05)'),
	(2825,'1(N14)'),
	(2826,'|GU%GU|'),
	(2827,'|PA.UZU|'),
	(2828,'|SILA_~c_ZATU687|'),
	(2829,'|EZEN_KASKAL|'),
	(2830,'HI@g~b'),
	(2831,'HI@g~c'),
	(2832,'HI@g~a'),
	(2833,'KASKAL'),
	(2834,'ZATU775'),
	(2835,'10(N01)'),
	(2836,'|TAG_BI|'),
	(2837,'1(N39~a)'),
	(2838,'|KUR@g~b|'),
	(2839,'|KA_GAR|'),
	(2840,'|LU.KI.KAK|'),
	(2841,'NAM_@t'),
	(2842,'|GI_._U.LU_|'),
	(2843,'|LAL_.GI_GAL|'),
	(2844,'|IGI&IGI._IR&_IR.UD&UD|'),
	(2845,'|KI.EN.KAK|'),
	(2846,'|GAL._UBUR|'),
	(2847,'7(N51@f)'),
	(2848,'|LU_.DI_|'),
	(2849,'|HAR.HAR|'),
	(2850,'LAK483'),
	(2851,'|_U.DI|'),
	(2852,'|ZI&ZI.LAGAB._E|'),
	(2853,'LIMMU'),
	(2854,'3(_ARU@v)'),
	(2855,'BAD'),
	(2856,'|DUB_E__|'),
	(2857,'KIB@g'),
	(2858,'|DUG~b_AN_E~d|'),
	(2859,'|SAG_DU_|'),
	(2860,'|KA_KAK|'),
	(2861,'|DAG.KISIM__LA|'),
	(2862,'|GA__(AB_@t.TAB)|'),
	(2863,'|E__@t.GIR_@g|'),
	(2864,'|DARA_~d_(KAR_._E~a)|'),
	(2865,'ZATU688~b'),
	(2866,'ZATU688~a'),
	(2867,'|A.ENGUR|'),
	(2868,'|TAG.TUG_|'),
	(2869,'|EZEN_A|'),
	(2870,'|SILA_~b_NI~a|'),
	(2871,'|DUG~b_NAM_|'),
	(2872,'|SAG_U_|'),
	(2873,'|SAG.EZEN|'),
	(2874,'|ZI&ZI.LAGAB|'),
	(2875,'3(_AR_)'),
	(2876,'|PA.EL.BU@g|'),
	(2877,'ZATU643'),
	(2878,'UR'),
	(2879,'|LAGAB_(U.A)|'),
	(2880,'ZATU642'),
	(2881,'|NE.RU|'),
	(2882,'2(N07~b)'),
	(2883,'|E_DA_TAR|'),
	(2884,'|GA__NUN|'),
	(2885,'|PAP.PAP|'),
	(2886,'TE'),
	(2887,'UN'),
	(2888,'|U4.7(N08)|'),
	(2889,'UR_@h'),
	(2890,'|UD.NUN|'),
	(2891,'|NUNUZ.AB__U_,BA|'),
	(2892,'|ZATU737xDI|'),
	(2893,'|PAD.AN.MU__|'),
	(2894,'6(N14@f)'),
	(2895,'|LAGAB_A|'),
	(2896,'|BI.A.SUD|'),
	(2897,'|_U_.BAD|'),
	(2898,'|ITI.AN._E_.KI|'),
	(2899,'|PI_I|'),
	(2900,'|(GI&GI)_GI_@t|'),
	(2901,'|UD_MI|'),
	(2902,'DUN@g'),
	(2903,'|GU_.GAR_|'),
	(2904,'|KA.KA|'),
	(2905,'|KA_ME|'),
	(2906,'|LAGAB_E_.LAGAB_E_|'),
	(2907,'|(LU.E__)&(LU.E__)|'),
	(2908,'|_ITA@g~a_1(N06)|'),
	(2909,'|NUN~a+A|'),
	(2910,'GIBIL_'),
	(2911,'|ZU.AB|'),
	(2912,'|UD.UD.AK|'),
	(2913,'|BU&BU.UN|'),
	(2914,'|SAG_UM|'),
	(2915,'|GI_.GIN_.MA_|'),
	(2916,'|A.TU.GABA.SIG.GAR|'),
	(2917,'IA_'),
	(2918,'|LAGAB_E_|'),
	(2919,'|NIM_(GAR.KAR_)|'),
	(2920,'|AB___A_|'),
	(2921,'5(N45@f)'),
	(2922,'|TA__E|'),
	(2923,'|GA__HUB_|'),
	(2924,'|GA~a_X|'),
	(2925,'U__A'),
	(2926,'|GAR.GAD.TAK_.UR_|'),
	(2927,'|GAL.UNKIN|'),
	(2928,'|KAD_&KAD_|'),
	(2929,'|AL_DIM_|'),
	(2930,'|6(N57).GAR|'),
	(2931,'|SUD.PA.EL|'),
	(2932,'|PA.DAG.KISIM__KAK|'),
	(2933,'DUR_'),
	(2934,'|_E&_E.KINDA|'),
	(2935,'|GI_NAM_|'),
	(2936,'ARAD'),
	(2937,'|U4_8(N01)|'),
	(2938,'|PA.KAK|'),
	(2939,'|E__SAL|'),
	(2940,'|GAN~c_SIG7|'),
	(2941,'EZEN'),
	(2942,'|LUL.BALAG|'),
	(2943,'|DUG~b_3(N57)|'),
	(2944,'|KUR@KUR|'),
	(2945,'NAGA@t'),
	(2946,'|AGA.U_|'),
	(2947,'|LU__(LA.A_)|'),
	(2948,'8(N58)'),
	(2949,'|_IM_IGI|'),
	(2950,'|BI_GAR|'),
	(2951,'6(_AR_)'),
	(2952,'5(N04@f)'),
	(2953,'|NUN.ME.DU|'),
	(2954,'ZATU680~e'),
	(2955,'1(N57)'),
	(2956,'|U4.1(N08)|'),
	(2957,'|GA_&GA_|'),
	(2958,'|_U_._E.KU.KAK|'),
	(2959,'|U_~b_TAR~d|'),
	(2960,'|AN.SAG@g|'),
	(2961,'|SIG_1(N57)|'),
	(2962,'|ZATU651xAN|'),
	(2963,'|SIG_.ALAN|'),
	(2964,'|BALAG.TUR|'),
	(2965,'|_A___U_|'),
	(2966,'|KIN_UD|'),
	(2967,'|_ITA~b3_NAM_|'),
	(2968,'|SAG_SAL|'),
	(2969,'|PA.KA__|'),
	(2970,'|DUB.NAGAR|'),
	(2971,'|UR__A|'),
	(2972,'|MU__.AB|'),
	(2973,'GUR_'),
	(2974,'|EZEN_AN|'),
	(2975,'|LAGAB_KUL|'),
	(2976,'|GAL.AGA|'),
	(2977,'2(N51)'),
	(2978,'|UR__(U_.BI)|'),
	(2979,'ZATU685'),
	(2980,'ZATU677~a'),
	(2981,'2(N22@f)'),
	(2982,'5(U)'),
	(2983,'|BARA_.PAP.PAP|'),
	(2984,'|U_~a&U_~a|'),
	(2985,'|KI.BI.KAK|'),
	(2986,'|HA.A.TAR.DU|'),
	(2987,'|A.SUD|'),
	(2988,'|U4_6(N01)|'),
	(2989,'|GUD_KUR|'),
	(2990,'3(N52)'),
	(2991,'NU@g'),
	(2992,'|SILA_.GABA|'),
	(2993,'|U_.AD_|'),
	(2994,'|KAK.TAR|'),
	(2995,'|DU.DU|'),
	(2996,'|KA_GI_|'),
	(2997,'|UD_(E_@g)|'),
	(2998,'3(A_@t)'),
	(2999,'|A.ENGUR.UD.NUN.KI|'),
	(3000,'|EN_KAR_|'),
	(3001,'3(N41)'),
	(3002,'|GA__HA+LU+E__|'),
	(3003,'|ASAL_~a|'),
	(3004,'ZATU630'),
	(3005,'|NINDA__(HI.AN.ME~a)|'),
	(3006,'4(N04@f)'),
	(3007,'|U_.UR_|'),
	(3008,'|LAL.NI|'),
	(3009,'|UM.LAGAB|'),
	(3010,'|EZEN~a_NIM~b_|'),
	(3011,'ZATU637'),
	(3012,'2(BURU)'),
	(3013,'DU@g'),
	(3014,'URUDU@g~a'),
	(3015,'|URU~a3_KALAM~a|'),
	(3016,'|UD.A|'),
	(3017,'|LAL_.KAK|'),
	(3018,'DU@s'),
	(3019,'|KI.DU.KAK|'),
	(3020,'U@g'),
	(3021,'7(N45@f)'),
	(3022,'|KA_(GAR._A_.A)|'),
	(3023,'|A_&A_&A_.A_&A_&A_.TAB|'),
	(3024,'|LAGAB~a_DU_~b|'),
	(3025,'ZATU639'),
	(3026,'ZATU799'),
	(3027,'7(N36)'),
	(3028,'|_ITA~a1__U_|'),
	(3029,'|KA_(E_)|'),
	(3030,'|NINDA__(ME.KAR_)|'),
	(3031,'|LAGAB~a_KU_~a|'),
	(3032,'|EREN_+X|'),
	(3033,'ZATU791'),
	(3034,'|SILA_~a__E~a|'),
	(3035,'ZATU792'),
	(3036,'|PAP.HAL|'),
	(3037,'|UMUM_PA|'),
	(3038,'|U4_X|'),
	(3039,'|IGI.UR@s|'),
	(3040,'ZATU777'),
	(3041,'ZATU776'),
	(3042,'|AN.A_@z.AN|'),
	(3043,'ZATU774'),
	(3044,'|EN~c&EN~c|'),
	(3045,'ZATU771'),
	(3046,'4(N08~c)'),
	(3047,'|AMA.AN.MU__|'),
	(3048,'MU_'),
	(3049,'|DUG~a_X|'),
	(3050,'ZATU779'),
	(3051,'ZATU778'),
	(3052,'1(N02)'),
	(3053,'4(N49)'),
	(3054,'NAM_'),
	(3055,'|U.ZAG|'),
	(3056,'ZATU829'),
	(3057,'|SAG.AN|'),
	(3058,'|IL_KAR_|'),
	(3059,'|U_.NAGA.AN.A_._IR|'),
	(3060,'7(N01)'),
	(3061,'1(N44)'),
	(3062,'1(N33)'),
	(3063,'|_E_.IB|'),
	(3064,'|LAGAB.LAGAB|'),
	(3065,'|A.EDIN|'),
	(3066,'|SILA_~a_GE_TU~c_|'),
	(3067,'1(GE_U)'),
	(3068,'NUN'),
	(3069,'|NUN~b+EN~a|'),
	(3070,'1(N22@f)'),
	(3071,'|AD.KU|'),
	(3072,'LAK278'),
	(3073,'AB_'),
	(3074,'|BULUG_.4_IDIM|'),
	(3075,'DUH'),
	(3076,'|KAB.BU|'),
	(3077,'|KA__.KA__|'),
	(3078,'BAN_UR~a@t'),
	(3079,'|DAG.KISIM__AB_|'),
	(3080,'|DUG~c_1(N57)|'),
	(3081,'|DU&DU.DU&DU|'),
	(3082,'DUG'),
	(3083,'|KI._E_.KAK|'),
	(3084,'|AB~a_SUKKAL|'),
	(3085,'|LAGAB_NE|'),
	(3086,'|SI.A|'),
	(3087,'|GA__GI_+A|'),
	(3088,'5(N04)'),
	(3089,'1(N15)'),
	(3090,'KA'),
	(3091,'|AL_KAD_|'),
	(3092,'KI'),
	(3093,'|LAGAB_DAR|'),
	(3094,'KU'),
	(3095,'|U4_8(N01).X|'),
	(3096,'|DUG~b_KUR@g~a|'),
	(3097,'7(U)'),
	(3098,'|NUNUZ.AB__SILA_|'),
	(3099,'|KASKAL.6(DI_)|'),
	(3100,'2(N35)'),
	(3101,'|E_.LU__KAR_.A|'),
	(3102,'|DI_.DI_.DI_.U.U|'),
	(3103,'|KA_NE|'),
	(3104,'2(N19)'),
	(3105,'|GIR_.BAR|'),
	(3106,'|MA_.PA|'),
	(3107,'|HU.UR_~b_|'),
	(3108,'4(GE_U)'),
	(3109,'|TA_MI|'),
	(3110,'2(N04@f)'),
	(3111,'|AB_LAGAB|'),
	(3112,'|AB_KAR_|'),
	(3113,'LAK492'),
	(3114,'|NINDA__(HI@g~a.1(N06))|'),
	(3115,'|E_.MI|'),
	(3116,'4(_AR_)'),
	(3117,'|U_.SA|'),
	(3118,'4(N39~a)'),
	(3119,'ZATU838'),
	(3120,'ZATU839'),
	(3121,'|DU_&DU_._E|'),
	(3122,'|MA_X|'),
	(3123,'|DUG~b_SI4~a|'),
	(3124,'|EZEN_HA|'),
	(3125,'2(N08~b)'),
	(3126,'|LAGAB_SIG_|'),
	(3127,'|DUG~b_ZATU781|'),
	(3128,'|_E_.KI|'),
	(3129,'|SILA_~a_1(N57)|'),
	(3130,'|A.HA.BU.LAGAB|'),
	(3131,'1(N42~b)'),
	(3132,'A+NA'),
	(3133,'|GAD&GAD.GAR&GAR|'),
	(3134,'|_A__A|'),
	(3135,'BUR'),
	(3136,'|KAD_.KAD_|'),
	(3137,'|GI_E|'),
	(3138,'|LU__(SIG_.BU)|'),
	(3139,'|ZATU759xKU6~d|'),
	(3140,'|KUR@g~a|'),
	(3141,'|IGI.E__|'),
	(3142,'|DUG~b_1(N57)|'),
	(3143,'|DI_.DI_.DI_|'),
	(3144,'|A.MU___A.DI|'),
	(3145,'ZATU835'),
	(3146,'|A.ZI&ZI|'),
	(3147,'|KASKAL.GA|'),
	(3148,'|ZATU737xSZITA~a1|'),
	(3149,'2(N51@f)'),
	(3150,'|KA_(ME.GAR)|'),
	(3151,'|A.MU__|'),
	(3152,'|MAH~a_UTUA~a|'),
	(3153,'|SILA_~a_HI|'),
	(3154,'|GA_~a1_PAP~a|'),
	(3155,'|LAGAB_AL|'),
	(3156,'HA@g'),
	(3157,'SILA_'),
	(3158,'USSU_'),
	(3159,'|ALAN&ALAN|'),
	(3160,'4(A_)'),
	(3161,'|MU_&MU_|'),
	(3162,'|GI_X|'),
	(3163,'|URU~a1_GU4|'),
	(3164,'|GA_~a1_1(N14)|'),
	(3165,'|U4.6(N08)|'),
	(3166,'|UZ_.KASKAL|'),
	(3167,'NIGIDAMIN'),
	(3168,'_A@g'),
	(3169,'|LU_.KI|'),
	(3170,'KI_'),
	(3171,'NIM'),
	(3172,'SUHUR@g'),
	(3173,'KIN'),
	(3174,'|GE_TU_.ERIN_|'),
	(3175,'|A.MU__.DI|'),
	(3176,'|U.DIM|'),
	(3177,'|SAL.E__|'),
	(3178,'|LUGAL@LUGAL|'),
	(3179,'|IGI.NAGAR|'),
	(3180,'|KAB_1(N58)|'),
	(3181,'|A.SU|'),
	(3182,'3(N08)'),
	(3183,'|GAL.ZU|'),
	(3184,'|NUN~a+EN~d|'),
	(3185,'2(N50)'),
	(3186,'|ME+EN|'),
	(3187,'|U.KID|'),
	(3188,'|U4.(1(N14).4(N08))|'),
	(3189,'|EN%EN.IM%IM|'),
	(3190,'8(N02)'),
	(3191,'|TAB.TAB.TAB|'),
	(3192,'|MA_.E_|'),
	(3193,'|GA_~a1_HI|'),
	(3194,'|GI.KAK|'),
	(3195,'|SILA_~a_KA_~d|'),
	(3196,'9(DI_~a)'),
	(3197,'|MU__.DI|'),
	(3198,'|NINDA__BA|'),
	(3199,'|HA.A.TAR|'),
	(3200,'PA'),
	(3201,'|GA_~a1_SUMA_|'),
	(3202,'|SAL.TAB.KUN|'),
	(3203,'PI'),
	(3204,'|LAGAB~a__A|'),
	(3205,'|GUM__E|'),
	(3206,'|PIRIG_ZA|'),
	(3207,'AB_U'),
	(3208,'RU'),
	(3209,'|DUG~b_BALA~a|'),
	(3210,'_AR_'),
	(3211,'|UR__1(N57)|'),
	(3212,'|MA_.GU_.GAR_|'),
	(3213,'3(N53)'),
	(3214,'_U@t'),
	(3215,'|SIG_&SIG_._U_|'),
	(3216,'|_IM_DIN|'),
	(3217,'RAB'),
	(3218,'|UD.HU.HI.NUN.NA|'),
	(3219,'|SUMA_.ME|'),
	(3220,'3(N40)'),
	(3221,'6(N01@f)'),
	(3222,'TAB@t'),
	(3223,'|GABA%GABA|'),
	(3224,'|AMA~a_E_~a|'),
	(3225,'|AN.IM.MI|'),
	(3226,'|PA.TUG_|'),
	(3227,'7(N57)'),
	(3228,'|U__A|'),
	(3229,'|MA_2(N57)|'),
	(3230,'AN+EN.ZU'),
	(3231,'|NUN.LAGAR|'),
	(3232,'|TE.LAL|'),
	(3233,'|LUGAL.GAN|'),
	(3234,'|KIB.ZA|'),
	(3235,'|ZATU759x(KU6~a+KU6~a)|'),
	(3236,'5(N45)'),
	(3237,'4(N19@f)'),
	(3238,'|(BU~a&BU~a).NA_~a|'),
	(3239,'|PA.LU.TA|'),
	(3240,'|AMA.KAK.A|'),
	(3241,'GAR@g~a'),
	(3242,'GAR@g~b'),
	(3243,'GAR@g~c'),
	(3244,'|U4_1(N57)|'),
	(3245,'ZATU788'),
	(3246,'ZATU789'),
	(3247,'|SAL.LAGAB_A__|'),
	(3248,'|PAP.SIG_|'),
	(3249,'ZATU782'),
	(3250,'ZATU783'),
	(3251,'ZATU780'),
	(3252,'ZATU756'),
	(3253,'|URU_URUDU|'),
	(3254,'|DUG~b_MI|'),
	(3255,'ZATU784'),
	(3256,'ZATU785'),
	(3257,'|E_~a.LI_|'),
	(3258,'|TAG.TAG|'),
	(3259,'1(N23)'),
	(3260,'|_E.SUHUR|'),
	(3261,'|_A_.DI_|'),
	(3262,'2(DI_)'),
	(3263,'|GAR.SAG.IL_.EZEN.U_|'),
	(3264,'|_A_.MIN.DI|'),
	(3265,'|SILA_~a_ZATU629|'),
	(3266,'ZATU767'),
	(3267,'ZATU761'),
	(3268,'|ZATU651xMA|'),
	(3269,'|EN.KID|'),
	(3270,'ZATU768'),
	(3271,'|SAL.EN|'),
	(3272,'2(N01@f)'),
	(3273,'GI_GAL'),
	(3274,'|LU_.LU_@180|'),
	(3275,'_ELU'),
	(3276,'|DUG~b_DIN|'),
	(3277,'MAR~a@t'),
	(3278,'KA__'),
	(3279,'|ZATU762~bxAB~a|'),
	(3280,'|MU__.ZA|'),
	(3281,'|PA.LU|'),
	(3282,'|DUG~a_1(N57)|'),
	(3283,'|LU__GAM|'),
	(3284,'RI'),
	(3285,'ZATU844'),
	(3286,'|SUMA_.MA_|'),
	(3287,'2(_ARU)'),
	(3288,'|DU_.KA__|'),
	(3289,'UMUM'),
	(3290,'|UR__X|'),
	(3291,'|NUN~a+NAM_|'),
	(3292,'|EN.ME.MU|'),
	(3293,'1(N49)'),
	(3294,'_ITA@g~a'),
	(3295,'_ITA@g~b'),
	(3296,'|DUG~b_GA~b|'),
	(3297,'5(BAN_)'),
	(3298,'|DAG.KISIM__LU|'),
	(3299,'2(N45@f)'),
	(3300,'1(N16)'),
	(3301,'|GAN_&GAN_|'),
	(3302,'|TUR.DI_|'),
	(3303,'4(N04)'),
	(3304,'GA_'),
	(3305,'2(N42~a)'),
	(3306,'|LAGAB_HA|'),
	(3307,'|NUN._E.LAL|'),
	(3308,'1(N54)'),
	(3309,'|_ITA~b1_HI@g~a|'),
	(3310,'1(N01)'),
	(3311,'GAN'),
	(3312,'GAM'),
	(3313,'GAL'),
	(3314,'|GA.LAGAB|'),
	(3315,'|(HI_1(N57))&(HI+1(N57))|'),
	(3316,'|NI.LU|'),
	(3317,'|GA__(HA.LU.E__)|'),
	(3318,'|(BU~a&BU~a).NA~b|'),
	(3319,'5(N14)'),
	(3320,'2(N34)'),
	(3321,'|MA_.KAK.EN|'),
	(3322,'|UZ__KASKAL|'),
	(3323,'ZATU682'),
	(3324,'|EN._E_|'),
	(3325,'|NU__@90.PI|'),
	(3326,'ZATU693'),
	(3327,'|DAG.KISIM__GI|'),
	(3328,'8(N01@f)'),
	(3329,'|BAD&BAD|'),
	(3330,'|HI.A|'),
	(3331,'|2(N57).SZUBUR|'),
	(3332,'|U4_(1(N14).8(N01))|'),
	(3333,'|URU_(MIN.NI.GA)|'),
	(3334,'|AB.GIR|'),
	(3335,'|NINDA__1(N06)|'),
	(3336,'|LU__KID_|'),
	(3337,'|GI_.GIBIL.GA.ME.E_|'),
	(3338,'|GA__BAD|'),
	(3339,'|IM@IM|'),
	(3340,'|URU_(UL)|'),
	(3341,'|DAG.KISIM__(PAP.PAP)|'),
	(3342,'GABA'),
	(3343,'|SUM~a@t|'),
	(3344,'|KI.SAG.DU|'),
	(3345,'|(GI&GI)__E_|'),
	(3346,'BA'),
	(3347,'5(DI_)'),
	(3348,'BI'),
	(3349,'TIL'),
	(3350,'BU'),
	(3351,'|SAL.SIG_|'),
	(3352,'|GAR._ANABI.SILA_|'),
	(3353,'|GU4.ZATU755~a|'),
	(3354,'|GIR.TAR.DU|'),
	(3355,'|_U.SI.DI|'),
	(3356,'|IGI.GAR|'),
	(3357,'|DUG~b_HI@g~a|'),
	(3358,'|UKKIN~b_NI~a|'),
	(3359,'|ZATU737xE~a|'),
	(3360,'|SAL.TUG_|'),
	(3361,'1(N42~a)'),
	(3362,'|DI.X|'),
	(3363,'|NUN.ME.KA_KAR_|'),
	(3364,'|E_~b.LI_|'),
	(3365,'|USAN_.KAK|'),
	(3366,'|E_.GI.NA.AB.TUM|'),
	(3367,'|LU___U|'),
	(3368,'|IGI.ZI|'),
	(3369,'|A.HA.BU.DU|'),
	(3370,'|GA__MI|'),
	(3371,'|EZEN_BAD|'),
	(3372,'|KASKAL.AH|'),
	(3373,'|TAB.TAB.TAB.TAB.A_|'),
	(3374,'|SAG_GE_TU~b|'),
	(3375,'7(_AR_)'),
	(3376,'|U4.2(N14)|'),
	(3377,'KAB'),
	(3378,'|NINDA__(A_.A_)|'),
	(3379,'|KA_TAR|'),
	(3380,'TAG~a1@t'),
	(3381,'|GA__GI_|'),
	(3382,'|DAG.KISIM__GUD|'),
	(3383,'|URU~a1_NIMGIR|'),
	(3384,'|KU&HAR.KU&HAR|'),
	(3385,'|NINDA__HI|'),
	(3386,'TAK4~a@n'),
	(3387,'UZU'),
	(3388,'|_E._E.KIN|'),
	(3389,'LU_@s'),
	(3390,'|MU_&MU_.A.NA|'),
	(3391,'LU_@t'),
	(3392,'ZATU699~b'),
	(3393,'|UR__AL|'),
	(3394,'|(GI&GI)_X|'),
	(3395,'SI@g'),
	(3396,'|LU_.EN|'),
	(3397,'4(BAN_)'),
	(3398,'A@g'),
	(3399,'|SAL.UD.EDIN|'),
	(3400,'|URU_IM|'),
	(3401,'A@t'),
	(3402,'1(N28~c)'),
	(3403,'|4_(IDIM&IDIM)|'),
	(3404,'LAM~b@s'),
	(3405,'|IGI.DUB|'),
	(3406,'|PAP.SAG|'),
	(3407,'|KWU089.GAL|'),
	(3408,'|TIR&TIR.LAGAB.LAGAB|'),
	(3409,'AB@g'),
	(3410,'|LU_.NE|'),
	(3411,'|GI%GI|'),
	(3412,'|A.ENGUR.DI|'),
	(3413,'|GA.KASKAL|'),
	(3414,'ZATU846'),
	(3415,'|HI_ZATU707~a|'),
	(3416,'|AB~b__A_~a1|'),
	(3417,'9(N08)'),
	(3418,'|EZEN_LI|'),
	(3419,'|_E.BULUG|'),
	(3420,'|A_KAR_|'),
	(3421,'|NUNUZ.AB__A_GAB|'),
	(3422,'|A_.MU__|'),
	(3423,'|LAM_(KUR.RU)|'),
	(3424,'|GA__BUR|'),
	(3425,'|URU_A_GAB|'),
	(3426,'|NI~b_X|'),
	(3427,'|GA__(KID.LAL)|'),
	(3428,'?'),
	(3429,'|LAGAB~a_ZATU753|'),
	(3430,'|LAGAR_(_E.SUM)|'),
	(3431,'|AN._E.NAGA|'),
	(3432,'|PAD.AN.MU_|'),
	(3433,'|GUG__TUR|'),
	(3434,'|GAR.KINGUSILI.SILA_|'),
	(3435,'|NUNUZ.AB__SIG_|'),
	(3436,'|GI_.KUL|'),
	(3437,'2(N57)'),
	(3438,'|TA_HI|'),
	(3439,'6(N20)'),
	(3440,'|A_.ZA.MU__|'),
	(3441,'|NINDA__((UDU~a_TAR)~a)|'),
	(3442,'|BI.MI|'),
	(3443,'|LAGAB_U|'),
	(3444,'|A_.PA|'),
	(3445,'|RA.RA|'),
	(3446,'|_U_.NAGA|'),
	(3447,'|PA.AN|'),
	(3448,'|_A__BAD|'),
	(3449,'DAG_'),
	(3450,'|MUD_~a@g_GU|'),
	(3451,'U_'),
	(3452,'|NINDA__KA_~b|'),
	(3453,'|SAG__ID|'),
	(3454,'5(_AR_)'),
	(3455,'|LAGAB_HAL|'),
	(3456,'|RAD~a@t|'),
	(3457,'UM'),
	(3458,'|PA.HUB_|'),
	(3459,'|UMUM_KASKAL|'),
	(3460,'6(A_~a)'),
	(3461,'|URU_GAL|'),
	(3462,'UD'),
	(3463,'|A_1(N14)|'),
	(3464,'UB'),
	(3465,'|KA_(MI.NUNUZ)|'),
	(3466,'|NINDA__(_E.A.AN)|'),
	(3467,'|MU__.BU|'),
	(3468,'ALAN'),
	(3469,'|GI_.NU__|'),
	(3470,'7(N14)'),
	(3471,'|GA_~a1_X|'),
	(3472,'|DAG.KISIM__SI|'),
	(3473,'ZATU677~b'),
	(3474,'|U.GUR|'),
	(3475,'LIMMU_'),
	(3476,'DIM@g'),
	(3477,'|LU__TUG_|'),
	(3478,'|UD@s.KU_U_|'),
	(3479,'KAL'),
	(3480,'|GA_~a1_GI_@t|'),
	(3481,'|GI_.KI.BI|'),
	(3482,'3(N18)'),
	(3483,'|MI.NA.AB.UL|'),
	(3484,'|SIG_.A_|'),
	(3485,'2(N40)'),
	(3486,'|GA__SAL|'),
	(3487,'|KI.SU.LU.GAR|'),
	(3488,'|GI&GI&GI|'),
	(3489,'|EDIN.LAL.A|'),
	(3490,'8(N14)'),
	(3491,'|IGI.BU|'),
	(3492,'|3(N57).BARA3|'),
	(3493,'|RAB.TUR.TUR|'),
	(3494,'|PI_BI|'),
	(3495,'|BULUG.NAGAR|'),
	(3496,'|MU__A|'),
	(3497,'|KA~a_SAR~a|'),
	(3498,'7(N19@f)'),
	(3499,'|A.HU.SI|'),
	(3500,'|NI.GI_|'),
	(3501,'|SAL.MA|'),
	(3502,'|GAL.AN.ZU|'),
	(3503,'|PA.TE.SI.GAR|'),
	(3504,'3(N61)'),
	(3505,'SUKUD@g~c'),
	(3506,'ZATU675~b'),
	(3507,'|URU~a2_1(N58)|'),
	(3508,'|GA__NE|'),
	(3509,'AB__A'),
	(3510,'|NINDA__U_|'),
	(3511,'|U.GUD|'),
	(3512,'|NINDA__EZEN~b|'),
	(3513,'3(N50)'),
	(3514,'3(N05)'),
	(3515,'DUN_@g'),
	(3516,'1(N22)'),
	(3517,'|AB_SIG_|'),
	(3518,'|GA_~a3_X|'),
	(3519,'|U.GA.HI|'),
	(3520,'|ZIZ_.A.AN|'),
	(3521,'|AMAR.GI_|'),
	(3522,'|AMAR.UD|'),
	(3523,'2(N22)'),
	(3524,'|KA__E|'),
	(3525,'ZATU750'),
	(3526,'ZATU753'),
	(3527,'ZATU752'),
	(3528,'|LAGAB__ITA@t|'),
	(3529,'|DUG~b_TAK4~a|'),
	(3530,'|(_A_HI@g~a)~a|'),
	(3531,'ZATU759'),
	(3532,'ZATU758'),
	(3533,'|GA__(I_.HU.A_)|'),
	(3534,'|GI_.KU|'),
	(3535,'|PI_BU|'),
	(3536,'ZATU628~a'),
	(3537,'|1(N58).BAD~a|'),
	(3538,'|EZEN_(A.LAL)|'),
	(3539,'ZATU628~b'),
	(3540,'|U._A|'),
	(3541,'5(U)0'),
	(3542,'|A.BU.HA.DU|'),
	(3543,'|KA_(AD.KU_)|'),
	(3544,'ZATU681'),
	(3545,'DAG'),
	(3546,'ZATU687'),
	(3547,'|GA~c_KASKAL|'),
	(3548,'ZATU684'),
	(3549,'|ZI&ZI.E__|'),
	(3550,'DAM'),
	(3551,'ZATU689'),
	(3552,'|NI.UD.EN|'),
	(3553,'|GA__(_E.TUR)|'),
	(3554,'|DUG~b_NAGA~a|'),
	(3555,'|URU~a1_X|'),
	(3556,'2(N39~a)'),
	(3557,'3(GE_U)'),
	(3558,'DAR'),
	(3559,'9(U)'),
	(3560,'LAK251'),
	(3561,'|GUD_(A.KUR)|'),
	(3562,'1(N31)'),
	(3563,'1(N39~b)'),
	(3564,'1(N48)'),
	(3565,'|A.TU.NIR|'),
	(3566,'|ZATU737xU4|'),
	(3567,'|ERIN_.X_|'),
	(3568,'U'),
	(3569,'1(N17)'),
	(3570,'|UR__NUN|'),
	(3571,'1(N34@f)'),
	(3572,'4(N05)'),
	(3573,'N'),
	(3574,'|LAL_.NI|'),
	(3575,'|U_.SAG|'),
	(3576,'3(N42~a)'),
	(3577,'|PI_A|'),
	(3578,'|KI.KU.SAG|'),
	(3579,'ZATU675~d'),
	(3580,'|NINDA__DIM@g|'),
	(3581,'|GA.KAD_|'),
	(3582,'ZATU675~a'),
	(3583,'2(N42~b)'),
	(3584,'1(N55)'),
	(3585,'|E_.A|'),
	(3586,'|DIM~a_X|'),
	(3587,'|NINDA__(AN.HI)|'),
	(3588,'|KU.KU.KU|'),
	(3589,'|UKKIN~b_HI@g~a|'),
	(3590,'|SU.A|');

/*!40000 ALTER TABLE `description` ENABLE KEYS */;
UNLOCK TABLES;


# Dump of table dynasty
# ------------------------------------------------------------

DROP TABLE IF EXISTS `dynasty`;

CREATE TABLE `dynasty` (
  `id` int(11) NOT NULL AUTO_INCREMENT,
  `name` varchar(100) NOT NULL,
  PRIMARY KEY (`id`),
  UNIQUE KEY `name` (`name`)
) ENGINE=InnoDB DEFAULT CHARSET=utf8;

LOCK TABLES `dynasty` WRITE;
/*!40000 ALTER TABLE `dynasty` DISABLE KEYS */;

INSERT INTO `dynasty` (`id`, `name`)
VALUES
	(7,'Achaemenid'),
	(14,'Akkad'),
	(26,'B.20'),
	(11,'Bazi'),
	(20,'Diyala region'),
	(12,'Elamite'),
	(24,'First Dynasty of Babylon'),
	(15,'Gutium'),
	(18,'Isin'),
	(4,'Kassite'),
	(16,'Lagash II'),
	(23,'Larsa'),
	(21,'Lullubum'),
	(8,'Macedonian'),
	(19,'Manana'),
	(6,'Neo-Babylonian'),
	(9,'Second Dynasty of Isin'),
	(10,'Second Dynasty of the Sealand'),
	(5,'Seleucid'),
	(22,'Simurrum'),
	(25,'Suhu'),
	(13,'undetermined or mixed'),
	(17,'Ur III');

/*!40000 ALTER TABLE `dynasty` ENABLE KEYS */;
UNLOCK TABLES;


# Dump of table eponym
# ------------------------------------------------------------

DROP TABLE IF EXISTS `eponym`;

CREATE TABLE `eponym` (
  `id` int(11) NOT NULL AUTO_INCREMENT,
  `name` varchar(50) NOT NULL,
  PRIMARY KEY (`id`),
  UNIQUE KEY `uq_name` (`name`),
  KEY `idx_name` (`name`)
) ENGINE=InnoDB DEFAULT CHARSET=utf8;

LOCK TABLES `eponym` WRITE;
/*!40000 ALTER TABLE `eponym` DISABLE KEYS */;

INSERT INTO `eponym` (`id`, `name`)
VALUES
	(49,'...inanni'),
	(240,'Abi-...'),
	(201,'Abi-ina-ekalli-lilbur'),
	(56,'Abi-ramu'),
	(139,'Abu-ilayu'),
	(132,'Adad-ahu-iddin'),
	(156,'Adad-belu-ka\'\'in'),
	(220,'Adad-dan'),
	(224,'Adad-mushammer'),
	(70,'Adad-nerari (II)'),
	(71,'Adad-nerari (III)'),
	(92,'Adad-remanni'),
	(135,'Adad-uballit'),
	(241,'Ahu-ilaya'),
	(69,'Amyanu'),
	(190,'Ana-beli-taklak'),
	(67,'Aplaya'),
	(189,'Arba\'ilayu'),
	(167,'Ashur-balti-ekurri'),
	(127,'Ashur-bani'),
	(185,'Ashur-belu-ka\'\'in'),
	(179,'Ashur-belu-usur'),
	(194,'Ashur-bunaya '),
	(134,'Ashur-bunaya-usur'),
	(251,'Ashur-da\'\'inanni'),
	(72,'Ashur-dan (III)'),
	(143,'Ashur-deni-amur'),
	(206,'Ashur-duru-usur'),
	(73,'Ashur-iddin'),
	(128,'Ashur-ilaya'),
	(130,'Ashur-ishmanni'),
	(221,'Ashur-la-kenu-ubasha'),
	(95,'Ashur-le\'i'),
	(249,'Ashur-nasir'),
	(217,'Ashur-natkil'),
	(195,'Ashur-nerari (V)'),
	(213,'Ashur-nirka-da\'\'in'),
	(146,'Ashur-shallimanni'),
	(250,'Ashur-shezibanni'),
	(75,'Ashur-taklak'),
	(166,'Ashur/Nergal-ilaya'),
	(247,'Ashura-da\'\'inanni'),
	(171,'Ashurnasirpal (II)'),
	(50,'Atar-ilu'),
	(233,'Banba'),
	(104,'Barmu'),
	(116,'Bel-bunaya'),
	(216,'Bel-dan'),
	(60,'Bel-emuranni'),
	(136,'Bel-Harran-belu-usur'),
	(129,'Bel-Harran-shadua'),
	(260,'Bel-ilaya'),
	(93,'Bel-iqishanni'),
	(200,'Bel-lesher'),
	(85,'Bel-lu-balat'),
	(198,'Bel-lu-dari'),
	(101,'Bel-mudammiq'),
	(80,'Bel-na\'id'),
	(222,'Bel-qate-sabat'),
	(113,'Bel-shadua'),
	(124,'Bel-sharrani'),
	(264,'Bel-tarsi-iluma'),
	(87,'Belshuun'),
	(107,'Bur-Ramman'),
	(202,'Bur-Saggile'),
	(68,'Dagan-belu-nasir'),
	(82,'Dananu'),
	(94,'Dayan-Ashur'),
	(162,'Dayan-Ninurta'),
	(59,'Dur-Ashur'),
	(98,'Dur-mati-Ashur'),
	(66,'Gabbaru'),
	(181,'Gihilu'),
	(257,'Girsapunu'),
	(253,'Hadi-lipushu'),
	(74,'Hananu'),
	(155,'Hubayu'),
	(96,'Iddin-ahhe'),
	(187,'Illeqayu'),
	(172,'Ilu-issiya'),
	(232,'Ilu-milku'),
	(152,'Ilu-mukin-ahi'),
	(163,'Iluma-le\'i'),
	(169,'Ina-iliya-allak'),
	(137,'Iqisu'),
	(106,'Ishshiak-Ashur-lilbur'),
	(170,'Ishtar-duri'),
	(133,'Ishtar-emuqaya'),
	(111,'Issi-Adad-anenu'),
	(256,'Kanunayu'),
	(176,'La-qipu'),
	(51,'Labasi'),
	(141,'Likberu'),
	(154,'Liphur-ilu'),
	(234,'Mahde'),
	(245,'Mannu-dan-ana-ili'),
	(157,'Mannu-ki-Adad'),
	(58,'Mannu-ki-Ashur'),
	(230,'Mannu-ki-Ashur-le\'i'),
	(255,'Mannu-ki-sharri'),
	(259,'Manzerne'),
	(186,'Marduk-belu-usur'),
	(188,'Marduk-ishmanni'),
	(252,'Marduk-remanni'),
	(248,'Marduk-shaduni'),
	(246,'Marduk-shallimanni'),
	(180,'Marduk-sharru-usur'),
	(265,'Marlarim'),
	(108,'Metunu'),
	(225,'Milki-ramu'),
	(214,'Miqti-adur'),
	(115,'Mukin-abua'),
	(243,'Murshallim-Ninurta'),
	(64,'Mushallim-Ninurta'),
	(159,'Musheknish'),
	(53,'Mutakkil-Ashur'),
	(76,'Mutakkil-Marduk'),
	(91,'Na\'id-ilu'),
	(219,'Nabu-ahhe-eresh'),
	(262,'Nabu-ahhe-iddin'),
	(109,'Nabu-belu-usur'),
	(197,'Nabu-da\'\'inanni'),
	(235,'Nabu-danninanni'),
	(164,'Nabu-deni-epush'),
	(258,'Nabu-duru-usur'),
	(211,'Nabu-eteranni'),
	(61,'Nabu-ishdeya-ka\'\'in'),
	(126,'Nabu-kenu-usur'),
	(102,'Nabu-le\'i'),
	(158,'Nabu-mukin-ahi'),
	(191,'Nabu-nadin-ahi'),
	(88,'Nabu-shar-ahheshu'),
	(212,'Nabu-sharru-usur'),
	(65,'Nabu-taris'),
	(121,'Nashur-bel'),
	(183,'Nergal-alik-pani'),
	(150,'Nergal-apil-kumua'),
	(161,'Nergal-eresh'),
	(228,'Nergal-ilaya'),
	(168,'Nergal-mudammiq'),
	(177,'Nergal-nasir'),
	(218,'Nergal-nirka-da\'\'in'),
	(54,'Nergal-sharru-usur'),
	(175,'Nergal-uballit'),
	(174,'Nergal-zar...me'),
	(204,'Ninuayu'),
	(244,'Ninurta-alik-pani'),
	(215,'Ninurta-ashared'),
	(254,'Ninurta-belu-usur'),
	(231,'Ninurta-eteranni'),
	(114,'Ninurta-iddin'),
	(57,'Ninurta-ilaya'),
	(90,'Ninurta-kibsi-usur'),
	(84,'Ninurta-mukin-ahi'),
	(145,'Ninurta-mukin-nishi'),
	(238,'Ninurta-nadin-shumi'),
	(203,'Ninurta-nasir'),
	(210,'Ninurta-piya-usur'),
	(196,'Ninurta-shezibanni'),
	(173,'Ninurta-ubla'),
	(112,'Nuhshaya'),
	(142,'Pan-Ashur-lamur'),
	(153,'Qurdi-Ashur'),
	(100,'Q[urdi-ili]ma'),
	(236,'Sagabbu'),
	(122,'Sargon (II)'),
	(193,'Sennacherib'),
	(205,'Sha-Ashur-dubbu'),
	(81,'Sha-ilima-damqa'),
	(209,'Sha-Nabu-shu'),
	(48,'Shalmaneser (III)'),
	(192,'Shalmaneser (IV)'),
	(182,'Shalmaneser (V)'),
	(120,'Shamash-abua'),
	(184,'Shamash-belu-usur'),
	(140,'Shamash-ilaya'),
	(165,'Shamash-kashid-ayabi'),
	(125,'Shamash-kenu-dugul'),
	(77,'Shamash-kumua'),
	(99,'Shamash-nuri'),
	(52,'Shamash-upahhir'),
	(239,'Shamshi-Adad (V)'),
	(208,'Shamshi-ilu'),
	(149,'Sharru-balti-nishi'),
	(229,'Sharru-emuranni'),
	(63,'Sharru-hattu-ipel'),
	(105,'Sharru-huri'),
	(97,'Sharru-lu-dari'),
	(147,'She\'i-Ashur'),
	(242,'Shep-Ishtar'),
	(55,'Shep-Shamash'),
	(86,'Shep-sharri'),
	(207,'Shulmu-beli'),
	(144,'Shulmu-beli-lamur'),
	(89,'Shulmu-beli-lashme'),
	(237,'Shulmu-sharri'),
	(118,'Sidqi-ilu'),
	(62,'Sil-beli'),
	(138,'Sil-Ishtar'),
	(227,'Silim-Ashur'),
	(103,'Sin-shallimanni'),
	(160,'Sin-taklak'),
	(110,'Tab-belu'),
	(131,'Tab-eter-Ashur'),
	(178,'Tab-Ninurta'),
	(226,'Tab-shar-Ashur'),
	(199,'Tab-shar-Sin'),
	(117,'Tab-sil-Esharra'),
	(223,'Taklak-ana-beli'),
	(123,'Taklak-ana-beliya'),
	(148,'Taklak-ana-sharri'),
	(78,'Tiglath-pileser (III)'),
	(261,'Tukulti-ninurta (II)'),
	(151,'Ululayu'),
	(263,'Yahalu'),
	(79,'Yari'),
	(119,'Zazaya'),
	(83,'Zeru-ibni');

/*!40000 ALTER TABLE `eponym` ENABLE KEYS */;
UNLOCK TABLES;


# Dump of table function
# ------------------------------------------------------------

DROP TABLE IF EXISTS `function`;

CREATE TABLE `function` (
  `id` int(11) NOT NULL AUTO_INCREMENT,
  `name` varchar(50) NOT NULL,
  PRIMARY KEY (`id`),
  UNIQUE KEY `uq_name` (`name`),
  KEY `idx_name` (`name`)
) ENGINE=InnoDB DEFAULT CHARSET=utf8;

LOCK TABLES `function` WRITE;
/*!40000 ALTER TABLE `function` DISABLE KEYS */;

INSERT INTO `function` (`id`, `name`)
VALUES
	(2,'determinative'),
	(4,'gloss'),
	(3,'logogram'),
	(1,'syllable');

/*!40000 ALTER TABLE `function` ENABLE KEYS */;
UNLOCK TABLES;


# Dump of table genre
# ------------------------------------------------------------

DROP TABLE IF EXISTS `genre`;

CREATE TABLE `genre` (
  `id` int(11) NOT NULL AUTO_INCREMENT,
  `name` varchar(100) NOT NULL,
  PRIMARY KEY (`id`),
  UNIQUE KEY `uq_name` (`name`),
  KEY `idx_name` (`name`)
) ENGINE=InnoDB DEFAULT CHARSET=utf8;

LOCK TABLES `genre` WRITE;
/*!40000 ALTER TABLE `genre` DISABLE KEYS */;

INSERT INTO `genre` (`id`, `name`)
VALUES
	(1,'Daily life (administrative)'),
	(7,'Daily life (legal)'),
	(2,'Daily life (letter)'),
	(6,'Library'),
	(3,'Monumental (royal or votive inscription)'),
	(5,'School'),
	(4,'Seal');

/*!40000 ALTER TABLE `genre` ENABLE KEYS */;
UNLOCK TABLES;


# Dump of table instance
# ------------------------------------------------------------

DROP TABLE IF EXISTS `instance`;

CREATE TABLE `instance` (
  `id` int(11) NOT NULL AUTO_INCREMENT,
  `sign_id` int(11) NOT NULL,
  `surface_id` int(11) DEFAULT NULL,
  `column_id` int(11) DEFAULT NULL,
  `line_id` int(11) DEFAULT NULL,
  `function_id` int(11) DEFAULT NULL,
  `iteration_id` int(11) DEFAULT NULL,
  `tablet_id` int(11) NOT NULL,
  `notes` varchar(250) DEFAULT NULL,
  `filename` varchar(50) NOT NULL,
  PRIMARY KEY (`id`),
  UNIQUE KEY `filename` (`filename`),
  KEY `sign_id` (`sign_id`),
  KEY `surface_id` (`surface_id`),
  KEY `column_id` (`column_id`),
  KEY `line_id` (`line_id`),
  KEY `function_id` (`function_id`),
  KEY `iteration_id` (`iteration_id`),
  KEY `tablet_id` (`tablet_id`),
  CONSTRAINT `instance_ibfk_1` FOREIGN KEY (`sign_id`) REFERENCES `sign` (`id`),
  CONSTRAINT `instance_ibfk_2` FOREIGN KEY (`surface_id`) REFERENCES `surface` (`id`),
  CONSTRAINT `instance_ibfk_3` FOREIGN KEY (`column_id`) REFERENCES `column` (`id`),
  CONSTRAINT `instance_ibfk_4` FOREIGN KEY (`line_id`) REFERENCES `line` (`id`),
  CONSTRAINT `instance_ibfk_5` FOREIGN KEY (`function_id`) REFERENCES `function` (`id`),
  CONSTRAINT `instance_ibfk_6` FOREIGN KEY (`iteration_id`) REFERENCES `iteration` (`id`),
  CONSTRAINT `instance_ibfk_7` FOREIGN KEY (`tablet_id`) REFERENCES `tablet` (`id`)
) ENGINE=InnoDB DEFAULT CHARSET=utf8;



# Dump of table instance_language
# ------------------------------------------------------------

DROP TABLE IF EXISTS `instance_language`;

CREATE TABLE `instance_language` (
  `instance_id` int(11) NOT NULL,
  `language_id` int(11) NOT NULL,
  PRIMARY KEY (`instance_id`,`language_id`),
  KEY `language_id` (`language_id`),
  CONSTRAINT `instance_language_ibfk_1` FOREIGN KEY (`instance_id`) REFERENCES `instance` (`id`),
  CONSTRAINT `instance_language_ibfk_2` FOREIGN KEY (`language_id`) REFERENCES `language` (`id`)
) ENGINE=InnoDB DEFAULT CHARSET=utf8;



# Dump of table iteration
# ------------------------------------------------------------

DROP TABLE IF EXISTS `iteration`;

CREATE TABLE `iteration` (
  `id` int(11) NOT NULL AUTO_INCREMENT,
  `number` varchar(5) NOT NULL,
  PRIMARY KEY (`id`),
  KEY `ix_iteration_number` (`number`)
) ENGINE=InnoDB DEFAULT CHARSET=utf8;

LOCK TABLES `iteration` WRITE;
/*!40000 ALTER TABLE `iteration` DISABLE KEYS */;

INSERT INTO `iteration` (`id`, `number`)
VALUES
	(1,'1'),
	(10,'10'),
	(11,'11'),
	(12,'12'),
	(13,'13'),
	(14,'14'),
	(15,'15'),
	(2,'2'),
	(3,'3'),
	(4,'4'),
	(5,'5'),
	(6,'6'),
	(7,'7'),
	(8,'8'),
	(9,'9');

/*!40000 ALTER TABLE `iteration` ENABLE KEYS */;
UNLOCK TABLES;


# Dump of table language
# ------------------------------------------------------------

DROP TABLE IF EXISTS `language`;

CREATE TABLE `language` (
  `id` int(11) NOT NULL AUTO_INCREMENT,
  `name` varchar(100) NOT NULL,
  PRIMARY KEY (`id`),
  UNIQUE KEY `uq_name` (`name`),
  KEY `idx_name` (`name`)
) ENGINE=InnoDB DEFAULT CHARSET=utf8;

LOCK TABLES `language` WRITE;
/*!40000 ALTER TABLE `language` DISABLE KEYS */;

INSERT INTO `language` (`id`, `name`)
VALUES
	(1,'Akkadian'),
	(5,'Elamite'),
	(3,'Hittite'),
	(4,'Hurrian'),
	(2,'Sumerian');

/*!40000 ALTER TABLE `language` ENABLE KEYS */;
UNLOCK TABLES;


# Dump of table line
# ------------------------------------------------------------

DROP TABLE IF EXISTS `line`;

CREATE TABLE `line` (
  `id` int(11) NOT NULL AUTO_INCREMENT,
  `number` varchar(5) NOT NULL,
  PRIMARY KEY (`id`),
  KEY `ix_line_number` (`number`)
) ENGINE=InnoDB DEFAULT CHARSET=utf8;

LOCK TABLES `line` WRITE;
/*!40000 ALTER TABLE `line` DISABLE KEYS */;

INSERT INTO `line` (`id`, `number`)
VALUES
	(1,'1'),
	(151,'1\''),
	(10,'10'),
	(160,'10\''),
	(100,'100'),
	(250,'100\''),
	(101,'101'),
	(251,'101\''),
	(102,'102'),
	(252,'102\''),
	(103,'103'),
	(253,'103\''),
	(104,'104'),
	(254,'104\''),
	(105,'105'),
	(255,'105\''),
	(106,'106'),
	(256,'106\''),
	(107,'107'),
	(257,'107\''),
	(108,'108'),
	(258,'108\''),
	(109,'109'),
	(259,'109\''),
	(11,'11'),
	(161,'11\''),
	(110,'110'),
	(260,'110\''),
	(111,'111'),
	(261,'111\''),
	(112,'112'),
	(262,'112\''),
	(113,'113'),
	(263,'113\''),
	(114,'114'),
	(264,'114\''),
	(115,'115'),
	(265,'115\''),
	(116,'116'),
	(266,'116\''),
	(117,'117'),
	(267,'117\''),
	(118,'118'),
	(268,'118\''),
	(119,'119'),
	(269,'119\''),
	(12,'12'),
	(162,'12\''),
	(120,'120'),
	(270,'120\''),
	(121,'121'),
	(271,'121\''),
	(122,'122'),
	(272,'122\''),
	(123,'123'),
	(273,'123\''),
	(124,'124'),
	(274,'124\''),
	(125,'125'),
	(275,'125\''),
	(126,'126'),
	(276,'126\''),
	(127,'127'),
	(277,'127\''),
	(128,'128'),
	(278,'128\''),
	(129,'129'),
	(279,'129\''),
	(13,'13'),
	(163,'13\''),
	(130,'130'),
	(280,'130\''),
	(131,'131'),
	(281,'131\''),
	(132,'132'),
	(282,'132\''),
	(133,'133'),
	(283,'133\''),
	(134,'134'),
	(284,'134\''),
	(135,'135'),
	(285,'135\''),
	(136,'136'),
	(286,'136\''),
	(137,'137'),
	(287,'137\''),
	(138,'138'),
	(288,'138\''),
	(139,'139'),
	(289,'139\''),
	(14,'14'),
	(164,'14\''),
	(140,'140'),
	(290,'140\''),
	(141,'141'),
	(291,'141\''),
	(142,'142'),
	(292,'142\''),
	(143,'143'),
	(293,'143\''),
	(144,'144'),
	(294,'144\''),
	(145,'145'),
	(295,'145\''),
	(146,'146'),
	(296,'146\''),
	(147,'147'),
	(297,'147\''),
	(148,'148'),
	(298,'148\''),
	(149,'149'),
	(299,'149\''),
	(15,'15'),
	(165,'15\''),
	(150,'150'),
	(300,'150\''),
	(16,'16'),
	(166,'16\''),
	(17,'17'),
	(167,'17\''),
	(18,'18'),
	(168,'18\''),
	(19,'19'),
	(169,'19\''),
	(2,'2'),
	(152,'2\''),
	(20,'20'),
	(170,'20\''),
	(21,'21'),
	(171,'21\''),
	(22,'22'),
	(172,'22\''),
	(23,'23'),
	(173,'23\''),
	(24,'24'),
	(174,'24\''),
	(25,'25'),
	(175,'25\''),
	(26,'26'),
	(176,'26\''),
	(27,'27'),
	(177,'27\''),
	(28,'28'),
	(178,'28\''),
	(29,'29'),
	(179,'29\''),
	(3,'3'),
	(153,'3\''),
	(30,'30'),
	(180,'30\''),
	(31,'31'),
	(181,'31\''),
	(32,'32'),
	(182,'32\''),
	(33,'33'),
	(183,'33\''),
	(34,'34'),
	(184,'34\''),
	(35,'35'),
	(185,'35\''),
	(36,'36'),
	(186,'36\''),
	(37,'37'),
	(187,'37\''),
	(38,'38'),
	(188,'38\''),
	(39,'39'),
	(189,'39\''),
	(4,'4'),
	(154,'4\''),
	(40,'40'),
	(190,'40\''),
	(41,'41'),
	(191,'41\''),
	(42,'42'),
	(192,'42\''),
	(43,'43'),
	(193,'43\''),
	(44,'44'),
	(194,'44\''),
	(45,'45'),
	(195,'45\''),
	(46,'46'),
	(196,'46\''),
	(47,'47'),
	(197,'47\''),
	(48,'48'),
	(198,'48\''),
	(49,'49'),
	(199,'49\''),
	(5,'5'),
	(155,'5\''),
	(50,'50'),
	(200,'50\''),
	(51,'51'),
	(201,'51\''),
	(52,'52'),
	(202,'52\''),
	(53,'53'),
	(203,'53\''),
	(54,'54'),
	(204,'54\''),
	(55,'55'),
	(205,'55\''),
	(56,'56'),
	(206,'56\''),
	(57,'57'),
	(207,'57\''),
	(58,'58'),
	(208,'58\''),
	(59,'59'),
	(209,'59\''),
	(6,'6'),
	(156,'6\''),
	(60,'60'),
	(210,'60\''),
	(61,'61'),
	(211,'61\''),
	(62,'62'),
	(212,'62\''),
	(63,'63'),
	(213,'63\''),
	(64,'64'),
	(214,'64\''),
	(65,'65'),
	(215,'65\''),
	(66,'66'),
	(216,'66\''),
	(67,'67'),
	(217,'67\''),
	(68,'68'),
	(218,'68\''),
	(69,'69'),
	(219,'69\''),
	(7,'7'),
	(157,'7\''),
	(70,'70'),
	(220,'70\''),
	(71,'71'),
	(221,'71\''),
	(72,'72'),
	(222,'72\''),
	(73,'73'),
	(223,'73\''),
	(74,'74'),
	(224,'74\''),
	(75,'75'),
	(225,'75\''),
	(76,'76'),
	(226,'76\''),
	(77,'77'),
	(227,'77\''),
	(78,'78'),
	(228,'78\''),
	(79,'79'),
	(229,'79\''),
	(8,'8'),
	(158,'8\''),
	(80,'80'),
	(230,'80\''),
	(81,'81'),
	(231,'81\''),
	(82,'82'),
	(232,'82\''),
	(83,'83'),
	(233,'83\''),
	(84,'84'),
	(234,'84\''),
	(85,'85'),
	(235,'85\''),
	(86,'86'),
	(236,'86\''),
	(87,'87'),
	(237,'87\''),
	(88,'88'),
	(238,'88\''),
	(89,'89'),
	(239,'89\''),
	(9,'9'),
	(159,'9\''),
	(90,'90'),
	(240,'90\''),
	(91,'91'),
	(241,'91\''),
	(92,'92'),
	(242,'92\''),
	(93,'93'),
	(243,'93\''),
	(94,'94'),
	(244,'94\''),
	(95,'95'),
	(245,'95\''),
	(96,'96'),
	(246,'96\''),
	(97,'97'),
	(247,'97\''),
	(98,'98'),
	(248,'98\''),
	(99,'99'),
	(249,'99\'');

/*!40000 ALTER TABLE `line` ENABLE KEYS */;
UNLOCK TABLES;


# Dump of table locality
# ------------------------------------------------------------

DROP TABLE IF EXISTS `locality`;

CREATE TABLE `locality` (
  `id` int(11) NOT NULL AUTO_INCREMENT,
  `area` varchar(100) NOT NULL,
  PRIMARY KEY (`id`),
  UNIQUE KEY `uq_area` (`area`),
  KEY `idx_area` (`area`)
) ENGINE=InnoDB DEFAULT CHARSET=utf8;

LOCK TABLES `locality` WRITE;
/*!40000 ALTER TABLE `locality` DISABLE KEYS */;

INSERT INTO `locality` (`id`, `area`)
VALUES
	(1,'Anatolia'),
	(7,'Egypt'),
	(5,'Iran'),
	(2,'north Mesopotamia'),
	(3,'south Mesopotamia'),
	(4,'Syria');

/*!40000 ALTER TABLE `locality` ENABLE KEYS */;
UNLOCK TABLES;


# Dump of table medium
# ------------------------------------------------------------

DROP TABLE IF EXISTS `medium`;

CREATE TABLE `medium` (
  `id` int(11) NOT NULL AUTO_INCREMENT,
  `name` varchar(50) NOT NULL,
  PRIMARY KEY (`id`),
  UNIQUE KEY `uq_name` (`name`),
  KEY `idx_name` (`name`)
) ENGINE=InnoDB DEFAULT CHARSET=utf8;

LOCK TABLES `medium` WRITE;
/*!40000 ALTER TABLE `medium` DISABLE KEYS */;

INSERT INTO `medium` (`id`, `name`)
VALUES
	(2,'clay'),
	(4,'metal'),
	(3,'stone'),
	(5,'wax');

/*!40000 ALTER TABLE `medium` ENABLE KEYS */;
UNLOCK TABLES;


# Dump of table method
# ------------------------------------------------------------

DROP TABLE IF EXISTS `method`;

CREATE TABLE `method` (
  `id` int(11) NOT NULL AUTO_INCREMENT,
  `name` varchar(50) NOT NULL,
  PRIMARY KEY (`id`),
  UNIQUE KEY `uq_name` (`name`),
  KEY `idx_name` (`name`)
) ENGINE=InnoDB DEFAULT CHARSET=utf8;

LOCK TABLES `method` WRITE;
/*!40000 ALTER TABLE `method` DISABLE KEYS */;

INSERT INTO `method` (`id`, `name`)
VALUES
	(3,'engraved'),
	(2,'impressed'),
	(4,'inked'),
	(1,'inscribed'),
	(5,'painted');

/*!40000 ALTER TABLE `method` ENABLE KEYS */;
UNLOCK TABLES;


# Dump of table non_ruler_corresp
# ------------------------------------------------------------

DROP TABLE IF EXISTS `non_ruler_corresp`;

CREATE TABLE `non_ruler_corresp` (
  `id` int(11) NOT NULL AUTO_INCREMENT,
  `name` varchar(100) NOT NULL,
  PRIMARY KEY (`id`),
  UNIQUE KEY `uq_name` (`name`),
  KEY `idx_name` (`name`)
) ENGINE=InnoDB DEFAULT CHARSET=utf8;

LOCK TABLES `non_ruler_corresp` WRITE;
/*!40000 ALTER TABLE `non_ruler_corresp` DISABLE KEYS */;

INSERT INTO `non_ruler_corresp` (`id`, `name`)
VALUES
	(8,'Awil-Sin'),
	(4,'awilum'),
	(2,'Guy'),
	(3,'Ilshu-ibni'),
	(6,'Iluni'),
	(9,'Marduk-mushallim'),
	(7,'Nabium-nasir'),
	(5,'Sin-iddinam');

/*!40000 ALTER TABLE `non_ruler_corresp` ENABLE KEYS */;
UNLOCK TABLES;


# Dump of table oracc
# ------------------------------------------------------------

DROP TABLE IF EXISTS `oracc`;

CREATE TABLE `oracc` (
  `id` int(11) NOT NULL AUTO_INCREMENT,
  `sign_ref` varchar(150) NOT NULL,
  PRIMARY KEY (`id`)
) ENGINE=InnoDB DEFAULT CHARSET=utf8;

LOCK TABLES `oracc` WRITE;
/*!40000 ALTER TABLE `oracc` DISABLE KEYS */;

INSERT INTO `oracc` (`id`, `sign_ref`)
VALUES
	(1,''),
	(2,'|URU_UD|'),
	(3,'|NINDA__(_E.A)|'),
	(4,'|KA_E__|'),
	(5,'|UD_(U.U.U).DU|'),
	(6,'|DUG.BUR|'),
	(7,'|SIK_.LAM|'),
	(8,'|AB__GAN_@t|'),
	(9,'|SI_KID_|'),
	(10,'2(GE__)'),
	(11,'|UD_BAD|'),
	(12,'|_U.DI_|'),
	(13,'|GA__(GI_.A)|'),
	(14,'|UR__(U_.A_)|'),
	(15,'|GIR_.ZA@t|'),
	(16,'|KI.KU.LU_|'),
	(17,'9(DI_~c)'),
	(18,'GU'),
	(19,'|3_AN|'),
	(20,'LAGAR@g'),
	(21,'LIMMU~a'),
	(22,'|KA_.AN|'),
	(23,'LIMMU~b'),
	(24,'|LAGAB_GUD|'),
	(25,'|GA__KAK|'),
	(26,'GA@g'),
	(27,'GI'),
	(28,'|KA_LUM|'),
	(29,'|KI.KAL_BAD|'),
	(30,'MAR'),
	(31,'|AN.A_.A.AN|'),
	(32,'TI@t'),
	(33,'MA_'),
	(34,'KAD_'),
	(35,'|GA__X|'),
	(36,'|_U.GIR_@g|'),
	(37,'|LAGAB_EN|'),
	(38,'|GA__GI|'),
	(39,'|LAGAB_(_ITA@t.GI_)|'),
	(40,'|KA._U|'),
	(41,'|LAGAB_BAD|'),
	(42,'NISAG'),
	(43,'|ZA.DUN_@g|'),
	(44,'|GI_.PI.TUG_|'),
	(45,'_AB_'),
	(46,'|BI.DIN|'),
	(47,'|_E&_E.GAR&GAR|'),
	(48,'|LUL.BALAG|'),
	(49,'|KA__E|'),
	(50,'|4_IM|'),
	(51,'|GA__(BAR.RA)|'),
	(52,'|U.UR@s|'),
	(53,'|_U.EREN.ME|'),
	(54,'|GU__NUN|'),
	(55,'|SAG_HA|'),
	(56,'ZI'),
	(57,'|ME.NUN.TAG|'),
	(58,'|NAM.LUGAL|'),
	(59,'ZA'),
	(60,'GAR_'),
	(61,'|LAGAB_LUL|'),
	(62,'ZU'),
	(63,'|KI.NE|'),
	(64,'|A_HA|'),
	(65,'|_A_.A|'),
	(66,'|U.DIM__E|'),
	(67,'|AB_IGI@g|'),
	(68,'|NE.SI.A|'),
	(69,'|MA_.EN.KAK|'),
	(70,'A_@z'),
	(71,'|GA__AN.AN.MU__|'),
	(72,'|NUNUZ.AB__DUG|'),
	(73,'|BI.A__.A.AN|'),
	(74,'A_@k'),
	(75,'|UD.UD|'),
	(76,'|LAGAB_KI|'),
	(77,'|TUR.U_|'),
	(78,'|BARA_.PAP._E.PAP|'),
	(79,'TUG_'),
	(80,'|KA_A__|'),
	(81,'5(A_)'),
	(82,'4(U)'),
	(83,'|MU__.ZA.AB@g|'),
	(84,'|GAL.ZADIM|'),
	(85,'|U.EDIN|'),
	(86,'|KA.DI|'),
	(87,'TAB'),
	(88,'|GUD.AN.NA|'),
	(89,'|U.AD|'),
	(90,'|UD.AB@g|'),
	(91,'|GA__DUB|'),
	(92,'|LUGAL.HI_BAD|'),
	(93,'|ZI&ZI.A|'),
	(94,'|MU_%MU__MA_|'),
	(95,'|NAGAR.ZA@t|'),
	(96,'|LU_.GAM|'),
	(97,'SANGA_'),
	(98,'9(_AR_)'),
	(99,'KU_U_'),
	(100,'|URU_SIG_|'),
	(101,'|LU__NU|'),
	(102,'ELLES316'),
	(103,'|SAG_LUM|'),
	(104,'|LAL_.A|'),
	(105,'|NI.UD|'),
	(106,'LA'),
	(107,'|KI.BI.NI|'),
	(108,'|HI_BAD|'),
	(109,'|PA.HUB_.DU|'),
	(110,'LU'),
	(111,'MA@g'),
	(112,'|LU__KAD_|'),
	(113,'|TE.AB|'),
	(114,'|LAGAB_HAL.A|'),
	(115,'|UB.ME|'),
	(116,'A'),
	(117,'|ZA.AN.MU__@g|'),
	(118,'|UD.GI_%GI_.NUN|'),
	(119,'|A._U.NAGA|'),
	(120,'|_U.BAD|'),
	(121,'|LAGAB_TAG|'),
	(122,'|MU.U_.TUG_.PI|'),
	(123,'|SI.GUD_A_|'),
	(124,'|URU_(U.GUD)|'),
	(125,'|ARAD.RA|'),
	(126,'|PA.SUD.EL|'),
	(127,'|KI.MIN|'),
	(128,'2(BAN_)'),
	(129,'LAK20'),
	(130,'|GA__DI|'),
	(131,'|TAB.A_|'),
	(132,'|GAR._U.DUGUD|'),
	(133,'|GI_.GAR.UMBIN|'),
	(134,'|SIK_.MU.BU|'),
	(135,'|_U.KAL|'),
	(136,'DUN_@g@g'),
	(137,'|LAGAB_SUM|'),
	(138,'GA'),
	(139,'|SAL.UR|'),
	(140,'|KA_GAN_@t._A|'),
	(141,'5(GE_U)'),
	(142,'6(U)'),
	(143,'GE_TIN'),
	(144,'NE@s'),
	(145,'|NUNUZ.AB__X|'),
	(146,'|GAL.GI_.TUG_.TE.A.DU|'),
	(147,'|GIR__PA|'),
	(148,'_A'),
	(149,'|_U_.3_AN|'),
	(150,'|SAL.A__.GAR_|'),
	(151,'SAL'),
	(152,'SAG'),
	(153,'|GA__AN.LUL|'),
	(154,'|KASKAL.KUR|'),
	(155,'SAR'),
	(156,'|SAG_A|'),
	(157,'|TUR.ARAD|'),
	(158,'ZI_'),
	(159,'|UD.AN.UD|'),
	(160,'9(DI_)'),
	(161,'ZIG'),
	(162,'|NIM_(GAR.GAN_@t)|'),
	(163,'|GI_.KA.KAD_|'),
	(164,'|TE.MU__|'),
	(165,'|LAL_.HAL|'),
	(166,'|GAR._A__A|'),
	(167,'|LUM&LUM._U_|'),
	(168,'|NAGAR.BU|'),
	(169,'|UD.MI|'),
	(170,'NAGAR'),
	(171,'|SU&SU|'),
	(172,'|UM__A_|'),
	(173,'|A_.A_|'),
	(174,'9(DI_~b)'),
	(175,'|LAGAB_HI_NUN|'),
	(176,'KISAL'),
	(177,'|HI.GIR_|'),
	(178,'|IM.DUN3@g@g.DUN|'),
	(179,'|NUNUZ.KISIM__BI|'),
	(180,'|_IM.BAL|'),
	(181,'3(DI_)'),
	(182,'|LAL_.URU_MIN|'),
	(183,'|GAL.NAGAR|'),
	(184,'DI_@t'),
	(185,'|PI_I|'),
	(186,'|KA_X|'),
	(187,'|AMAR__E|'),
	(188,'|_E_.AB|'),
	(189,'_E_LAM'),
	(190,'|MU_._A|'),
	(191,'|U.U.U|'),
	(192,'|KA_GAN_@t|'),
	(193,'|GA__SUM|'),
	(194,'|KA_(ME.TE)|'),
	(195,'|LU_.LU_.LU_.LU_|'),
	(196,'|U__KU|'),
	(197,'|SI@g.A|'),
	(198,'|ARAD_KUR|'),
	(199,'|BAR.EDIN|'),
	(200,'|SAG_KAK.GABA|'),
	(201,'|GA__AN.TU|'),
	(202,'|KU.KU.KU|'),
	(203,'|NUNUZ.AB__KAD_|'),
	(204,'|SAG_MI|'),
	(205,'|KA_IM|'),
	(206,'|PA.DU|'),
	(207,'|LAL.KAK|'),
	(208,'APIN'),
	(209,'|U_.SAL.DAM|'),
	(210,'|E_._E|'),
	(211,'|KI.KAK|'),
	(212,'|AB_IMIN|'),
	(213,'|_E.NAM_|'),
	(214,'|U_.ZA.MU__|'),
	(215,'|PA.GA_|'),
	(216,'|PA.LUGAL|'),
	(217,'|AN_E.PA|'),
	(218,'|U.MU|'),
	(219,'|DU&DU|'),
	(220,'|AN_E.SAL|'),
	(221,'|HUB__LI_|'),
	(222,'|BAD.LU_|'),
	(223,'|TUR.TUR|'),
	(224,'|PA.AL|'),
	(225,'|URU_GAR|'),
	(226,'|NUNUZ.AB__LA|'),
	(227,'TUR'),
	(228,'|A.PA.GISAL.PAD.SI.A|'),
	(229,'|GI_U|'),
	(230,'TUK'),
	(231,'TUM'),
	(232,'|GI_.KU_U_|'),
	(233,'|KASKAL.LAGAB|'),
	(234,'|LU_.LAGAB|'),
	(235,'|A.IGI|'),
	(236,'|A_.A_.A_|'),
	(237,'2(A_@t)'),
	(238,'|HI_A__.KA_GAR|'),
	(239,'|A__.U|'),
	(240,'|NUN.LAGAR_SAL|'),
	(241,'|GA__PA|'),
	(242,'|URU_GU|'),
	(243,'|A.SIG|'),
	(244,'|URU_MIN|'),
	(245,'|MAR.TU|'),
	(246,'|HI_(U.U)|'),
	(247,'|KA_BI|'),
	(248,'|GAR._ID|'),
	(249,'|U.PIRIG|'),
	(250,'|AN_E__A_|'),
	(251,'|IGI.TUR.TUR|'),
	(252,'|DAG.KISIM__(GA.MA_)|'),
	(253,'|KA_UD|'),
	(254,'9(A_)'),
	(255,'LAK171@s'),
	(256,'|GI_.TAR|'),
	(257,'|ZI&ZI.E__._E|'),
	(258,'|A_.MU__@g|'),
	(259,'|KA_GI|'),
	(260,'|GA__TAK_|'),
	(261,'|A.HA.TAR.DU|'),
	(262,'|LAGAB_(_ITA.GI_.ERIN_)|'),
	(263,'|EN.ME.AD.KU_|'),
	(264,'|_E.NAGA|'),
	(265,'|EN.PAP.IGI@g.NUN.ME.EZEN_KASKAL|'),
	(266,'_ANABI'),
	(267,'LAK636'),
	(268,'|NI_E|'),
	(269,'|IGI@g.ALAN|'),
	(270,'_U@180'),
	(271,'|_A__TAR|'),
	(272,'DUGUD'),
	(273,'PAD'),
	(274,'|SIK__NUN|'),
	(275,'|KA_(A.LA_)|'),
	(276,'PAN'),
	(277,'|GA__(SILA_.ME)|'),
	(278,'|U.U.U.A__|'),
	(279,'KU@t'),
	(280,'|LAGAB_(GUD.GUD)+HUL_|'),
	(281,'|NE_A|'),
	(282,'|HA.ZAG|'),
	(283,'|GU%GU|'),
	(284,'4(DI_)'),
	(285,'|_E_.AB@g|'),
	(286,'|IGI.UR.RU.GAR|'),
	(287,'|GA__SAR|'),
	(288,'|ZA.MU__.AB@g|'),
	(289,'1(GE__)'),
	(290,'|_U.GA|'),
	(291,'|UD.UD.AK|'),
	(292,'|HI_A__.HI_A__|'),
	(293,'|A_&A_&A_%A_&A_&A_|'),
	(294,'LAK524'),
	(295,'SIG_'),
	(296,'LU_'),
	(297,'|TAB.TAB.TAB.A_|'),
	(298,'|LU_@LU_|'),
	(299,'AB@g'),
	(300,'|PIRIG.AB@g.GAL|'),
	(301,'|DUG_IGI@g|'),
	(302,'|SILA_._U.GABA|'),
	(303,'|KI.SU.LU.KI.GAR|'),
	(304,'_ITA'),
	(305,'|AN.IM|'),
	(306,'|EN.KU.A|'),
	(307,'|A_@z&A_@z&A_@z&A_@z|'),
	(308,'|PA.E_|'),
	(309,'|GIR__IGI|'),
	(310,'AMAR'),
	(311,'|URU_TU.URU_TU|'),
	(312,'|PA.URU|'),
	(313,'|GA__(I_.HU.A_)|'),
	(314,'BUR'),
	(315,'|SAL.BAR|'),
	(316,'|GAR._A_|'),
	(317,'|BAR.AN|'),
	(318,'9(DI_~a)'),
	(319,'|U&U.PA&PA.GAR&GAR|'),
	(320,'|AB_NUN|'),
	(321,'|E__U|'),
	(322,'|KU_.KU_|'),
	(323,'|GA.A|'),
	(324,'|SIK_.BU|'),
	(325,'|EN.NU.NUNUZ.ZI.AN.UD|'),
	(326,'|MA_.U.U.U|'),
	(327,'ZE_'),
	(328,'NUN@t'),
	(329,'|SAL.LAGAB|'),
	(330,'GABA'),
	(331,'MU__'),
	(332,'|KA_.AN.RA|'),
	(333,'_A_'),
	(334,'|PIRIG_KAL|'),
	(335,'|SAL.KU_U_|'),
	(336,'|GU__KAK_IGI@g|'),
	(337,'|LU__E__.LAL|'),
	(338,'|NUN._E|'),
	(339,'|GAR._A_.A|'),
	(340,'|TAG_UD|'),
	(341,'|KA_PI|'),
	(342,'|LAGAB_TIL|'),
	(343,'|LAGAB_ME|'),
	(344,'|_E&_E.TAB&TAB.GAR&GAR|'),
	(345,'|_EG_.BAR|'),
	(346,'|PA.ME.U.U.U|'),
	(347,'URI_'),
	(348,'|KA_(MI.NUNUZ)|'),
	(349,'|MU__.EREN|'),
	(350,'|MU_&MU__(A.NA)|'),
	(351,'|A_@k&A_@k&A_@k&A_@k|'),
	(352,'|GAR.PA.TE.SI|'),
	(353,'|U.SAR|'),
	(354,'|NUN.LAGAR_MA_|'),
	(355,'|ZIZ_.A.AN|'),
	(356,'|GI_.BAR|'),
	(357,'|NI.UD.EN|'),
	(358,'|EN.ME.LAGAR|'),
	(359,'|LAGAB_(A.GAR)|'),
	(360,'|NI.UD.IM|'),
	(361,'|IGI.DIB|'),
	(362,'|A.ZA.AN.MU__|'),
	(363,'|SAL.U_|'),
	(364,'|AL_GI_|'),
	(365,'|UD@s.KID|'),
	(366,'|AN.SAL.TUG_.IB|'),
	(367,'|LAGAB_KU_|'),
	(368,'|NINDA___ID|'),
	(369,'BAG_'),
	(370,'HUB_'),
	(371,'|BAD.MI|'),
	(372,'|(SU.LU.E__)&(SU.LU.E__)|'),
	(373,'|PIRIG_UD|'),
	(374,'EREN'),
	(375,'NAM_'),
	(376,'DARA_'),
	(377,'|HUB__KASKAL|'),
	(378,'|UR__(A.NA)|'),
	(379,'|NU__.GI_|'),
	(380,'|NUNUZ.KISIM_|'),
	(381,'NI_'),
	(382,'|_U.GAR.TUR.LAL.BI|'),
	(383,'|A.GAR_|'),
	(384,'|KU.NU|'),
	(385,'|LAGAR@g.DU@s|'),
	(386,'|A.MU_|'),
	(387,'NIGIDAE_'),
	(388,'|ZA.NIM|'),
	(389,'|GA__(A.HA)|'),
	(390,'|NAM.SAL.TUG_|'),
	(391,'|_A_.GI|'),
	(392,'|A.AN|'),
	(393,'|BI.U_.SA|'),
	(394,'|_E.KIN|'),
	(395,'BULUG'),
	(396,'|AB_A__|'),
	(397,'|_E.LUGAL|'),
	(398,'LAK492'),
	(399,'|KU_.UD|'),
	(400,'|A_&A_&A_.TAB|'),
	(401,'|PA.TE.SI|'),
	(402,'|GI_.BAD|'),
	(403,'|U.UD.KID|'),
	(404,'|4_LU_|'),
	(405,'|LAL_.DU|'),
	(406,'|U_.SA.KA.KAK|'),
	(407,'|KI.GAL|'),
	(408,'|LU_.GAN_@t|'),
	(409,'|(_E.NUN&NUN)_TAK_|'),
	(410,'ILIMMU3'),
	(411,'|KI.AN.IM|'),
	(412,'|NUNUZ.AB__BI|'),
	(413,'BALAG'),
	(414,'|AN.MU_|'),
	(415,'|UM_LAGAB|'),
	(416,'|KA_BALAG|'),
	(417,'|_IM_IGI@g|'),
	(418,'|RU.NE|'),
	(419,'|UD._E_.KI|'),
	(420,'|PA.NUN.LAGAR|'),
	(421,'|BAD.X|'),
	(422,'|DAG.KISIM__TAK_|'),
	(423,'|AN_E.AN|'),
	(424,'|LU__NE|'),
	(425,'|PIRIG.TUR|'),
	(426,'|HI__E|'),
	(427,'7(A_~a)'),
	(428,'|_IM.AN.MA_|'),
	(429,'|URU__E|'),
	(430,'|SAL.U_.DAM|'),
	(431,'|I.LU|'),
	(432,'GALAM'),
	(433,'|AL_AL|'),
	(434,'|PI_E|'),
	(435,'|4_LAGAB|'),
	(436,'HU'),
	(437,'|A.LAGAB_A|'),
	(438,'|4_(AN.NAGA)|'),
	(439,'|NINDA__(_E.A_)|'),
	(440,'|LAGAR__E|'),
	(441,'SUR_'),
	(442,'HA'),
	(443,'|BI.DAR|'),
	(444,'|IM%IM|'),
	(445,'|LAGAB_KIN|'),
	(446,'|_IM_SAL|'),
	(447,'|LU_@s_BAD|'),
	(448,'|NUNUZ.KISIM__BI.U|'),
	(449,'|URU_IGI|'),
	(450,'|ZA.KUR.A|'),
	(451,'|LAGAB_LU|'),
	(452,'|NE.SI@g|'),
	(453,'|A.EDIN.LAL|'),
	(454,'|EZEN_AN|'),
	(455,'|IGI@g.TAK_.ALAN|'),
	(456,'|AN_E.IGI.DIB|'),
	(457,'|_U_.AN|'),
	(458,'|E__.MAH|'),
	(459,'|MA_.MUG|'),
	(460,'|SAL.GA__PA|'),
	(461,'|IGI.UR|'),
	(462,'SUD'),
	(463,'|A_.GA__SAL|'),
	(464,'SUM'),
	(465,'|GAD+KID_.DUH|'),
	(466,'SUR'),
	(467,'E__@t'),
	(468,'2(GE_U)'),
	(469,'|GIR__GAN_@t|'),
	(470,'|GA__LA|'),
	(471,'|LAK589.SI.A|'),
	(472,'5(BURU)'),
	(473,'|PI_AB|'),
	(474,'3(A_~b)'),
	(475,'|ERIN_.NA|'),
	(476,'|U&U.U@v&U@v|'),
	(477,'|IGI.MIN|'),
	(478,'|A_&A_&A_.A_&A_&A_|'),
	(479,'|BAD.IGI.BAD|'),
	(480,'|LAGAB.U.KAK|'),
	(481,'|KA_UR_|'),
	(482,'|GAL.TE|'),
	(483,'|KASKAL&KASKAL.LAGAB&LAGAB|'),
	(484,'7(DI_)'),
	(485,'|_U_.U.U.U|'),
	(486,'|U.TUG_|'),
	(487,'|GI_.RU|'),
	(488,'PE__'),
	(489,'|KI.IB|'),
	(490,'|DAG.KISIM__NE|'),
	(491,'HI'),
	(492,'|EZEN_U_|'),
	(493,'|KA_(ME.DU)|'),
	(494,'|ZA.SU|'),
	(495,'1(A_@t)'),
	(496,'NUNUZ'),
	(497,'|(NUN.LAGAR_SAL)&(NUN.LAGAR_SAL)|'),
	(498,'GI_@t'),
	(499,'|KU.AN|'),
	(500,'|KA.KAK|'),
	(501,'|SIG_.SIG_._U_|'),
	(502,'|4_TAB|'),
	(503,'|SUD.PA.EL|'),
	(504,'|LU.SU|'),
	(505,'LAL_'),
	(506,'|GAL.AN.ZU|'),
	(507,'|_U_.AN.HI_GAD|'),
	(508,'E'),
	(509,'|LU.SU.A|'),
	(510,'|ARKAB_.IB|'),
	(511,'|A.TAR.A.AN|'),
	(512,'|UM_(ME.DA)|'),
	(513,'|GA__(A.DA.HA)|'),
	(514,'|GI_.TUG_.PI.NU__@90.SILA_|'),
	(515,'|_U_.ZI_|'),
	(516,'|IM.DUGUD|'),
	(517,'|A.TU.GABA.LI_|'),
	(518,'|PAP.PAP__E|'),
	(519,'|_U.AN|'),
	(520,'|AD.KID|'),
	(521,'|_E.KIN.KIN|'),
	(522,'|NE_UD|'),
	(523,'|_ID.GAR|'),
	(524,'7(A_)'),
	(525,'|TAK_.ALAN|'),
	(526,'_UBUR'),
	(527,'|_IM_LUL|'),
	(528,'|LAGAB_(GUD.GUD)|'),
	(529,'|EN.MA_.KAK|'),
	(530,'|UD.SAR|'),
	(531,'|GA___E|'),
	(532,'|NAGA__U@t|'),
	(533,'|KASKAL.BU|'),
	(534,'|TAG.GAM.ME|'),
	(535,'|GA__(KU_.AN)|'),
	(536,'|GAL.URU_BAR|'),
	(537,'|GAL.DI|'),
	(538,'|URU_(MIN.NI)|'),
	(539,'|LU_.BAD|'),
	(540,'|URU_TU|'),
	(541,'|GAD.TAK_.SI|'),
	(542,'|KU.GAR|'),
	(543,'|BI.GI_|'),
	(544,'_E__'),
	(545,'|DIN.KASKAL.U@g.DI_|'),
	(546,'|LAGAB_(IM.LU)|'),
	(547,'|GIR_.GA__PA.A.AN|'),
	(548,'|URU_GAN_@t|'),
	(549,'|A.KAL|'),
	(550,'|GA__(BUR.RA)|'),
	(551,'|GI_%GI_|'),
	(552,'|GI.PAD|'),
	(553,'LAK618'),
	(554,'|UR__HA|'),
	(555,'|NA_.X|'),
	(556,'|LAGAB_UN|'),
	(557,'|GU__KAK.GI_%GI_|'),
	(558,'|AB.MU__|'),
	(559,'AMAR@t'),
	(560,'|NINDA__(_E.A_.A_)|'),
	(561,'|EN.NUNUZ.ZI.AN.UD|'),
	(562,'|PA.DAG.KISIM__GUD|'),
	(563,'|GA__A__|'),
	(564,'|LUGAL&LUGAL|'),
	(565,'|LU.HUL_|'),
	(566,'|DAG.KISIM__GUD|'),
	(567,'|_U.DIM_|'),
	(568,'|KI.LUGAL|'),
	(569,'|AN.IM.DUGUD|'),
	(570,'|LAGAB_GUD.LU.HI.A|'),
	(571,'|A.HA|'),
	(572,'_E'),
	(573,'|SAL.LAGAR|'),
	(574,'|MU__@g.BU|'),
	(575,'|KI.LU.E__|'),
	(576,'|A_&A_.TUG_&TUG_.TUG_&TUG_.PAP|'),
	(577,'|PAP.SAG|'),
	(578,'ME'),
	(579,'MA'),
	(580,'MI'),
	(581,'|U.U|'),
	(582,'MU'),
	(583,'|UD.MA_.AB_HA.TAG|'),
	(584,'|MU__.AB@g|'),
	(585,'|KA_GIR_|'),
	(586,'|A_A|'),
	(587,'|U_.BU.DA|'),
	(588,'|KA.BALAG.GA_.TE.A.DU@s.ZA.NA|'),
	(589,'|GI_.TUG_.PI|'),
	(590,'|URU_GA|'),
	(591,'2(E_E_)'),
	(592,'|IGI.E__.DU|'),
	(593,'|AB.HA@g|'),
	(594,'|U_.DAM|'),
	(595,'|GAR.IB|'),
	(596,'|GAD.TAK_|'),
	(597,'4(A_)'),
	(598,'|AN.A.LAGAB_HAL|'),
	(599,'|KU.KI.SAG|'),
	(600,'|A_LAGAR@g|'),
	(601,'1(BAN_)'),
	(602,'|KAB.U_|'),
	(603,'|LUM&LUM|'),
	(604,'|_A_.SAR|'),
	(605,'|U.GA|'),
	(606,'4(A_@t)'),
	(607,'|GA__GAR|'),
	(608,'|GI_.NE|'),
	(609,'|I.A|'),
	(610,'IGI@g'),
	(611,'|_E.PAP.PAP|'),
	(612,'|GI.LU|'),
	(613,'|_E.BULUG|'),
	(614,'BAR'),
	(615,'|EN@EN|'),
	(616,'BAD'),
	(617,'BAL'),
	(618,'|TUG_.UD|'),
	(619,'_IM_KU_U_'),
	(620,'3(BAN_)'),
	(621,'|_IM.AN.SAL.TUG_.IB|'),
	(622,'|GA.DI_|'),
	(623,'|DIM__E|'),
	(624,'|_U.ME.EREN|'),
	(625,'|NINDA___E.A.AN|'),
	(626,'|NI.TUK|'),
	(627,'|PA.GAN|'),
	(628,'|AN_E.KUR.RA|'),
	(629,'GAN_'),
	(630,'|KA.AN.NI.SI|'),
	(631,'|MI.MI|'),
	(632,'|EN%EN|'),
	(633,'|LU__IM|'),
	(634,'|GI_.TUG_.PI.BU@t.NUN|'),
	(635,'|GIR_._U.IG|'),
	(636,'|LAGAB_GAR|'),
	(637,'|KA_(ME.GI)|'),
	(638,'|LU__KI|'),
	(639,'|EN_GAN_@t|'),
	(640,'|I.LU_@s.NA|'),
	(641,'|ZA.KUR|'),
	(642,'|A_.SAL|'),
	(643,'LIL'),
	(644,'|KUR.SI.A.GA|'),
	(645,'|NINDA__NE|'),
	(646,'|GAL.ZU|'),
	(647,'|EN%EN.IM%IM|'),
	(648,'LI'),
	(649,'|BAR.HU.KAK|'),
	(650,'|MU_%MU_|'),
	(651,'|SAL.KU|'),
	(652,'|ZA.MU__|'),
	(653,'BAHAR_'),
	(654,'|TE.LAL|'),
	(655,'|KI.SAG|'),
	(656,'RA'),
	(657,'|KA_A|'),
	(658,'|E_.KI.SUM.GA|'),
	(659,'|EN.KI|'),
	(660,'|LU__(SIK_.BU)|'),
	(661,'|(KASKAL.LAGAB_U)&(KASKAL.LAGAB_U)|'),
	(662,'|KI.SU.LU.E__.GAR|'),
	(663,'ZUBUR'),
	(664,'|LAGAR_SUM|'),
	(665,'|GAL.BAR.EDIN|'),
	(666,'|BI.LUL|'),
	(667,'GABA@t'),
	(668,'|PA.TUG_|'),
	(669,'KAK'),
	(670,'|_ID_IM|'),
	(671,'|A_&A_&A_|'),
	(672,'|EN.NUNUZ.DIM_|'),
	(673,'|IGI.A|'),
	(674,'|KA_(ME.GAR.GAR.RA)|'),
	(675,'|TAB.TAB.A_|'),
	(676,'IDIM'),
	(677,'KA_'),
	(678,'|ZUM.LAGAB|'),
	(679,'|SAL.AN_E|'),
	(680,'|MU__.BU|'),
	(681,'|DAG.KISIM__X|'),
	(682,'|EN.ME.MU|'),
	(683,'|ZIZ_.A|'),
	(684,'|ZA.GUL|'),
	(685,'|UD.MA_.AB_HA.KI.TAG|'),
	(686,'|LAGAB_U_|'),
	(687,'1(E_E_)'),
	(688,'|KA_GAL|'),
	(689,'|U_.KI.SUM.GA|'),
	(690,'|LAL_.TUG_|'),
	(691,'SAG@n@g'),
	(692,'|SAL.LA|'),
	(693,'|AMAR.DA|'),
	(694,'|UD_(U.U.U@g)|'),
	(695,'|AN_E.IGI.E__|'),
	(696,'|GI_TAK_|'),
	(697,'|KI_BAD|'),
	(698,'|_E&_E.PA&PA.GAR&GAR|'),
	(699,'|U_.KUR|'),
	(700,'|KA_KID_|'),
	(701,'|UR__(A.HA)|'),
	(702,'IMIN'),
	(703,'LAGAB'),
	(704,'ARKAB_'),
	(705,'_ITA@t'),
	(706,'|RAB.GAL|'),
	(707,'|KA_(KI._U_)|'),
	(708,'LAGAR'),
	(709,'|LU_.TUG_|'),
	(710,'|NUNUZ.KISIM__(LU_.PAP.PAP)|'),
	(711,'_ID'),
	(712,'|EN.ME.ZI.AN.NA|'),
	(713,'|IM.DUN.DUN_@g@g|'),
	(714,'|AB.HA.ZAG.GABA.HU|'),
	(715,'4(A_~a)'),
	(716,'|UD.GAN|'),
	(717,'|E_.U_.BU.DA|'),
	(718,'|GA__U|'),
	(719,'|LUM&LUM.GAR&GAR|'),
	(720,'|KA_ZI|'),
	(721,'|MA_.MIN|'),
	(722,'|GAR._U_ANA.SILA_|'),
	(723,'|GU_.UN|'),
	(724,'MAH'),
	(725,'|URU_BAR|'),
	(726,'|SAG.DUN_|'),
	(727,'UR_'),
	(728,'|KA__ID|'),
	(729,'|U.DAR|'),
	(730,'|EZEN_HA@g|'),
	(731,'|PI%PI|'),
	(732,'|BAD.KASKAL|'),
	(733,'|_IR@t.SILA_|'),
	(734,'|DAG.KISIM__BALAG|'),
	(735,'|KA_GA.SAG|'),
	(736,'|PA.LAGABx(GUD.GUD)|'),
	(737,'|UD.MA_.AB_HA._IR|'),
	(738,'|KA_GUR_|'),
	(739,'_IR@t'),
	(740,'|ARAD.KU|'),
	(741,'|GUD&GUD.LUGAL|'),
	(742,'DI'),
	(743,'|KU.IDIM|'),
	(744,'DA'),
	(745,'|_A__TUR|'),
	(746,'DU'),
	(747,'|NUNUZ.AB__(GUG_.BULUG_)|'),
	(748,'|AL_KI|'),
	(749,'GA_AN'),
	(750,'|IGI.IGI|'),
	(751,'|A_.TUR|'),
	(752,'|HU.SI|'),
	(753,'|PI_U_|'),
	(754,'|A_GAN_@t|'),
	(755,'|HI_GAD|'),
	(756,'|URU_LUM|'),
	(757,'|SAR.SAR|'),
	(758,'|U__KUR|'),
	(759,'|ZA.MU__@g.EREN|'),
	(760,'|NUNUZ.AB__(LU_.PAP.PAP)|'),
	(761,'|TAG_TUG_|'),
	(762,'|GA__EL|'),
	(763,'AN_E'),
	(764,'|A.LAGAB_HAL._U_|'),
	(765,'|E__.KA|'),
	(766,'|_IM_PI|'),
	(767,'|KA__U|'),
	(768,'TA@g'),
	(769,'3(_ARU)'),
	(770,'4(BURU)'),
	(771,'|A.KU_U_|'),
	(772,'|KI.KA.LU_|'),
	(773,'|ARAD.AN_E|'),
	(774,'E__'),
	(775,'A_GAB'),
	(776,'5(BAN_@v)'),
	(777,'|KA_%KA_|'),
	(778,'_U'),
	(779,'|PA._E|'),
	(780,'|ZAG.HA|'),
	(781,'HAL'),
	(782,'|DUG.SILA_.BUR.NA|'),
	(783,'|E_.AN._E.NAGA|'),
	(784,'|URU_I_|'),
	(785,'|MI.NA.AB.U.GUD|'),
	(786,'|IGI.E_|'),
	(787,'|EN_ME.GI|'),
	(788,'|LAGAR@g.DU|'),
	(789,'|AB_HA|'),
	(790,'|KASKAL.HI_NUN|'),
	(791,'|LUL.A|'),
	(792,'5(_ARU)'),
	(793,'|SIK_.SUD|'),
	(794,'MURGU_'),
	(795,'|DUN.TUR|'),
	(796,'|TAG_GUD|'),
	(797,'|U__TAK_|'),
	(798,'|GI_%GI_.ZA|'),
	(799,'|EZEN_LU|'),
	(800,'|KI.E.NE.DI|'),
	(801,'|AB__TAK_|'),
	(802,'|KI.SAG.SAL|'),
	(803,'KISIM_'),
	(804,'|4_EN|'),
	(805,'|GA__(ME.EN)|'),
	(806,'|_U.NAGA|'),
	(807,'|EN.ME.AN.MU__|'),
	(808,'|MU.ME.U.U.U|'),
	(809,'|KA_AD|'),
	(810,'|NINDA__GUD|'),
	(811,'|ZIZ_.AN.NA|'),
	(812,'|KA.AN|'),
	(813,'|URU_KI|'),
	(814,'|LU__E__@t|'),
	(815,'7(DI_~a)'),
	(816,'UN@g'),
	(817,'|E_.KUR.BAD|'),
	(818,'|PA.TE|'),
	(819,'2(A_)'),
	(820,'|U_.NAGA|'),
	(821,'6(DI_)'),
	(822,'|DU.DU.DU.DU|'),
	(823,'LUGAL'),
	(824,'SAG@g'),
	(825,'|PA.IB|'),
	(826,'1(_ARU)'),
	(827,'SAG@n'),
	(828,'|A.A|'),
	(829,'|SAL.KUR|'),
	(830,'IL_'),
	(831,'|(4_ZA)_KUR|'),
	(832,'|GI_.MI|'),
	(833,'|IGI.KUR|'),
	(834,'8(DI_)'),
	(835,'|HI_NUN.KASKAL|'),
	(836,'|GUD_A_|'),
	(837,'|URUDA_U.LAGAB|'),
	(838,'|IGI.KUR.ZA|'),
	(839,'|NE.GI|'),
	(840,'|LAGAB_IGI@g|'),
	(841,'|PA.DUN_|'),
	(842,'|URU_IM|'),
	(843,'SIK_'),
	(844,'|URU_HA|'),
	(845,'GIR_@g'),
	(846,'|DUB_.LUL|'),
	(847,'|LAGAB_A_@z|'),
	(848,'6(A_@t)'),
	(849,'|KA_(GI_.SAR)|'),
	(850,'|PA.DAG.KISIM__(LU.MA__)|'),
	(851,'ERIN_'),
	(852,'|KI.SU.LU._U.GAR|'),
	(853,'|AN.HU.MI.IM|'),
	(854,'ALEPH'),
	(855,'LAK369'),
	(856,'DIM'),
	(857,'DIN'),
	(858,'|TUR.E__|'),
	(859,'|KI.SAG@n|'),
	(860,'|AN.MU__.AB|'),
	(861,'|LU__BAD|'),
	(862,'DIB'),
	(863,'|LU___A_|'),
	(864,'|E_PAP|'),
	(865,'|AL._E|'),
	(866,'GURUN'),
	(867,'|KI.URU_MIN|'),
	(868,'|PA.DU@s|'),
	(869,'|KA_SUHUR|'),
	(870,'|AN.ZAG|'),
	(871,'GURU_'),
	(872,'|AB__E_|'),
	(873,'|LAGAB_(U_.A_)|'),
	(874,'|BULUG&BULUG|'),
	(875,'HA@g'),
	(876,'|GA.MA_.DUB_|'),
	(877,'I_'),
	(878,'I'),
	(879,'|A.DU|'),
	(880,'IR'),
	(881,'|PA.GI|'),
	(882,'|HI_KIN|'),
	(883,'HA@t'),
	(884,'|_U.MIN.ME.U.U.U|'),
	(885,'|LU_.LU_|'),
	(886,'IM'),
	(887,'IL'),
	(888,'IN'),
	(889,'NAGA@180'),
	(890,'IB'),
	(891,'|ZI_.LU_|'),
	(892,'IG'),
	(893,'|AN._E_.KI|'),
	(894,'|GA__(GIR_.SU)|'),
	(895,'|PA.TUK.DU|'),
	(896,'URU'),
	(897,'|LAGAB_TAK_|'),
	(898,'|LAGAB_A_@t|'),
	(899,'|IGI.E__.DU.ERIN_|'),
	(900,'|U_.NAGA.AN.A_._IR|'),
	(901,'|UR.MAH|'),
	(902,'|KA__A|'),
	(903,'|GIR__(LU.IGI)|'),
	(904,'|IM.HI_NUN.ME.U.GAN_|'),
	(905,'|PIRIG.PIRIG|'),
	(906,'GIR_'),
	(907,'4(GE__)'),
	(908,'NAM'),
	(909,'|HUB_.DU|'),
	(910,'|URUDA.I_.URUDA|'),
	(911,'BU@t'),
	(912,'NA_'),
	(913,'|AN.3xAN|'),
	(914,'|GA__EN_GAN_@t|'),
	(915,'|DU@s.A|'),
	(916,'|LAGAB_(A.LAL)|'),
	(917,'|SAG_TAK_|'),
	(918,'|ZIZ_.AN|'),
	(919,'|EZEN_X|'),
	(920,'|SI.A.BUR_|'),
	(921,'UTUKI'),
	(922,'|U_.GI_.MI|'),
	(923,'|LU_.HI_BAD|'),
	(924,'|KA_UD.BAR|'),
	(925,'|_U.GI%GI|'),
	(926,'|E_.GI_.TUG_.PI.AN._E.NAGA|'),
	(927,'|LAGAB.SAG@g|'),
	(928,'|KI.A_.A_|'),
	(929,'|TUR&TUR.ZA&ZA.TUR&TUR.ZA&ZA|'),
	(930,'|GI_.TUG_.TE.A|'),
	(931,'|GA.KASKAL.KAL.NE|'),
	(932,'|DAG.KISIM__IR|'),
	(933,'|LAGAB_AN|'),
	(934,'|GE_TIN_KUR|'),
	(935,'|IM_TAK_|'),
	(936,'|EN.GI|'),
	(937,'|_U.GAR.TUR.LAL|'),
	(938,'|NUNUZ.AB__U_|'),
	(939,'|GA__(HAL.LA)|'),
	(940,'|GA.MA_.KASKAL.IGI@g|'),
	(941,'6(GE__)'),
	(942,'|HUB__HAL|'),
	(943,'|AB_A|'),
	(944,'|SAG.SAL|'),
	(945,'|KUR@KUR|'),
	(946,'|KI.KAL.BAD|'),
	(947,'|IM.SI.A|'),
	(948,'|KA_NUN|'),
	(949,'|HI_DI_|'),
	(950,'8(U)'),
	(951,'BUR_'),
	(952,'|LAGAB_A.LUM|'),
	(953,'|A.LAGAB_KUL.MA_._U_.A|'),
	(954,'|IM.DUB_|'),
	(955,'|_E_.HU.HU|'),
	(956,'|AB_.LU|'),
	(957,'|GA__HAL|'),
	(958,'|UR__U_|'),
	(959,'|SU.KUR.RU|'),
	(960,'|BAD.UD|'),
	(961,'|TUG_.DU@s|'),
	(962,'|IGI_A|'),
	(963,'|IGI.RI|'),
	(964,'|_E._E.NUN&NUN|'),
	(965,'|PA.UZU|'),
	(966,'|KI.KAL|'),
	(967,'|IM._U_|'),
	(968,'|AN&AN|'),
	(969,'|EN.ZU|'),
	(970,'|UD.AB_(U.U.U)|'),
	(971,'|U_.GA|'),
	(972,'|GALAM.GALAM|'),
	(973,'|AB_GAL|'),
	(974,'|U._A|'),
	(975,'|UD.DU|'),
	(976,'ZU_'),
	(977,'|LU__(KAD_.A_)|'),
	(978,'|IGI.RU|'),
	(979,'|_U.U|'),
	(980,'NAGA@t'),
	(981,'|_IM_A|'),
	(982,'|EN.ME.LI|'),
	(983,'|NINDA__DIM@g|'),
	(984,'ZUM'),
	(985,'NI'),
	(986,'|GA__(HI.LI)|'),
	(987,'NA'),
	(988,'|KA.HI|'),
	(989,'|TUR&TUR.ZA&ZA|'),
	(990,'NE'),
	(991,'|NAM.EN|'),
	(992,'|KA_LI|'),
	(993,'GISAL'),
	(994,'NU'),
	(995,'|KA_NE|'),
	(996,'|EN_GAN_|'),
	(997,'|U.SAG|'),
	(998,'|(_E.NUN&NUN)&(_E.NUN&NUN).LAGAB|'),
	(999,'|DAG.KISIM__HA|'),
	(1000,'|A.A.A|'),
	(1001,'|PI.GI_.TUG_|'),
	(1002,'|I.DIB|'),
	(1003,'_U@t'),
	(1004,'|KA_UMUM_PA|'),
	(1005,'|RAB.GAN|'),
	(1006,'LI_'),
	(1007,'7(GE__)'),
	(1008,'|A_+SUR|'),
	(1009,'|BAD.A_|'),
	(1010,'MUNSUB'),
	(1011,'|DAG.KISIM__U_|'),
	(1012,'GIDIM'),
	(1013,'|(_E.NUN&NUN)&(_E.NUN&NUN).LAGAB.LAGAB|'),
	(1014,'5(GE__)'),
	(1015,'|NINDA__(_E.A).AN|'),
	(1016,'|GA__AN|'),
	(1017,'|LAGAB_(A.DA.HA)|'),
	(1018,'|(_E.NUN&NUN)&(_E.NUN&NUN)|'),
	(1019,'|HI.A|'),
	(1020,'|KI.E.NE.DI.AN.MU__|'),
	(1021,'|UMBIN_LU|'),
	(1022,'|SIK_.LAM.SUHUR|'),
	(1023,'ELLES396'),
	(1024,'|ZAx|'),
	(1025,'|U_.GIR_@g|'),
	(1026,'|GA__MI|'),
	(1027,'|PAD.AN.MU__|'),
	(1028,'|A.SA|'),
	(1029,'|GA__AN.DUN_@g|'),
	(1030,'|A.U.KA|'),
	(1031,'|KI.SU.ZA.LU.E__|'),
	(1032,'SUHUR'),
	(1033,'|TAB&TAB.NI&NI.DI_&DI_|'),
	(1034,'|DAG.KISIM__GA|'),
	(1035,'|PAP.E|'),
	(1036,'|_A_.LAGAB|'),
	(1037,'|IM._ITA|'),
	(1038,'|BULUG.NAGAR|'),
	(1039,'2(_AR_)'),
	(1040,'|LAGAR@g&LAGAR@g._E|'),
	(1041,'DUN_'),
	(1042,'|BALAG.LUL|'),
	(1043,'|AN.GU__KAK|'),
	(1044,'|GA__UD|'),
	(1045,'|SIG.MU.BU|'),
	(1046,'|ZA.DUN_@g@g|'),
	(1047,'SIG'),
	(1048,'|E__.PAP.PAP|'),
	(1049,'|AN_E.ARAD|'),
	(1050,'TAR'),
	(1051,'|_U.KAD_|'),
	(1052,'LAH_U'),
	(1053,'DIM_'),
	(1054,'|MU_%MU_.A.NA|'),
	(1055,'TAG'),
	(1056,'|A__.GAR_|'),
	(1057,'|A_SAG|'),
	(1058,'|PA.SU|'),
	(1059,'|PI_U|'),
	(1060,'|LU__LAGAB|'),
	(1061,'|KASKAL.UD@s|'),
	(1062,'|(LU.E__)&(LU.E__)|'),
	(1063,'GI_'),
	(1064,'|GAR.GA__(A.IGI)|'),
	(1065,'|_E._E_|'),
	(1066,'|TE@g.AB@g|'),
	(1067,'GIG'),
	(1068,'|_A_.TAR|'),
	(1069,'|U_.TUG_.PI|'),
	(1070,'|A.LU_@s.NA|'),
	(1071,'|LAM_KUR|'),
	(1072,'|U_.KA|'),
	(1073,'|DUN.NE.TUR|'),
	(1074,'|LAGAB_(_U_._U_)|'),
	(1075,'|A.PA.BI.SI.A.GA|'),
	(1076,'|AN.DI_.AN|'),
	(1077,'|NU__.BUR|'),
	(1078,'|NUN&NUN|'),
	(1079,'|GA__EN|'),
	(1080,'|A_.KAL|'),
	(1081,'|MU__@g.SIK_.LAM|'),
	(1082,'|U.EN_GAN_@t|'),
	(1083,'|KID.MAH|'),
	(1084,'GUD'),
	(1085,'|ME.AN._E.NAGA|'),
	(1086,'GUM'),
	(1087,'GUL'),
	(1088,'GUR'),
	(1089,'|GA__(EL.LA)|'),
	(1090,'|NINDA__A_|'),
	(1091,'GU_'),
	(1092,'|DIN._E.NUN&NUN|'),
	(1093,'|KAD_.KAD_.KAD_|'),
	(1094,'|LU_.ME.EN|'),
	(1095,'|AB_DUN_@g|'),
	(1096,'|A_IGI|'),
	(1097,'|MU__.AB@g.ZA|'),
	(1098,'|MA_.KAK|'),
	(1099,'|KA.HI.GA|'),
	(1100,'|AN_E.KUR|'),
	(1101,'|LAGAB_(ME.EN)|'),
	(1102,'|KU_.AN|'),
	(1103,'|SAL.UD|'),
	(1104,'|UR__KID_|'),
	(1105,'|A_&A_&A_.A_|'),
	(1106,'|KI.LAM|'),
	(1107,'|KUR.TI|'),
	(1108,'|_U.GAN|'),
	(1109,'|GI_&GI_|'),
	(1110,'|LAGAB__U_|'),
	(1111,'|LAK589.SI|'),
	(1112,'|GAN_.BU|'),
	(1113,'|DUN_@g@g.ZA|'),
	(1114,'USSU'),
	(1115,'|NUNUZ.AB_|'),
	(1116,'|KA_GA|'),
	(1117,'|_A__SAL|'),
	(1118,'|LU_@g.U__|'),
	(1119,'|_IM_GAR|'),
	(1120,'|E.SUD.HUB__UD|'),
	(1121,'|UD.KID|'),
	(1122,'|UD.AB|'),
	(1123,'|_A_.MIN.TAR|'),
	(1124,'|GA__KID|'),
	(1125,'|IGI.DIM|'),
	(1126,'|HA.A|'),
	(1127,'DU@g@g'),
	(1128,'|LAK589.A.SI|'),
	(1129,'|LAK590.SI|'),
	(1130,'|BI.MI|'),
	(1131,'|4_(IDIM&IDIM)|'),
	(1132,'BARA_'),
	(1133,'SU'),
	(1134,'|MU__KUR|'),
	(1135,'SI'),
	(1136,'DI_'),
	(1137,'|LUM&LUM.DU@s|'),
	(1138,'|_A_.TUR|'),
	(1139,'SA'),
	(1140,'|KAD_&KAD_.KAD_&KAD_|'),
	(1141,'|KID._U_.MA_|'),
	(1142,'|GA__NUN&NUN|'),
	(1143,'|URU_A|'),
	(1144,'|GA___ID|'),
	(1145,'|U_.NAGA.GA|'),
	(1146,'|IM.GAN_.HI_NUN.ME.U|'),
	(1147,'|GI.NA.AB.NA.TUM|'),
	(1148,'|SAL.TUK|'),
	(1149,'|LAL_.SAR|'),
	(1150,'|GA__A_|'),
	(1151,'|ZAG.AN|'),
	(1152,'|NUNUZ.AB__GUD|'),
	(1153,'|SAG_DU|'),
	(1154,'6(A_)'),
	(1155,'|KI.BAD|'),
	(1156,'|A__.U&U|'),
	(1157,'|KAL_BAD|'),
	(1158,'|BI.A__|'),
	(1159,'|EZEN_LA|'),
	(1160,'|EN.DIM_.GIG|'),
	(1161,'|AL_HA|'),
	(1162,'|DI_.DI_.DI_.U.U.U|'),
	(1163,'|U.MA_.KAB|'),
	(1164,'|KI.BI.GAR|'),
	(1165,'|KI.BI|'),
	(1166,'|KASKAL.LAGAB_U|'),
	(1167,'|_AR__(GAL.DI_)|'),
	(1168,'|KI.KA.SAL|'),
	(1169,'|GA__EN.NUN|'),
	(1170,'|U.GAN|'),
	(1171,'|SI.GUD|'),
	(1172,'|EZEN_BAD.AN|'),
	(1173,'|AB@g.MU__.ZA|'),
	(1174,'MIN'),
	(1175,'|DAG.KISIM__BI|'),
	(1176,'|E_.SAL|'),
	(1177,'4(_ARU)'),
	(1178,'|E_.NUN|'),
	(1179,'|TUM_GAN_@t|'),
	(1180,'|HI_A__.DU|'),
	(1181,'|HUB__AN|'),
	(1182,'GAN_@t'),
	(1183,'|EZEN_UD|'),
	(1184,'3(GE__)'),
	(1185,'|U&U.SUR&SUR|'),
	(1186,'|A_BAD|'),
	(1187,'|E__._E|'),
	(1188,'|NUN.ME|'),
	(1189,'|A._U_.NAGA|'),
	(1190,'|GI_.NE.GA.MES|'),
	(1191,'|LAGAB_IM|'),
	(1192,'URI'),
	(1193,'|GAR.SAG.IL_.EZEN.SAL|'),
	(1194,'5(A_@t)'),
	(1195,'|BAD.BAD|'),
	(1196,'|KI.UD|'),
	(1197,'|PAP.I_|'),
	(1198,'|DAG.KISIM__(IR.LU)|'),
	(1199,'GAD'),
	(1200,'|PAP.PAP.4_IDIM|'),
	(1201,'LUGAL@s'),
	(1202,'|NAM.SU|'),
	(1203,'NU__'),
	(1204,'|DAG.KISIM__(A.MA_)|'),
	(1205,'|A.LAGAB.LAGAB|'),
	(1206,'|DAG.KISIM_|'),
	(1207,'|_U.LU_|'),
	(1208,'|AK_ERIN_|'),
	(1209,'|_IR.GI_|'),
	(1210,'|KA_.GAL|'),
	(1211,'|UM.ME|'),
	(1212,'|U.UD|'),
	(1213,'KINGUSILI'),
	(1214,'|SAL.U_.DI|'),
	(1215,'|DUB.TI|'),
	(1216,'|E___E|'),
	(1217,'|KI.LAL|'),
	(1218,'HUL_'),
	(1219,'|LAL.LAGAB|'),
	(1220,'|LAGAB_(U.U.U).LAGAB_(U.U.U)|'),
	(1221,'|GA__AN._IM|'),
	(1222,'|GI_.TUG_.PI.TE.A.DU|'),
	(1223,'|UD@s_BAD|'),
	(1224,'|_U_.DUN_@g@g@s|'),
	(1225,'|A.MI.A|'),
	(1226,'EL'),
	(1227,'|MA_.U.U|'),
	(1228,'EN'),
	(1229,'|GU_.NUNUZ|'),
	(1230,'|_U_.NE|'),
	(1231,'3(_AR_)1'),
	(1232,'|A.TUR|'),
	(1233,'E_'),
	(1234,'|DAG.KISIM__AMAR|'),
	(1235,'|PA.DU@g|'),
	(1236,'|HA.NAGAR.BU|'),
	(1237,'|DI.DI|'),
	(1238,'|EZEN_KU_|'),
	(1239,'|NINDA__(A_.A_)|'),
	(1240,'|AB_GAN_@t|'),
	(1241,'|LU__HI_BAD|'),
	(1242,'|KASKAL.LAGAB_U&LAGAB_U|'),
	(1243,'ZA@t'),
	(1244,'|UD.NI|'),
	(1245,'EGIR@g'),
	(1246,'|GA.NI|'),
	(1247,'AB_@t'),
	(1248,'|URU.ME.U.U.U|'),
	(1249,'|LAGAB_(_E.SUM)|'),
	(1250,'LUH'),
	(1251,'LUL'),
	(1252,'LUM'),
	(1253,'|E__.UD|'),
	(1254,'|KI.MU__@g|'),
	(1255,'|U_.GI_.SAR|'),
	(1256,'|SAL.HUB_|'),
	(1257,'|KA_PA|'),
	(1258,'|GAL.LUH|'),
	(1259,'|MU.BU|'),
	(1260,'|HU.HI|'),
	(1261,'|KAL%KAL|'),
	(1262,'|KA_RU|'),
	(1263,'|IGI.NAGAR.BU|'),
	(1264,'|GU%GU.GU%GU|'),
	(1265,'9(GE__)'),
	(1266,'|MA_.IGI@g|'),
	(1267,'|KIN.KIN|'),
	(1268,'|AN.A_.AN|'),
	(1269,'|MU__ZA|'),
	(1270,'|LAGAB_(TE.A.SU.NA)|'),
	(1271,'|GAM.GAM|'),
	(1272,'|BI.A__.AN|'),
	(1273,'_IR'),
	(1274,'|LUM.LUM|'),
	(1275,'ILIMMU'),
	(1276,'_IM'),
	(1277,'1(DI_)'),
	(1278,'|BALAG.A|'),
	(1279,'|SIG_.IDIM|'),
	(1280,'|MA_.KASKAL.IGI@g|'),
	(1281,'|_U.LUL|'),
	(1282,'|KA_DUB_|'),
	(1283,'MU__@g'),
	(1284,'|NI.NI|'),
	(1285,'|DAG.KISIM__GIR_|'),
	(1286,'|_E&_E.GAD&GAD.GAR&GAR|'),
	(1287,'|KU.KU|'),
	(1288,'|NU__&NU__.BUR&BUR|'),
	(1289,'|SU.RU_KUR|'),
	(1290,'|NUN%NUN.LAGAR&LAGAR|'),
	(1291,'|KA_SA|'),
	(1292,'|GI_.NI|'),
	(1293,'|LAGAB_(GUD.GUD).A|'),
	(1294,'|KAK.TAR|'),
	(1295,'|NUN@t._E|'),
	(1296,'|GAL.UMUM|'),
	(1297,'REC107'),
	(1298,'|KA_SIG|'),
	(1299,'7(DI_~b)'),
	(1300,'|MU&MU|'),
	(1301,'|GAN_%GAN_|'),
	(1302,'|ZU__A|'),
	(1303,'|GA__DA|'),
	(1304,'|IDIM&IDIM.BUR|'),
	(1305,'|U_.KU|'),
	(1306,'|KA_KID|'),
	(1307,'|GU__(SAL.TUG_)|'),
	(1308,'|AL__E|'),
	(1309,'|UR_A|'),
	(1310,'|GAL.A_GAB|'),
	(1311,'|_U.MIN|'),
	(1312,'|AN_E.U_|'),
	(1313,'|DAG.KISIM__(LU.MA__)|'),
	(1314,'|GA__(UD.DU)|'),
	(1315,'8(GE__)'),
	(1316,'|AB.NAM|'),
	(1317,'|LAGAB_GA|'),
	(1318,'4(U)0'),
	(1319,'PIRIG'),
	(1320,'EGIR'),
	(1321,'|E__.SUD.NUN.E__.TU|'),
	(1322,'|PAP._E.PAP|'),
	(1323,'3(BURU)'),
	(1324,'|KI.NE.AN.MU__|'),
	(1325,'NU__@90'),
	(1326,'|KA_(ME.ME)|'),
	(1327,'|BAL&BAL|'),
	(1328,'|KI.KAL.BAD.IDIM|'),
	(1329,'|GA__(A.IGI)|'),
	(1330,'|NINDA__(U_.A_)|'),
	(1331,'|EZEN_LAL_|'),
	(1332,'|KA_U_|'),
	(1333,'|KA_HI_A__|'),
	(1334,'|BU&BU.AB|'),
	(1335,'|ZAG.GA|'),
	(1336,'|UMUM_HA|'),
	(1337,'|SAL.ARAD.DAM|'),
	(1338,'|AN.SAG@g|'),
	(1339,'UD@s'),
	(1340,'|A.HA.A|'),
	(1341,'ZAG'),
	(1342,'|IM.KAD_|'),
	(1343,'|GI_.NE@s.GA.ME.U.U.U|'),
	(1344,'ZA_'),
	(1345,'|KI.SU.LU.E__.GAR.KI|'),
	(1346,'|TE.ME|'),
	(1347,'|LAL_.KAK|'),
	(1348,'|GAR._ANABI.SILA_|'),
	(1349,'|EREN._U.ME|'),
	(1350,'|GAL.BUR_|'),
	(1351,'|BU%BU|'),
	(1352,'|_U_.UR@s|'),
	(1353,'|_E_.IB|'),
	(1354,'|PA.GU_@g|'),
	(1355,'8(_AR_)'),
	(1356,'|GI_.DIN|'),
	(1357,'|IGI.GA|'),
	(1358,'|_U.BU|'),
	(1359,'|NUNUZ.AB__(BULUG_.GUG_)|'),
	(1360,'2(DI_@t)'),
	(1361,'|E__.HUL_|'),
	(1362,'8(A_)'),
	(1363,'|KA_MI|'),
	(1364,'|LAGAB_(KUL.HI.A)|'),
	(1365,'|TAK_.TAK_|'),
	(1366,'|A.LUM|'),
	(1367,'|LU__E__|'),
	(1368,'UMBIN'),
	(1369,'KAM_'),
	(1370,'|TAG_KU|'),
	(1371,'|_ITA.GI_.TUG_|'),
	(1372,'|LAGAB_BI|'),
	(1373,'|AN.MU__.AB@g|'),
	(1374,'NINDA_'),
	(1375,'|GIR__(A.IGI)|'),
	(1376,'|IM.A|'),
	(1377,'U__'),
	(1378,'|GA__KASKAL|'),
	(1379,'|AMAR__E.AMAR__E|'),
	(1380,'|EZEN__E|'),
	(1381,'|EN.SAL.ME.NUNUZ.ZI.AN._E_.KI|'),
	(1382,'|U&U.U&U.U|'),
	(1383,'|GAN_@t.GAN_@t|'),
	(1384,'|KISIM_&KISIM_|'),
	(1385,'|A.GUD_KUR|'),
	(1386,'|_E.HU|'),
	(1387,'|GAL.NI|'),
	(1388,'|GA__AN.A.TU|'),
	(1389,'|AN.BARA_|'),
	(1390,'|AN.DU.AN|'),
	(1391,'|SAL.TUG_.PAP.IGI@g.NUN.ME.EZEN_KASKAL|'),
	(1392,'|NUN.ME.TAG|'),
	(1393,'|_A__GI_|'),
	(1394,'|A.HU.SI|'),
	(1395,'|GA__NE|'),
	(1396,'|PA._A_|'),
	(1397,'|ZU&ZU.SAR|'),
	(1398,'N'),
	(1399,'|NUNUZ.AB__NE|'),
	(1400,'|DAG.KISIM__LUM|'),
	(1401,'SUD_'),
	(1402,'|UR%UR|'),
	(1403,'|AN.AN|'),
	(1404,'|PI_IB|'),
	(1405,'|A.LAGAB_HAL.X|'),
	(1406,'|EN.TI|'),
	(1407,'|_U.LAGAB|'),
	(1408,'|A.LU_|'),
	(1409,'|AB_.KU|'),
	(1410,'|ZI.ME.U.U.U|'),
	(1411,'|MA_.X|'),
	(1412,'7(_AR_)'),
	(1413,'|EN.LI|'),
	(1414,'SUMA_'),
	(1415,'|GI_.TUG_.TE.A.DU|'),
	(1416,'|URUDA_U|'),
	(1417,'|GA__(A__.GAL)|'),
	(1418,'|TAG__E|'),
	(1419,'|URU_URUDA|'),
	(1420,'_EG_'),
	(1421,'|A.LAGAB_HAL.DI|'),
	(1422,'|EZEN_DUN_@g@g|'),
	(1423,'|NU__.IR|'),
	(1424,'|LAL_.U|'),
	(1425,'|_UL.GI|'),
	(1426,'|A_.HI_DI_.GI_|'),
	(1427,'|_IM_BULUG|'),
	(1428,'_INIG'),
	(1429,'|KI.SU.LU.LAGAB_U.GAR|'),
	(1430,'|GI_.LU_|'),
	(1431,'|KI.AN.UD|'),
	(1432,'|PA.URU_MIN|'),
	(1433,'|KA_KI|'),
	(1434,'|TAB.KUN|'),
	(1435,'|PAD.MU__|'),
	(1436,'|MA_.EN|'),
	(1437,'|IL_GAN_@t|'),
	(1438,'|AN.GU__NUN|'),
	(1439,'|ZI&ZI|'),
	(1440,'TE@g'),
	(1441,'|URU_DUN|'),
	(1442,'|AN.NA|'),
	(1443,'|U.KA|'),
	(1444,'|U_.KUR.RA|'),
	(1445,'|NAGA@NAGA|'),
	(1446,'|DI_.DAR|'),
	(1447,'|_E.IGI.TUR|'),
	(1448,'|AB__BALAG|'),
	(1449,'|HI_A__|'),
	(1450,'|HI_NUN|'),
	(1451,'DUB_'),
	(1452,'|EZEN_IGI@g|'),
	(1453,'|DUN_@g.U_|'),
	(1454,'|AL_U_|'),
	(1455,'|IGI.DU|'),
	(1456,'|E__MI|'),
	(1457,'|LU__(ME.EN)|'),
	(1458,'_U_ANA'),
	(1459,'|_A__(U.A)|'),
	(1460,'|_U.LUGAL|'),
	(1461,'GUB_'),
	(1462,'|IGI.BI|'),
	(1463,'|ZA.IB|'),
	(1464,'|A.KA|'),
	(1465,'|TUR.SAL.TUR.TUR|'),
	(1466,'|SAG.PA.LAGAB|'),
	(1467,'|_E.NUN&NUN|'),
	(1468,'|MA@g_TAK_|'),
	(1469,'|TE.AB@g|'),
	(1470,'|UD_(U.U.U).AN._E_.KI|'),
	(1471,'|LU__AL|'),
	(1472,'|LU.E__.GAR.KI|'),
	(1473,'|UD.KU_U_|'),
	(1474,'|KA_SAR|'),
	(1475,'X_'),
	(1476,'|A_.U.KID|'),
	(1477,'|UD_(U.U.U)|'),
	(1478,'|GAR.LU_|'),
	(1479,'|AN.NAGA|'),
	(1480,'|GAR.LAGAB|'),
	(1481,'EDIN'),
	(1482,'|LU_BAD|'),
	(1483,'|_U&_U@180|'),
	(1484,'|EZEN_(A.LAL_)|'),
	(1485,'|UR_MIN|'),
	(1486,'|_E.KAK|'),
	(1487,'|_A__U|'),
	(1488,'|LUGAL.GAM|'),
	(1489,'|KAL.EDIN|'),
	(1490,'|UD.KA.BAR|'),
	(1491,'A__'),
	(1492,'UD@g'),
	(1493,'|IGI.KAK|'),
	(1494,'|HU.MI.AN.IM|'),
	(1495,'MA__'),
	(1496,'UR@s'),
	(1497,'|IM.A.A|'),
	(1498,'LAK588'),
	(1499,'|BUR_.BUR_|'),
	(1500,'UDUG'),
	(1501,'|SAG_KAK|'),
	(1502,'BI_A'),
	(1503,'|SU.KI.LU.E__.KI|'),
	(1504,'|E__(A.HA.DA)|'),
	(1505,'|HI_U|'),
	(1506,'KU_'),
	(1507,'|NUNUZ.DIM_|'),
	(1508,'|KA_U|'),
	(1509,'|_U.PAP.PAP|'),
	(1510,'KUR'),
	(1511,'KUN'),
	(1512,'KUL'),
	(1513,'|NINDA__AN|'),
	(1514,'|KI.KI|'),
	(1515,'|E&E.NUN&NUN|'),
	(1516,'|PAP.IGI@g.NUN.ME|'),
	(1517,'|GUD.GI__KID_|'),
	(1518,'|SAL.TAK_|'),
	(1519,'|SAG_UR|'),
	(1520,'|_A_.GI_.SAR|'),
	(1521,'|LU_.KI|'),
	(1522,'|RAB.MAH|'),
	(1523,'|IM.A.AN|'),
	(1524,'|LAGAB_LAGAB|'),
	(1525,'|GU__KAK|'),
	(1526,'|SAG_NUN|'),
	(1527,'|AD.E_|'),
	(1528,'|SAG_KUR|'),
	(1529,'|HU.NA_|'),
	(1530,'|KA_BAR|'),
	(1531,'|KI.SU.LU.E__.GAR.RA|'),
	(1532,'|AB__(ME.EN)|'),
	(1533,'|URU_(MIN.IM))|'),
	(1534,'MES'),
	(1535,'|KI.A|'),
	(1536,'|A_.UD.DU|'),
	(1537,'|LAL_.DU.DU|'),
	(1538,'|MES.RU|'),
	(1539,'|_IM_BAL|'),
	(1540,'|KA_LI.KA_LI|'),
	(1541,'|SU.KUR|'),
	(1542,'|NINDA__(ME.GAN_@t)|'),
	(1543,'TU'),
	(1544,'|KID.BALAG|'),
	(1545,'|NUN@t.KI|'),
	(1546,'|UD.AN._E_.KI|'),
	(1547,'ZUBI'),
	(1548,'|DU@g.DU@g|'),
	(1549,'|GAL.TE.LAL|'),
	(1550,'TI'),
	(1551,'|LAM.SAG|'),
	(1552,'|A_@z.A_@z.A_@z.A_@z|'),
	(1553,'|_U.LAGAB.NA|'),
	(1554,'TA'),
	(1555,'AB'),
	(1556,'AD'),
	(1557,'AK'),
	(1558,'|LU__(SI.A_)|'),
	(1559,'|LU_%LU_|'),
	(1560,'AL'),
	(1561,'AN'),
	(1562,'|E.TUM|'),
	(1563,'|EN_ME|'),
	(1564,'NAGA'),
	(1565,'|GI__TAK_|'),
	(1566,'|UD.SAL.HUB_|'),
	(1567,'A_'),
	(1568,'|KU&HI_A__.KU&HI_A__|'),
	(1569,'|BI.A__.AN.NA|'),
	(1570,'|GUD_BAD|'),
	(1571,'|U.5(DI_)|'),
	(1572,'TAK_'),
	(1573,'|ZA.MU__@g.AB@g|'),
	(1574,'|UMUM_DUN_@g|'),
	(1575,'|A.SAG|'),
	(1576,'|HU.KAK|'),
	(1577,'|UB.RI|'),
	(1578,'PAP'),
	(1579,'|GAL.DIM_|'),
	(1580,'|TAB.TI|'),
	(1581,'|EN.NUNUZ.ZI.AN._E_.KI|'),
	(1582,'|NA.RU|'),
	(1583,'|GAL.URI|'),
	(1584,'|TUR.SAG|'),
	(1585,'|_U_.A__|'),
	(1586,'|HUB__UD|'),
	(1587,'|A_MU_|'),
	(1588,'|PAP.NA_|'),
	(1589,'|_IM_MUG|'),
	(1590,'|KA_LU|'),
	(1591,'|AN.TU|'),
	(1592,'|A_&A_&A_.A_&A_&A_.A_|'),
	(1593,'MUG@g'),
	(1594,'|LU_@s.NA|'),
	(1595,'|SI.GUD.A_|'),
	(1596,'|LAL_.LAGAB|'),
	(1597,'_U_'),
	(1598,'|E__GAR|'),
	(1599,'|GIR_.ARAD|'),
	(1600,'|KU_.GI|'),
	(1601,'3(A_~a)'),
	(1602,'|E_.SIG_|'),
	(1603,'LAL'),
	(1604,'LAM'),
	(1605,'|KI_U|'),
	(1606,'|KU.GI_%GI_|'),
	(1607,'|GAL.DIM|'),
	(1608,'|TE.A|'),
	(1609,'|KI.KU|'),
	(1610,'|UD.DU.BU|'),
	(1611,'|LUGAL.GAL|'),
	(1612,'|GI_.TUG_.PI.TE.A|'),
	(1613,'|KA_6(DI_)|'),
	(1614,'4(BAN_@v)'),
	(1615,'|AK__ITA|'),
	(1616,'|UR_AL|'),
	(1617,'3(A_)'),
	(1618,'|DU.HUB_|'),
	(1619,'|SAL.AL|'),
	(1620,'|NUN%NUN|'),
	(1621,'GU_@g'),
	(1622,'|NINDA__NUN|'),
	(1623,'|KI.UD.A|'),
	(1624,'|U_.BAR|'),
	(1625,'|TAG__U|'),
	(1626,'|KA.AN.RA|'),
	(1627,'|GI_.MA_.RA|'),
	(1628,'|SAL.SIK_|'),
	(1629,'|_ID.RU|'),
	(1630,'|NINDA___E.A|'),
	(1631,'|KI.NA.AB.TUM|'),
	(1632,'HA@t@g'),
	(1633,'IGI'),
	(1634,'3(BURU@v)'),
	(1635,'BURU_'),
	(1636,'|U_.NAGA.AN._IR|'),
	(1637,'|MA_.U|'),
	(1638,'|DA.U_|'),
	(1639,'ZIZ_'),
	(1640,'|SU&SU.A|'),
	(1641,'MURUB_'),
	(1642,'_IR@90'),
	(1643,'|NUNUZ.AB__IGI@g|'),
	(1644,'|TAB.TAB.TAB.TAB|'),
	(1645,'|SIK_.SUHUR|'),
	(1646,'|GI__BAD|'),
	(1647,'F_'),
	(1648,'|LAGAB_(IM.HA)|'),
	(1649,'|TUK.TUK|'),
	(1650,'|URU_PA|'),
	(1651,'|UM_U|'),
	(1652,'|A_&A_&A_.A_&A_&A_.TAB|'),
	(1653,'|DAG.KISIM__(U_.GIR_)|'),
	(1654,'KASKAL'),
	(1655,'|BI_IGI@g|'),
	(1656,'|TAG_BI|'),
	(1657,'|KA_GAR|'),
	(1658,'|LU.KI.KAK|'),
	(1659,'|GI_._U.LU_|'),
	(1660,'U_'),
	(1661,'|KI.AN._E_.KI|'),
	(1662,'|HI_NUN.ME.U|'),
	(1663,'|KI.EN.KAK|'),
	(1664,'|GAL._UBUR|'),
	(1665,'|LU_.DI_|'),
	(1666,'LAK483'),
	(1667,'|_U.DI|'),
	(1668,'|ZI&ZI.LAGAB._E|'),
	(1669,'LIMMU'),
	(1670,'3(_ARU@v)'),
	(1671,'|DUB_E__|'),
	(1672,'|SAG_DU_|'),
	(1673,'|KA_KAK|'),
	(1674,'|RAB.HI_BAD|'),
	(1675,'|DAG.KISIM__LA|'),
	(1676,'|GA__(AB_@t.TAB)|'),
	(1677,'|E__@t.GIR_@g|'),
	(1678,'|TAG.TUG_|'),
	(1679,'|EZEN_A|'),
	(1680,'|SAG_U_|'),
	(1681,'|SAG.EZEN|'),
	(1682,'|ZI&ZI.LAGAB|'),
	(1683,'|DU@s.DU@s|'),
	(1684,'3(_AR_)'),
	(1685,'|PA.EL.BU@g|'),
	(1686,'|LAGAB_(U.A)|'),
	(1687,'|GA__DIM__E|'),
	(1688,'|NE.RU|'),
	(1689,'|ZU.AB|'),
	(1690,'|GA__NUN|'),
	(1691,'|PAP.PAP|'),
	(1692,'|HI_A__.SAG|'),
	(1693,'TE'),
	(1694,'UN'),
	(1695,'UR_@h'),
	(1696,'|UD.NUN|'),
	(1697,'|_A___U_|'),
	(1698,'|LAGAB_A|'),
	(1699,'|BI.A.SUD|'),
	(1700,'|LAK589.PAD.SI|'),
	(1701,'|UD_MI|'),
	(1702,'DUN@g'),
	(1703,'|GU_.GAR_|'),
	(1704,'|KA.KA|'),
	(1705,'|KA_ME|'),
	(1706,'|AN.ME.U.U.U|'),
	(1707,'|NUN.LAGAR_GAR|'),
	(1708,'AB_'),
	(1709,'|BU&BU.UN|'),
	(1710,'|SAG_UM|'),
	(1711,'IA_'),
	(1712,'|AB___A_|'),
	(1713,'|TA__E|'),
	(1714,'|GA__HUB_|'),
	(1715,'|GAR.GAD.TAK_.UR_|'),
	(1716,'|KAD_&KAD_|'),
	(1717,'|AL_DIM_|'),
	(1718,'|PA.DAG.KISIM__KAK|'),
	(1719,'DUR_'),
	(1720,'|LUGAL@LUGAL|'),
	(1721,'ARAD'),
	(1722,'ORACC sign'),
	(1723,'|PA.KAK|'),
	(1724,'|E__SAL|'),
	(1725,'|GUM__E|'),
	(1726,'EZEN'),
	(1727,'|_ID_A|'),
	(1728,'|NINDA___E|'),
	(1729,'|LU__(LA.A_)|'),
	(1730,'|UR__AL|'),
	(1731,'|_IM_IGI|'),
	(1732,'|BI_GAR|'),
	(1733,'6(_AR_)'),
	(1734,'|NUN.ME.DU|'),
	(1735,'|GA_&GA_|'),
	(1736,'|_U_._E.KU.KAK|'),
	(1737,'|BALAG.TUR|'),
	(1738,'|KIN_UD|'),
	(1739,'|_A__NE|'),
	(1740,'|DUB.NAGAR|'),
	(1741,'|UR__A|'),
	(1742,'|MU__.AB|'),
	(1743,'GUR_'),
	(1744,'|LAGAB_KUL|'),
	(1745,'|A._E.NUN&NUN|'),
	(1746,'|UR__(U_.BI)|'),
	(1747,'5(U)'),
	(1748,'|BARA_.PAP.PAP|'),
	(1749,'|KI.BI.KAK|'),
	(1750,'|A.SUD|'),
	(1751,'|GUD_KUR|'),
	(1752,'|GA__AN.KAK.A|'),
	(1753,'|SILA_.GABA|'),
	(1754,'|DU.DU|'),
	(1755,'|GI_.DUN_@g.MA_|'),
	(1756,'|KA_GI_|'),
	(1757,'|E_.LU__GAN_@t.A|'),
	(1758,'3(A_@t)'),
	(1759,'|GA.KAD_|'),
	(1760,'|E_.A|'),
	(1761,'|UD.MA_.AB_HA|'),
	(1762,'|U_.UR_|'),
	(1763,'|LAL.NI|'),
	(1764,'|UM.LAGAB|'),
	(1765,'|GAR.GU.SUR.NUN|'),
	(1766,'2(BURU)'),
	(1767,'DU@g'),
	(1768,'|UD.A|'),
	(1769,'DU@s'),
	(1770,'|KI.DU.KAK|'),
	(1771,'U@g'),
	(1772,'|KA_(GAR._A_.A)|'),
	(1773,'|SAG_DUB|'),
	(1774,'|KAK.GI_|'),
	(1775,'|PAP.HAL|'),
	(1776,'|UMUM_PA|'),
	(1777,'|IGI.UR@s|'),
	(1778,'|AN.A_@z.AN|'),
	(1779,'|SAG_UB|'),
	(1780,'MU_'),
	(1781,'KAP_'),
	(1782,'|E__BAD|'),
	(1783,'MUG'),
	(1784,'|U.ZAG|'),
	(1785,'|GAL.GAD&GAD.GAR&GAR|'),
	(1786,'|SAG.AN|'),
	(1787,'|LAGAB_UD|'),
	(1788,'|LAGAB.LAGAB|'),
	(1789,'|A.EDIN|'),
	(1790,'1(GE_U)'),
	(1791,'NUN'),
	(1792,'|AD.KU|'),
	(1793,'LAK278'),
	(1794,'DUH'),
	(1795,'|KAB.BU|'),
	(1796,'DUN'),
	(1797,'|DAG.KISIM__AB_|'),
	(1798,'UR@180'),
	(1799,'DUG'),
	(1800,'|KI._E_.KAK|'),
	(1801,'|GA__AN.X|'),
	(1802,'|LAGAB_NE|'),
	(1803,'|SI.A|'),
	(1804,'|GAD.TAK_.GI_|'),
	(1805,'KA'),
	(1806,'EZENxGUD'),
	(1807,'|AL_KAD_|'),
	(1808,'KI'),
	(1809,'|LAGAB_DAR|'),
	(1810,'KU'),
	(1811,'7(U)'),
	(1812,'|A_.ZA.MU__@g|'),
	(1813,'|NUNUZ.AB__SILA_|'),
	(1814,'|KASKAL.6(DI_)|'),
	(1815,'HIxMAN'),
	(1816,'|DI_.DI_.DI_.U.U|'),
	(1817,'|_AR__(GAL.MIN)|'),
	(1818,'|GIR_.BAR|'),
	(1819,'|MA_.PA|'),
	(1820,'4(GE_U)'),
	(1821,'|TA_MI|'),
	(1822,'|UD.HI_A__|'),
	(1823,'|AB_LAGAB|'),
	(1824,'|ZA.MU__@g|'),
	(1825,'|E_.MI|'),
	(1826,'4(_AR_)'),
	(1827,'|U_.SA|'),
	(1828,'|EZEN_HA|'),
	(1829,'|GA__GAN_@t|'),
	(1830,'|_E_.KI|'),
	(1831,'|_U.GAN_@t|'),
	(1832,'|GAD&GAD.GAR&GAR|'),
	(1833,'|_A__A|'),
	(1834,'|KAD_.KAD_|'),
	(1835,'LAK368@s'),
	(1836,'|IGI.E__|'),
	(1837,'|U_.KUR.NI.TUK.KI|'),
	(1838,'_EN'),
	(1839,'|DI_.DI_.DI_|'),
	(1840,'|A.ZI&ZI|'),
	(1841,'|PA.TE.SI.GAR|'),
	(1842,'_E_'),
	(1843,'|KA_(ME.GAR)|'),
	(1844,'|KA_GI_%GI_|'),
	(1845,'|(AN.NAGA)@(AN.NAGA)|'),
	(1846,'|LAGAB_AL|'),
	(1847,'SILA_'),
	(1848,'USSU_'),
	(1849,'|ALAN&ALAN|'),
	(1850,'|SAL.ME|'),
	(1851,'|MU_&MU_|'),
	(1852,'|KA_TU|'),
	(1853,'|UZ_.KASKAL|'),
	(1854,'NIGIDAMIN'),
	(1855,'KI_'),
	(1856,'NIM'),
	(1857,'KIN'),
	(1858,'|U.DIM|'),
	(1859,'|SAL.E__|'),
	(1860,'KID'),
	(1861,'|A.SU|'),
	(1862,'|NU__.BUR.LA|'),
	(1863,'|KI_UD|'),
	(1864,'|U.KID|'),
	(1865,'|TAB.TAB.TAB|'),
	(1866,'|GI.KAK|'),
	(1867,'DUN_@g@g@s'),
	(1868,'|MU__.DI|'),
	(1869,'PA'),
	(1870,'|SAL.TAB.KUN|'),
	(1871,'PI'),
	(1872,'|(_E.NUN&NUN)&(_E.NUN&NUN).GAD&GAD.GAR&GAR|'),
	(1873,'|PIRIG_ZA|'),
	(1874,'RU'),
	(1875,'_AR_'),
	(1876,'|URUDA_U.U|'),
	(1877,'|MA_.GU_.GAR_|'),
	(1878,'|SIG_&SIG_._U_|'),
	(1879,'|_IM_DIN|'),
	(1880,'RAB'),
	(1881,'KWU822'),
	(1882,'|UD.HU.HI.NUN.NA|'),
	(1883,'|SUMA_.ME|'),
	(1884,'TAB@t'),
	(1885,'|GABA%GABA|'),
	(1886,'|AN.IM.MI|'),
	(1887,'|ME.U.U.U|'),
	(1888,'|DAG.KISIM__KAK|'),
	(1889,'|U__A|'),
	(1890,'|_E.HU.TUR|'),
	(1891,'|NUN.LAGAR|'),
	(1892,'|LUGAL.GAN|'),
	(1893,'|A.LAGAB_HAL.UD.NUN.KI|'),
	(1894,'|A.LAGAB_KUL|'),
	(1895,'|PA.LU.TA|'),
	(1896,'|IGI.ERIN_|'),
	(1897,'|_A_.MIN.KASKAL|'),
	(1898,'|SAL.LAGAB_A__|'),
	(1899,'|_U_.BAD|'),
	(1900,'|_E.SUHUR|'),
	(1901,'|_A_.DI_|'),
	(1902,'2(DI_)'),
	(1903,'|GAR.SAG.IL_.EZEN.U_|'),
	(1904,'|_A_.MIN.DI|'),
	(1905,'KE__'),
	(1906,'|EN.KID|'),
	(1907,'|SAL.EN|'),
	(1908,'|PAP.IGI@g|'),
	(1909,'|_U.DI.U.U.U|'),
	(1910,'|AB_(U.U.U)|'),
	(1911,'KWU318'),
	(1912,'|MU__.ZA|'),
	(1913,'|PA.LU|'),
	(1914,'|LU__GAM|'),
	(1915,'RI'),
	(1916,'|SUMA_.MA_|'),
	(1917,'2(_ARU)'),
	(1918,'UMUM'),
	(1919,'|UR__X|'),
	(1920,'|MA_.KASKAL.IGI@g&IGI@g|'),
	(1921,'|GI_.TUG_.PI._IR@t.NUN|'),
	(1922,'|PI_A|'),
	(1923,'5(BAN_)'),
	(1924,'|DAG.KISIM__LU|'),
	(1925,'|GAN_&GAN_|'),
	(1926,'|TUR.DI_|'),
	(1927,'|LAGAB_(U.U.U)|'),
	(1928,'GA_'),
	(1929,'|LAGAB_HA|'),
	(1930,'|EZEN_DUN_@g|'),
	(1931,'GAR'),
	(1932,'GAN'),
	(1933,'GAM'),
	(1934,'GAL'),
	(1935,'|GA.LAGAB|'),
	(1936,'|U_.SAG|'),
	(1937,'|NI.LU|'),
	(1938,'|GA__(HA.LU.E__)|'),
	(1939,'|MA_.KAK.EN|'),
	(1940,'|UZ__KASKAL|'),
	(1941,'|EN._E_|'),
	(1942,'|GA__AN._IM_GAR|'),
	(1943,'|DAG.KISIM__GI|'),
	(1944,'DAG'),
	(1945,'|A.LAGAB_HAL.GAL|'),
	(1946,'_ITA_'),
	(1947,'|GA__BAD|'),
	(1948,'|IM@IM|'),
	(1949,'|DAG.KISIM__(PAP.PAP)|'),
	(1950,'|SAG&SAG|'),
	(1951,'|KI.SAG.DU|'),
	(1952,'BA'),
	(1953,'5(DI_)'),
	(1954,'BI'),
	(1955,'TIL'),
	(1956,'BU'),
	(1957,'|DUN_@g@g.U_|'),
	(1958,'|LAGAB_MU_|'),
	(1959,'|_U.SI.DI|'),
	(1960,'|IGI.GAR|'),
	(1961,'|NI.UD.KI|'),
	(1962,'|SAL.TUG_|'),
	(1963,'|DI.X|'),
	(1964,'|LAL.SAR|'),
	(1965,'|LU___U|'),
	(1966,'|IGI.ZI|'),
	(1967,'|HI_NUN.ME|'),
	(1968,'|4_IDIM|'),
	(1969,'|EZEN_BAD|'),
	(1970,'|PIRIG@PIRIG|'),
	(1971,'|TAB.TAB.TAB.TAB.A_|'),
	(1972,'|AB_._A_|'),
	(1973,'KAB'),
	(1974,'|KA_TAR|'),
	(1975,'|GA__GI_|'),
	(1976,'URUDA'),
	(1977,'|SAG_SAL|'),
	(1978,'UZU'),
	(1979,'|_E._E.KIN|'),
	(1980,'LU_@s'),
	(1981,'|MU_&MU_.A.NA|'),
	(1982,'LU_@t'),
	(1983,'|SIK_.PA.IB|'),
	(1984,'SI@g'),
	(1985,'|SA.HI__E.KAK|'),
	(1986,'|LU_.EN|'),
	(1987,'4(BAN_)'),
	(1988,'|SAL.UD.EDIN|'),
	(1989,'|NINDA__DUB|'),
	(1990,'|4_(EZEN_KASKAL)|'),
	(1991,'|GAL.DUN_@g@g|'),
	(1992,'|IGI.DUB|'),
	(1993,'|KWU089.GAL|'),
	(1994,'|TAG.TAG|'),
	(1995,'|A.LAGAB_HAL|'),
	(1996,'|LU_.NE|'),
	(1997,'|GI%GI|'),
	(1998,'KAL'),
	(1999,'|GA.KASKAL|'),
	(2000,'|GI_E|'),
	(2001,'|UD.HU.HI.NUN|'),
	(2002,'|GA__IGI@g|'),
	(2003,'|NUNUZ.AB__A_GAB|'),
	(2004,'|A_.MU__|'),
	(2005,'|LAM_(KUR.RU)|'),
	(2006,'|GA__BUR|'),
	(2007,'|URU_A_GAB|'),
	(2008,'|GA__(KID.LAL)|'),
	(2009,'|LAGAR_(_E.SUM)|'),
	(2010,'|AN._E.NAGA|'),
	(2011,'|GAR.KINGUSILI.SILA_|'),
	(2012,'|GI_.KUL|'),
	(2013,'|TA_HI|'),
	(2014,'|LAGAB_U|'),
	(2015,'|A_.PA|'),
	(2016,'|RA.RA|'),
	(2017,'|_U_.NAGA|'),
	(2018,'|PA.AN|'),
	(2019,'|_A__BAD|'),
	(2020,'|E.TUM.GA__NUN&NUN|'),
	(2021,'|IGI&IGI._IR&_IR.UD&UD|'),
	(2022,'|SAG__ID|'),
	(2023,'5(_AR_)'),
	(2024,'|LAGAB_HAL|'),
	(2025,'UR'),
	(2026,'UM'),
	(2027,'|PA.HUB_|'),
	(2028,'|UMUM_KASKAL|'),
	(2029,'6(A_~a)'),
	(2030,'|URU_GAL|'),
	(2031,'UD'),
	(2032,'UB'),
	(2033,'|GU.SUR.NUN|'),
	(2034,'|SIK_.A_|'),
	(2035,'|NINDA__(_E.A.AN)|'),
	(2036,'ALAN'),
	(2037,'|GI_.NU__|'),
	(2038,'|DAG.KISIM__SI|'),
	(2039,'|U.GUR|'),
	(2040,'LIMMU_'),
	(2041,'|LU__TUG_|'),
	(2042,'|UD@s.KU_U_|'),
	(2043,'|GI_.SAL.KUR|'),
	(2044,'|GI_.KI.BI|'),
	(2045,'KUL@g'),
	(2046,'|DU&DU.DU&DU|'),
	(2047,'|UM_U.LAGAB|'),
	(2048,'|KI.SU.LU.GAR|'),
	(2049,'|IGI.BU|'),
	(2050,'|RAB.TUR.TUR|'),
	(2051,'|PI_BI|'),
	(2052,'|GA.GA|'),
	(2053,'|MU__A|'),
	(2054,'|LAGAB_A.TAR|'),
	(2055,'|NI.GI_|'),
	(2056,'|SAL.MA|'),
	(2057,'|GI.NA.AB.U.GUD|'),
	(2058,'|KASKAL.GA|'),
	(2059,'|NINDA__U_|'),
	(2060,'|U.GUD|'),
	(2061,'|IGI.NAGAR|'),
	(2062,'DUN_@g'),
	(2063,'|NUN.LAGAR_U_|'),
	(2064,'|U.GA.HI|'),
	(2065,'|GI_.NE@s|'),
	(2066,'|AMAR.GI_|'),
	(2067,'|AMAR.UD|'),
	(2068,'|LAGAB__ITA@t|'),
	(2069,'|NIM_GAN_@t|'),
	(2070,'|PI_BU|'),
	(2071,'|EZEN_(A.LAL)|'),
	(2072,'5(U)0'),
	(2073,'|KA_BAD|'),
	(2074,'|KA_(AD.KU_)|'),
	(2075,'|DUG.DUG|'),
	(2076,'|URU_(MIN.NI.GA)|'),
	(2077,'|ZI&ZI.E__|'),
	(2078,'DAM'),
	(2079,'|EN.ME.GI|'),
	(2080,'|GA__(_E.TUR)|'),
	(2081,'UZ_'),
	(2082,'3(GE_U)'),
	(2083,'DAR'),
	(2084,'9(U)'),
	(2085,'|GUD_(A.KUR)|'),
	(2086,'|U_.KUR.ZA.MU__@g.KI|'),
	(2087,'|LU__GAN_@t|'),
	(2088,'|EZEN_LI|'),
	(2089,'|ERIN_.X_|'),
	(2090,'U'),
	(2091,'|UR__NUN|'),
	(2092,'|KAK_IGI@g|'),
	(2093,'|LAL_.NI|'),
	(2094,'|GA__SAL|'),
	(2095,'|KI.KU.SAG|'),
	(2096,'|HI_A_|'),
	(2097,'|GI_.KU|'),
	(2098,'|SU.A|'),
	(2099,'|KUR.MU__@g.ZA.KI|');

/*!40000 ALTER TABLE `oracc` ENABLE KEYS */;
UNLOCK TABLES;


# Dump of table period
# ------------------------------------------------------------

DROP TABLE IF EXISTS `period`;

CREATE TABLE `period` (
  `id` int(11) NOT NULL AUTO_INCREMENT,
  `name` varchar(150) NOT NULL,
  `from_date` varchar(50) NOT NULL,
  `to_date` varchar(50) NOT NULL,
  PRIMARY KEY (`id`),
  UNIQUE KEY `uq_name` (`name`),
  KEY `idx_name` (`name`)
) ENGINE=InnoDB DEFAULT CHARSET=utf8;

LOCK TABLES `period` WRITE;
/*!40000 ALTER TABLE `period` DISABLE KEYS */;

INSERT INTO `period` (`id`, `name`, `from_date`, `to_date`)
VALUES
	(8,'Old Babylonian','1800 BC','1500 BC'),
	(9,'Middle Babylonian','1500 BC','1000 BC'),
	(10,'Neo-Babylonian','1000 BC','540 BC'),
	(11,'Late Babylonian','540 BC','75 AD'),
	(12,'Old Assyrian','2000 BC','1750 BC'),
	(13,'Middle Assyrian','1500 BC','1000 BC'),
	(14,'Neo-Assyrian','1000 BC','600 BC'),
	(16,'Archaic','5000 BC','5000 BC'),
	(17,'ED','5000 BC','5000 BC'),
	(18,'Late Third Millennium','5000 BC','5000 BC'),
	(19,'Early Dynastic','5000 BC','5000 BC');

/*!40000 ALTER TABLE `period` ENABLE KEYS */;
UNLOCK TABLES;


# Dump of table reign
# ------------------------------------------------------------

DROP TABLE IF EXISTS `reign`;

CREATE TABLE `reign` (
  `id` int(11) NOT NULL AUTO_INCREMENT,
  `rim_ref` varchar(50) NOT NULL,
  `city_id` int(11) DEFAULT NULL,
  `start_date` int(11) DEFAULT NULL,
  `end_date` int(11) DEFAULT NULL,
  `dynasty_id` int(11) DEFAULT NULL,
  `period_id` int(11) NOT NULL,
  `sub_period_id` int(11) DEFAULT NULL,
  `ruler_id` int(11) NOT NULL,
  PRIMARY KEY (`id`),
  KEY `city_id` (`city_id`),
  KEY `start_date` (`start_date`),
  KEY `end_date` (`end_date`),
  KEY `dynasty_id` (`dynasty_id`),
  KEY `period_id` (`period_id`),
  KEY `sub_period_id` (`sub_period_id`),
  KEY `ix_reign_rim_ref` (`rim_ref`),
  KEY `ruler_id` (`ruler_id`),
  CONSTRAINT `reign_ibfk_1` FOREIGN KEY (`city_id`) REFERENCES `city` (`id`),
  CONSTRAINT `reign_ibfk_2` FOREIGN KEY (`start_date`) REFERENCES `year` (`id`),
  CONSTRAINT `reign_ibfk_3` FOREIGN KEY (`end_date`) REFERENCES `year` (`id`),
  CONSTRAINT `reign_ibfk_4` FOREIGN KEY (`dynasty_id`) REFERENCES `dynasty` (`id`),
  CONSTRAINT `reign_ibfk_5` FOREIGN KEY (`period_id`) REFERENCES `period` (`id`),
  CONSTRAINT `reign_ibfk_6` FOREIGN KEY (`sub_period_id`) REFERENCES `sub_period` (`id`),
  CONSTRAINT `reign_ibfk_7` FOREIGN KEY (`ruler_id`) REFERENCES `ruler` (`id`)
) ENGINE=InnoDB DEFAULT CHARSET=utf8;

LOCK TABLES `reign` WRITE;
/*!40000 ALTER TABLE `reign` DISABLE KEYS */;

INSERT INTO `reign` (`id`, `rim_ref`, `city_id`, `start_date`, `end_date`, `dynasty_id`, `period_id`, `sub_period_id`, `ruler_id`)
VALUES
	(2320,'A.0.100',NULL,890,884,NULL,12,5,5028),
	(2321,'A.0.1001',NULL,NULL,NULL,NULL,12,5,5029),
	(2322,'A.0.1002',NULL,NULL,NULL,NULL,12,5,5030),
	(2323,'A.0.1003',NULL,NULL,NULL,NULL,12,5,5031),
	(2324,'A.0.1004',NULL,NULL,NULL,NULL,12,5,5032),
	(2325,'A.0.101',NULL,883,859,NULL,14,3,5033),
	(2326,'A.0.102',NULL,858,824,NULL,14,3,5034),
	(2327,'A.0.103',NULL,823,811,NULL,14,3,5035),
	(2328,'A.0.104',NULL,810,783,NULL,14,3,5036),
	(2329,'A.0.105',NULL,782,773,NULL,14,3,5037),
	(2330,'A.0.106',NULL,772,755,NULL,14,3,5038),
	(2331,'A.0.107',NULL,754,745,NULL,14,3,5039),
	(2332,'A.0.117',NULL,611,609,NULL,14,17,5040),
	(2333,'A.0.16',NULL,NULL,NULL,NULL,12,5,5041),
	(2334,'A.0.17',NULL,NULL,NULL,NULL,12,5,5042),
	(2335,'A.0.18',NULL,NULL,NULL,NULL,12,5,5043),
	(2336,'A.0.19',NULL,NULL,NULL,NULL,12,5,5044),
	(2337,'A.0.20',NULL,NULL,NULL,NULL,12,5,5045),
	(2338,'A.0.21',NULL,NULL,NULL,NULL,12,5,5046),
	(2339,'A.0.22',NULL,NULL,NULL,NULL,12,5,5047),
	(2340,'A.0.23',NULL,NULL,NULL,NULL,12,5,5048),
	(2341,'A.0.24',NULL,NULL,NULL,NULL,12,5,5049),
	(2342,'A.0.25',NULL,NULL,NULL,NULL,12,5,5050),
	(2343,'A.0.26',NULL,NULL,NULL,NULL,12,5,5051),
	(2344,'A.0.27',NULL,NULL,NULL,NULL,12,5,5052),
	(2345,'A.0.27',NULL,NULL,NULL,NULL,12,5,5053),
	(2346,'A.0.28',NULL,NULL,NULL,NULL,12,5,5054),
	(2347,'A.0.29',NULL,NULL,NULL,NULL,12,5,5055),
	(2348,'A.0.30',NULL,NULL,NULL,NULL,12,5,5056),
	(2349,'A.0.31',NULL,NULL,NULL,NULL,12,5,5057),
	(2350,'A.0.32',NULL,NULL,NULL,NULL,12,5,5058),
	(2351,'A.0.33',NULL,NULL,NULL,NULL,12,5,5059),
	(2352,'A.0.34',NULL,NULL,NULL,NULL,12,5,5060),
	(2353,'A.0.35',NULL,NULL,NULL,NULL,12,5,5061),
	(2354,'A.0.36',NULL,NULL,NULL,NULL,12,5,5062),
	(2355,'A.0.37',NULL,NULL,NULL,NULL,12,5,5063),
	(2356,'A.0.38',NULL,NULL,NULL,NULL,12,5,5064),
	(2357,'A.0.39',NULL,NULL,NULL,NULL,12,13,5065),
	(2358,'A.0.40',NULL,NULL,NULL,NULL,12,13,5066),
	(2359,'A.0.40',NULL,NULL,NULL,NULL,12,13,5067),
	(2360,'A.0.40a',NULL,NULL,NULL,NULL,12,13,5068),
	(2361,'A.0.40b',NULL,NULL,NULL,NULL,12,13,5069),
	(2362,'A.0.40c',NULL,NULL,NULL,NULL,12,13,5070),
	(2363,'A.0.41',NULL,NULL,NULL,NULL,12,13,5071),
	(2364,'A.0.42',NULL,NULL,NULL,NULL,12,13,5072),
	(2365,'A.0.43',NULL,NULL,NULL,NULL,12,13,5073),
	(2366,'A.0.44',NULL,NULL,NULL,NULL,12,13,5074),
	(2367,'A.0.45',NULL,NULL,NULL,NULL,12,13,5075),
	(2368,'A.0.46',NULL,NULL,NULL,NULL,12,13,5076),
	(2369,'A.0.47',NULL,NULL,NULL,NULL,12,13,5077),
	(2370,'A.0.49',NULL,NULL,NULL,NULL,12,13,5078),
	(2371,'A.0.50',NULL,NULL,NULL,NULL,12,13,5079),
	(2372,'A.0.51',NULL,NULL,NULL,NULL,12,13,5080),
	(2373,'A.0.52',NULL,NULL,NULL,NULL,12,13,5081),
	(2374,'A.0.53',NULL,NULL,NULL,NULL,12,13,5082),
	(2375,'A.0.54',NULL,NULL,NULL,NULL,12,13,5083),
	(2376,'A.0.55',NULL,NULL,NULL,NULL,12,13,5084),
	(2377,'A.0.56',NULL,NULL,NULL,NULL,13,NULL,5085),
	(2378,'A.0.57',NULL,NULL,NULL,NULL,13,NULL,5086),
	(2379,'A.0.58',NULL,NULL,NULL,NULL,13,NULL,5087),
	(2380,'A.0.59',NULL,NULL,NULL,NULL,13,NULL,5088),
	(2381,'A.0.60',NULL,NULL,NULL,NULL,13,NULL,5089),
	(2382,'A.0.61',NULL,NULL,NULL,NULL,13,NULL,5090),
	(2383,'A.0.62',NULL,NULL,NULL,NULL,13,NULL,5091),
	(2384,'A.0.63',NULL,NULL,NULL,NULL,13,NULL,5092),
	(2385,'A.0.64',NULL,NULL,NULL,NULL,13,NULL,5093),
	(2386,'A.0.65',NULL,NULL,NULL,NULL,13,NULL,5094),
	(2387,'A.0.66',NULL,NULL,NULL,NULL,13,NULL,5095),
	(2388,'A.0.67',NULL,1430,1425,NULL,13,NULL,5096),
	(2389,'A.0.68',NULL,1424,1418,NULL,13,NULL,5097),
	(2390,'A.0.69',NULL,1417,1409,NULL,13,NULL,5098),
	(2391,'A.0.70',NULL,1408,1401,NULL,13,NULL,5099),
	(2392,'A.0.71',NULL,1400,1391,NULL,13,NULL,5100),
	(2393,'A.0.72',NULL,1390,1364,NULL,13,NULL,5101),
	(2394,'A.0.73',NULL,1363,1328,NULL,13,NULL,5102),
	(2395,'A.0.74',NULL,1327,1318,NULL,13,NULL,5103),
	(2396,'A.0.75',NULL,1317,1306,NULL,13,NULL,5104),
	(2397,'A.0.76',NULL,1305,1274,NULL,13,NULL,5105),
	(2398,'A.0.77',NULL,1273,1244,NULL,13,NULL,5106),
	(2399,'A.0.78',NULL,1243,1207,NULL,13,NULL,5107),
	(2400,'A.0.78a',NULL,NULL,NULL,NULL,13,NULL,5108),
	(2401,'A.0.79',NULL,1206,1203,NULL,13,NULL,5109),
	(2402,'A.0.80',NULL,1202,1197,NULL,13,NULL,5110),
	(2403,'A.0.81',NULL,1196,1192,NULL,13,NULL,5111),
	(2404,'A.0.82',NULL,1191,1179,NULL,13,NULL,5112),
	(2405,'A.0.83',NULL,1178,1133,NULL,13,NULL,5113),
	(2406,'A.0.84',NULL,NULL,NULL,NULL,13,NULL,5114),
	(2407,'A.0.85',NULL,NULL,NULL,NULL,13,NULL,5115),
	(2408,'A.0.86',NULL,1132,1115,NULL,13,NULL,5116),
	(2409,'A.0.87',NULL,1114,1076,NULL,13,NULL,5117),
	(2410,'A.0.88',NULL,1075,1074,NULL,13,NULL,5118),
	(2411,'A.0.89',NULL,1073,1056,NULL,13,NULL,5119),
	(2412,'A.0.90',NULL,1055,1054,NULL,13,NULL,5120),
	(2413,'A.0.91',NULL,1053,1050,NULL,13,NULL,5121),
	(2414,'A.0.92',NULL,1049,1031,NULL,13,NULL,5122),
	(2415,'A.0.93',NULL,1030,1019,NULL,13,NULL,5123),
	(2416,'A.0.94',NULL,1018,1013,NULL,13,NULL,5124),
	(2417,'A.0.95',NULL,1012,972,NULL,13,NULL,5125),
	(2418,'A.0.96',NULL,971,967,NULL,14,3,5126),
	(2419,'A.0.97',NULL,966,935,NULL,14,3,5127),
	(2420,'A.0.98',NULL,943,912,NULL,14,3,5128),
	(2421,'A.0.99',NULL,911,891,NULL,14,3,5129),
	(2422,'B.1.1',NULL,NULL,NULL,4,9,11,5130),
	(2423,'B.1.10',NULL,NULL,NULL,4,9,11,5131),
	(2424,'B.1.11',NULL,NULL,NULL,4,9,11,5132),
	(2425,'B.1.12',NULL,NULL,NULL,4,9,11,5133),
	(2426,'B.1.13',NULL,NULL,NULL,4,9,11,5134),
	(2427,'B.1.14',NULL,NULL,NULL,4,9,11,5135),
	(2428,'B.1.15',NULL,NULL,NULL,4,9,11,5136),
	(2429,'B.1.16',NULL,NULL,NULL,4,9,11,5137),
	(2430,'B.1.17',NULL,NULL,NULL,4,9,11,5138),
	(2431,'B.1.18',NULL,1374,1360,4,9,11,5139),
	(2432,'B.1.19',NULL,1359,1333,4,9,11,5140),
	(2433,'B.1.2',NULL,NULL,NULL,4,9,11,5141),
	(2434,'B.1.20',NULL,1333,NULL,4,9,11,5142),
	(2435,'B.1.21',NULL,1333,NULL,4,9,11,5143),
	(2436,'B.1.22',NULL,1332,1308,4,9,11,5144),
	(2437,'B.1.23',NULL,1307,1282,4,9,11,5145),
	(2438,'B.1.24',NULL,1281,1264,4,9,11,5146),
	(2439,'B.1.25',NULL,1263,1255,4,9,11,5147),
	(2440,'B.1.26',NULL,1254,1246,4,9,11,5148),
	(2441,'B.1.27',NULL,1245,1233,4,9,11,5149),
	(2442,'B.1.28',NULL,1232,1225,4,9,11,5150),
	(2443,'B.1.29',NULL,1224,NULL,4,9,11,5151),
	(2444,'B.1.3',NULL,NULL,NULL,4,9,11,5152),
	(2445,'B.1.30',NULL,1223,NULL,4,9,11,5153),
	(2446,'B.1.31',NULL,1222,1217,4,9,11,5154),
	(2447,'B.1.32',NULL,1216,1187,4,9,11,5155),
	(2448,'B.1.33',NULL,1186,1172,4,9,11,5156),
	(2449,'B.1.34',NULL,1171,1159,4,9,11,5157),
	(2450,'B.1.35',NULL,1158,NULL,4,9,11,5158),
	(2451,'B.1.36',NULL,1157,1155,4,9,11,5159),
	(2452,'B.1.4',NULL,NULL,NULL,4,9,11,5160),
	(2453,'B.1.5',NULL,NULL,NULL,4,9,11,5161),
	(2454,'B.1.5a',NULL,NULL,NULL,4,9,11,5162),
	(2455,'B.1.6',NULL,NULL,NULL,4,9,11,5163),
	(2456,'B.1.7',NULL,NULL,NULL,4,9,11,5164),
	(2457,'B.1.8',NULL,NULL,NULL,4,9,11,5165),
	(2458,'B.1.9',NULL,NULL,NULL,4,9,11,5166),
	(2459,'B.10.1',NULL,305,281,5,11,10,5167),
	(2460,'B.10.2',NULL,281,261,5,11,10,5168),
	(2461,'B.10.3',NULL,261,246,5,11,10,5169),
	(2462,'B.10.4',NULL,246,226,5,11,10,5170),
	(2463,'B.10.5',NULL,225,223,5,11,10,5171),
	(2464,'B.10.6',NULL,222,187,5,11,10,5172),
	(2465,'B.10.7',NULL,187,175,5,11,10,5173),
	(2466,'B.10.8',NULL,175,164,5,11,10,5174),
	(2467,'B.7.1',NULL,625,605,6,10,2,5175),
	(2468,'B.7.2',NULL,604,562,6,10,2,5176),
	(2469,'B.7.3',NULL,561,560,6,10,2,5177),
	(2470,'B.7.4',NULL,559,556,6,10,2,5178),
	(2471,'B.7.5',NULL,556,NULL,6,10,2,5179),
	(2472,'B.7.6',NULL,555,539,6,10,2,5180),
	(2473,'B.8.1',NULL,538,530,7,11,1,5181),
	(2474,'B.8.10',NULL,464,424,7,11,1,5182),
	(2475,'B.8.11',NULL,424,NULL,7,11,1,5183),
	(2476,'B.8.12',NULL,423,405,7,11,1,5184),
	(2477,'B.8.13',NULL,404,359,7,11,1,5185),
	(2478,'B.8.14',NULL,358,338,7,11,1,5186),
	(2479,'B.8.15',NULL,337,336,7,11,1,5187),
	(2480,'B.8.16',NULL,335,331,7,11,1,5188),
	(2481,'B.8.2',NULL,529,522,7,11,1,5189),
	(2482,'B.8.3',NULL,522,NULL,7,11,1,5190),
	(2483,'B.8.4',NULL,522,NULL,7,11,1,5191),
	(2484,'B.8.5',NULL,521,NULL,7,11,1,5192),
	(2485,'B.8.6',NULL,521,486,7,11,1,5193),
	(2486,'B.8.7',NULL,485,465,7,11,1,5194),
	(2487,'B.8.8',NULL,482,NULL,7,11,1,5195),
	(2488,'B.8.9',NULL,482,NULL,7,11,1,5196),
	(2489,'B.9.1',NULL,330,323,8,11,10,5197),
	(2490,'B.9.2',NULL,323,316,8,11,10,5198),
	(2491,'B.9.3',NULL,316,307,8,11,10,5199),
	(2492,'B.2.0',NULL,NULL,NULL,9,9,16,5200),
	(2493,'B.2.1',NULL,1157,1140,9,9,16,5201),
	(2494,'B.2.10',NULL,1045,1034,9,9,16,5202),
	(2495,'B.2.11',NULL,1033,1026,9,9,16,5203),
	(2496,'B.2.2',NULL,1139,1132,9,9,16,5204),
	(2497,'B.2.3',NULL,1131,1126,9,9,16,5205),
	(2498,'B.2.4',NULL,1125,1104,9,9,16,5206),
	(2499,'B.2.5',NULL,1103,1100,9,9,16,5207),
	(2500,'B.2.6',NULL,1099,1082,9,9,16,5208),
	(2501,'B.2.7',NULL,1081,1069,9,9,16,5209),
	(2502,'B.2.8',NULL,1068,1047,9,9,16,5210),
	(2503,'B.2.9',NULL,1046,NULL,9,9,16,5211),
	(2504,'B.3.1',NULL,1025,1008,10,9,16,5212),
	(2505,'B.3.2',NULL,1008,NULL,10,9,16,5213),
	(2506,'B.3.3',NULL,1007,1005,10,9,16,5214),
	(2507,'B.4.0',NULL,NULL,NULL,11,10,4,5215),
	(2508,'B.4.1',NULL,1004,988,11,10,4,5216),
	(2509,'B.4.2',NULL,987,985,11,10,4,5217),
	(2510,'B.4.3',NULL,985,NULL,11,10,4,5218),
	(2511,'B.5.1',NULL,984,979,12,10,4,5219),
	(2512,'B.6.1',NULL,978,943,13,10,4,5220),
	(2513,'B.6.10',NULL,NULL,NULL,13,10,4,5221),
	(2514,'B.6.11',NULL,NULL,NULL,13,10,4,5222),
	(2515,'B.6.12',NULL,NULL,NULL,13,10,4,5223),
	(2516,'B.6.13',NULL,NULL,NULL,13,10,4,5224),
	(2517,'B.6.14',NULL,760,748,13,10,4,5225),
	(2518,'B.6.15',NULL,747,734,13,10,4,5226),
	(2519,'B.6.16',NULL,733,732,13,10,4,5227),
	(2520,'B.6.17',NULL,732,NULL,13,10,4,5228),
	(2521,'B.6.18',NULL,731,729,13,10,4,5229),
	(2522,'B.6.19',NULL,728,727,13,10,4,5230),
	(2523,'B.6.2',NULL,943,NULL,13,10,4,5231),
	(2524,'B.6.20',NULL,726,722,13,10,4,5232),
	(2525,'B.6.22',NULL,709,705,13,10,4,5233),
	(2526,'B.6.24',NULL,703,NULL,13,10,4,5234),
	(2527,'B.6.25',NULL,703,NULL,13,10,4,5235),
	(2528,'B.6.26',NULL,702,700,13,10,4,5236),
	(2529,'B.6.27',NULL,699,694,13,10,4,5237),
	(2530,'B.6.28',NULL,693,NULL,13,10,4,5238),
	(2531,'B.6.29',NULL,692,689,13,10,4,5239),
	(2532,'B.6.3',NULL,942,NULL,13,10,4,5240),
	(2533,'B.6.30',NULL,688,681,13,10,4,5241),
	(2534,'B.6.31',NULL,680,669,13,10,4,5242),
	(2535,'B.6.32',NULL,668,NULL,13,10,4,5243),
	(2536,'B.6.33',NULL,667,648,13,10,4,5244),
	(2537,'B.6.34',NULL,647,627,13,10,4,5245),
	(2538,'B.6.35',NULL,NULL,NULL,13,10,4,5246),
	(2539,'B.6.36',NULL,NULL,NULL,13,10,4,5247),
	(2540,'B.6.37',NULL,NULL,NULL,13,10,4,5248),
	(2541,'B.6.4',NULL,NULL,NULL,13,10,4,5249),
	(2542,'B.6.5',NULL,NULL,NULL,13,10,4,5250),
	(2543,'B.6.6',NULL,NULL,NULL,13,10,4,5251),
	(2544,'B.6.7',NULL,NULL,NULL,13,10,4,5252),
	(2545,'B.6.8',NULL,NULL,813,13,10,4,5253),
	(2546,'B.6.9',NULL,812,NULL,13,10,4,5254),
	(2547,'E.1.1.1',110,NULL,NULL,NULL,19,8,5255),
	(2548,'E.1.1.2',110,NULL,NULL,NULL,19,8,5256),
	(2549,'E.1.1.3',110,NULL,NULL,NULL,19,8,5257),
	(2550,'E.1.1.4',110,NULL,NULL,NULL,19,8,5258),
	(2551,'E.1.1.5',110,NULL,NULL,NULL,19,8,5259),
	(2552,'E.1.1.6',110,NULL,NULL,NULL,19,NULL,5260),
	(2553,'E.1.1.7',110,NULL,NULL,NULL,19,NULL,5261),
	(2554,'E.1.1.8',110,NULL,NULL,NULL,19,NULL,5262),
	(2555,'E.1.1.9',110,NULL,NULL,NULL,19,9,5263),
	(2556,'E.1.10.1',89,NULL,NULL,NULL,19,NULL,5264),
	(2557,'E.1.10.10',89,NULL,NULL,NULL,19,NULL,5265),
	(2558,'E.1.10.11',89,NULL,NULL,NULL,19,NULL,5266),
	(2559,'E.1.10.12',89,NULL,NULL,NULL,19,NULL,5267),
	(2560,'E.1.10.13',89,NULL,NULL,NULL,19,NULL,5268),
	(2561,'E.1.10.14',89,NULL,NULL,NULL,19,NULL,5269),
	(2562,'E.1.10.15',89,NULL,NULL,NULL,19,NULL,5270),
	(2563,'E.1.10.16',89,NULL,NULL,NULL,19,NULL,5271),
	(2564,'E.1.10.17',89,NULL,NULL,NULL,19,NULL,5272),
	(2565,'E.1.10.18',89,NULL,NULL,NULL,19,NULL,5273),
	(2566,'E.1.10.19',89,NULL,NULL,NULL,19,NULL,5274),
	(2567,'E.1.10.3-4',89,NULL,NULL,NULL,19,NULL,5275),
	(2568,'E.1.10.7',89,NULL,NULL,NULL,19,NULL,5276),
	(2569,'E.1.10.8',89,NULL,NULL,NULL,19,NULL,5277),
	(2570,'E.1.10.9',89,NULL,NULL,NULL,19,NULL,5278),
	(2571,'E.1.11.1',94,NULL,NULL,NULL,19,NULL,5279),
	(2572,'E.1.11.2',94,NULL,NULL,NULL,19,NULL,5280),
	(2573,'E.1.11.3',94,NULL,NULL,NULL,19,NULL,5281),
	(2574,'E.1.12.1',96,NULL,NULL,NULL,19,7,5282),
	(2575,'E.1.12.2',96,NULL,NULL,NULL,19,7,5283),
	(2576,'E.1.12.3',96,NULL,NULL,NULL,19,NULL,5284),
	(2577,'E.1.12.4',96,NULL,NULL,NULL,19,NULL,5285),
	(2578,'E.1.12.5',96,NULL,NULL,NULL,19,9,5286),
	(2579,'E.1.12.6',96,NULL,NULL,NULL,19,9,5287),
	(2580,'E.1.13.1',104,NULL,NULL,NULL,19,8,5288),
	(2581,'E.1.13.10',104,NULL,NULL,NULL,19,9,5289),
	(2582,'E.1.13.2',104,NULL,NULL,NULL,19,8,5290),
	(2583,'E.1.13.2.1001',104,NULL,NULL,NULL,19,NULL,5291),
	(2584,'E.1.13.3',104,NULL,NULL,NULL,19,9,5292),
	(2585,'E.1.13.4',104,NULL,NULL,NULL,19,9,5293),
	(2586,'E.1.13.5',104,NULL,NULL,NULL,19,9,5294),
	(2587,'E.1.13.6',104,NULL,NULL,NULL,19,9,5295),
	(2588,'E.1.13.7',104,NULL,NULL,NULL,19,9,5296),
	(2589,'E.1.13.8',104,NULL,NULL,NULL,19,9,5297),
	(2590,'E.1.13.9',104,NULL,NULL,NULL,19,9,5298),
	(2591,'E.1.14.13',106,NULL,NULL,NULL,19,9,5299),
	(2592,'E.1.14.14',106,NULL,NULL,NULL,19,9,5300),
	(2593,'E.1.14.15',106,NULL,NULL,NULL,19,9,5301),
	(2594,'E.1.14.16',106,NULL,NULL,NULL,19,9,5302),
	(2595,'E.1.14.17',106,NULL,NULL,NULL,19,9,5303),
	(2596,'E.1.14.20',106,NULL,NULL,NULL,19,9,5304),
	(2597,'E.1.14.21',106,NULL,NULL,NULL,19,9,5305),
	(2598,'E.1.15.1',NULL,NULL,NULL,NULL,19,NULL,5306),
	(2599,'E.1.15.2',NULL,NULL,NULL,NULL,19,NULL,5307),
	(2600,'E.1.15.3',NULL,NULL,NULL,NULL,19,NULL,5308),
	(2601,'E.1.15.4',NULL,NULL,NULL,NULL,19,NULL,5309),
	(2602,'E.1.5.1',70,NULL,NULL,NULL,19,NULL,5310),
	(2603,'E.1.7.22',83,NULL,NULL,NULL,19,7,5311),
	(2604,'E.1.7.40',83,NULL,NULL,NULL,19,NULL,5312),
	(2605,'E.1.7.41',83,NULL,NULL,NULL,19,NULL,5313),
	(2606,'E.1.7.42',83,NULL,NULL,NULL,19,NULL,5314),
	(2607,'E.1.7.43',83,NULL,NULL,NULL,19,NULL,5315),
	(2608,'E.1.8.1',83,NULL,NULL,NULL,19,8,5316),
	(2609,'E.1.8.2',83,NULL,NULL,NULL,19,8,5317),
	(2610,'E.1.8.3',83,NULL,NULL,NULL,19,8,5318),
	(2611,'E.1.9.1',86,NULL,NULL,NULL,19,9,5319),
	(2612,'E.1.9.10',86,NULL,NULL,NULL,19,9,5320),
	(2613,'E.1.9.2',86,NULL,NULL,NULL,19,9,5321),
	(2614,'E.1.9.3',86,NULL,NULL,NULL,19,9,5322),
	(2615,'E.1.9.4',86,NULL,NULL,NULL,19,9,5323),
	(2616,'E.1.9.5',86,NULL,NULL,NULL,19,9,5324),
	(2617,'E.1.9.6',86,NULL,NULL,NULL,19,9,5325),
	(2618,'E.1.9.7',86,NULL,NULL,NULL,19,9,5326),
	(2619,'E.1.9.8',86,NULL,NULL,NULL,19,9,5327),
	(2620,'E.1.9.9',86,NULL,NULL,NULL,19,9,5328),
	(2621,'E.2.1.1',NULL,2334,2279,14,18,15,5329),
	(2622,'E.2.1.10',NULL,2189,2169,14,18,15,5330),
	(2623,'E.2.1.11',NULL,2168,2154,14,18,15,5331),
	(2624,'E.2.1.2',NULL,2278,2270,14,18,15,5332),
	(2625,'E.2.1.3',NULL,2269,2255,14,18,15,5333),
	(2626,'E.2.1.4',NULL,2254,2218,14,18,15,5334),
	(2627,'E.2.1.51',NULL,2217,2193,14,18,15,5335),
	(2628,'E.2.1.69',NULL,NULL,NULL,14,18,15,5336),
	(2629,'E.2.10.1',102,NULL,NULL,NULL,18,15,5337),
	(2630,'E.2.11.11',103,NULL,NULL,NULL,18,15,5338),
	(2631,'E.2.11.12',103,NULL,NULL,NULL,18,15,5339),
	(2632,'E.2.11.13',103,NULL,NULL,NULL,18,15,5340),
	(2633,'E.2.11.2',103,NULL,NULL,NULL,18,15,5341),
	(2634,'E.2.11.5',103,NULL,NULL,NULL,18,15,5342),
	(2635,'E.2.11.6',103,NULL,NULL,NULL,18,15,5343),
	(2636,'E.2.12.4',86,NULL,NULL,NULL,18,15,5344),
	(2637,'E.2.12.5',86,NULL,NULL,NULL,18,15,5345),
	(2638,'E.2.13.1',106,NULL,NULL,NULL,18,15,5346),
	(2639,'E.2.13.2',106,NULL,NULL,NULL,18,15,5347),
	(2640,'E.2.13.3',106,NULL,NULL,NULL,18,15,5348),
	(2641,'E.2.13.4',106,NULL,NULL,NULL,18,15,5349),
	(2642,'E.2.13.5',106,NULL,NULL,NULL,18,15,5350),
	(2643,'E.2.13.6',106,NULL,NULL,NULL,18,15,5351),
	(2644,'E.2.14.1',112,NULL,NULL,NULL,18,15,5352),
	(2645,'E.2.15.1',104,NULL,NULL,NULL,18,15,5353),
	(2646,'E.2.16.1',113,NULL,NULL,NULL,18,15,5354),
	(2647,'E.2.16.2',113,NULL,NULL,NULL,18,15,5355),
	(2648,'E.2.16.3',113,NULL,NULL,NULL,18,15,5356),
	(2649,'E.2.2.1.1',NULL,NULL,NULL,15,18,15,5357),
	(2650,'E.2.2.14',NULL,NULL,NULL,15,18,15,5358),
	(2651,'E.2.2.19',NULL,NULL,NULL,15,18,15,5359),
	(2652,'E.2.2.20',NULL,NULL,NULL,15,18,15,5360),
	(2653,'E.2.4.1',NULL,NULL,NULL,15,18,15,5361),
	(2654,'E.2.5.1',114,NULL,NULL,NULL,18,15,5362),
	(2655,'E.2.6.1',94,NULL,NULL,NULL,18,15,5363),
	(2656,'E.2.6.2',94,NULL,NULL,NULL,18,15,5364),
	(2657,'E.2.6.3',94,NULL,NULL,NULL,18,15,5365),
	(2658,'E.2.7.1',78,NULL,NULL,NULL,18,15,5366),
	(2659,'E.2.8.1',117,NULL,NULL,NULL,18,15,5367),
	(2660,'E.2.9.1',110,NULL,NULL,NULL,18,15,5368),
	(2661,'E.2.9.2',110,NULL,NULL,NULL,18,15,5369),
	(2662,'E.2.9.3',110,NULL,NULL,NULL,18,15,5370),
	(2663,'E.2.9.4',110,NULL,NULL,NULL,18,15,5371),
	(2664,'E.2.9.5',110,NULL,NULL,NULL,18,15,5372),
	(2665,'E.3/1.1.0',86,NULL,NULL,16,18,12,5373),
	(2666,'E.3/1.1.1',86,NULL,NULL,16,18,12,5374),
	(2667,'E.3/1.1.10',86,NULL,NULL,16,18,12,5375),
	(2668,'E.3/1.1.11',86,NULL,NULL,16,18,12,5376),
	(2669,'E.3/1.1.12',86,NULL,NULL,16,18,12,5377),
	(2670,'E.3/1.1.2',86,NULL,NULL,16,18,12,5378),
	(2671,'E.3/1.1.3',86,NULL,NULL,16,18,12,5379),
	(2672,'E.3/1.1.4',86,NULL,NULL,16,18,12,5380),
	(2673,'E.3/1.1.5',86,NULL,NULL,16,18,12,5381),
	(2674,'E.3/1.1.6',86,NULL,NULL,16,18,12,5382),
	(2675,'E.3/1.1.7',86,NULL,NULL,16,18,12,5383),
	(2676,'E.3/1.1.8',86,NULL,NULL,16,18,12,5384),
	(2677,'E.3/1.1.9',86,NULL,NULL,16,18,12,5385),
	(2678,'E.3/2.1.1',104,2112,2095,17,18,18,5386),
	(2679,'E.3/2.1.2',104,2094,NULL,17,18,18,5387),
	(2680,'E.3/2.1.3',104,2046,2038,17,18,18,5388),
	(2681,'E.3/2.1.4',104,2037,2029,17,18,18,5389),
	(2682,'E.3/2.1.5',104,2028,2004,17,18,18,5390),
	(2683,'E.3/2.2.1',73,NULL,NULL,NULL,18,18,5391),
	(2684,'E.3/2.2.2',73,NULL,NULL,NULL,18,18,5392),
	(2685,'E.3/2.2.3',73,NULL,NULL,NULL,18,18,5393),
	(2686,'E.3/2.3.1',72,NULL,NULL,NULL,18,18,5394),
	(2687,'E.3/2.3.2',72,NULL,NULL,NULL,18,18,5395),
	(2688,'E.3/2.4.1',89,NULL,NULL,NULL,18,18,5396),
	(2689,'E.3/2.4.2',89,NULL,NULL,NULL,18,18,5397),
	(2690,'E.3/2.4.3',89,NULL,NULL,NULL,18,18,5398),
	(2691,'E.3/2.4.4',89,NULL,NULL,NULL,18,18,5399),
	(2692,'E.3/2.4.5',89,NULL,NULL,NULL,18,18,5400),
	(2693,'E.3/2.4.6',89,NULL,NULL,NULL,18,18,5401),
	(2694,'E.3/2.4.7',89,NULL,NULL,NULL,18,18,5402),
	(2695,'E.3/2.5.1',81,NULL,NULL,NULL,18,18,5403),
	(2696,'E.3/2.5.2',81,NULL,NULL,NULL,18,18,5404),
	(2697,'E.3/2.6.1',82,NULL,NULL,NULL,18,18,5405),
	(2698,'E.3/2.7.1',105,NULL,NULL,NULL,18,18,5406),
	(2699,'E.3/2.7.2',105,NULL,NULL,NULL,18,18,5407),
	(2700,'E.3/2.7.3',105,NULL,NULL,NULL,18,18,5408),
	(2701,'E.4.0.1',NULL,NULL,NULL,NULL,8,NULL,5409),
	(2702,'E.4.0.10',NULL,NULL,NULL,NULL,8,NULL,5410),
	(2703,'E.4.0.11',NULL,NULL,NULL,NULL,8,6,5411),
	(2704,'E.4.0.12',NULL,NULL,NULL,NULL,8,NULL,5412),
	(2705,'E.4.0.13',NULL,NULL,NULL,NULL,8,14,5413),
	(2706,'E.4.0.14',NULL,NULL,NULL,NULL,8,NULL,5414),
	(2707,'E.4.0.15',NULL,NULL,NULL,NULL,8,NULL,5415),
	(2708,'E.4.0.16',NULL,NULL,NULL,NULL,8,6,5416),
	(2709,'E.4.0.17',NULL,NULL,NULL,NULL,8,NULL,5417),
	(2710,'E.4.0.18',NULL,NULL,NULL,NULL,8,6,5418),
	(2711,'E.4.0.19',NULL,NULL,NULL,NULL,8,NULL,5419),
	(2712,'E.4.0.2',NULL,NULL,NULL,NULL,8,NULL,5420),
	(2713,'E.4.0.20',NULL,NULL,NULL,NULL,8,NULL,5421),
	(2714,'E.4.0.3',NULL,NULL,NULL,NULL,8,NULL,5422),
	(2715,'E.4.0.4',NULL,NULL,NULL,NULL,8,NULL,5423),
	(2716,'E.4.0.5',NULL,NULL,NULL,NULL,8,NULL,5424),
	(2717,'E.4.0.6',NULL,NULL,NULL,NULL,8,NULL,5425),
	(2718,'E.4.0.7',NULL,NULL,NULL,NULL,8,6,5426),
	(2719,'E.4.0.8',NULL,NULL,NULL,NULL,8,NULL,5427),
	(2720,'E.4.0.9',NULL,NULL,NULL,NULL,8,NULL,5428),
	(2721,'E.4.1.1',78,2017,1985,18,8,6,5429),
	(2722,'E.4.1.10',78,1860,1837,18,8,6,5430),
	(2723,'E.4.1.11',78,1836,1834,18,8,6,5431),
	(2724,'E.4.1.12',78,NULL,NULL,18,8,6,5432),
	(2725,'E.4.1.13',78,NULL,NULL,18,8,6,5433),
	(2726,'E.4.1.14',78,NULL,NULL,18,8,6,5434),
	(2727,'E.4.1.15',78,NULL,NULL,18,8,6,5435),
	(2728,'E.4.1.2',78,1984,1975,18,8,6,5436),
	(2729,'E.4.1.3',78,1974,1954,18,8,6,5437),
	(2730,'E.4.1.4',78,1953,1935,18,8,6,5438),
	(2731,'E.4.1.5',78,1934,1924,18,8,6,5439),
	(2732,'E.4.1.6',78,1923,1896,18,8,6,5440),
	(2733,'E.4.1.7',78,1895,1874,18,8,6,5441),
	(2734,'E.4.1.8',78,1873,1869,18,8,6,5442),
	(2735,'E.4.1.9',78,1868,1861,18,8,6,5443),
	(2736,'E.4.10.1',NULL,NULL,NULL,19,8,6,5444),
	(2737,'E.4.10.2',NULL,NULL,NULL,19,8,6,5445),
	(2738,'E.4.10.3',NULL,NULL,NULL,19,8,6,5446),
	(2739,'E.4.10.4',NULL,NULL,NULL,19,8,6,5447),
	(2740,'E.4.10.5',NULL,NULL,NULL,19,8,6,5448),
	(2741,'E.4.10.6',NULL,NULL,NULL,19,8,6,5449),
	(2742,'E.4.10.7',NULL,NULL,NULL,19,8,6,5450),
	(2743,'E.4.11.1',88,NULL,NULL,NULL,8,NULL,5451),
	(2744,'E.4.11.2',88,NULL,NULL,NULL,8,NULL,5452),
	(2745,'E.4.12.1',66,NULL,NULL,NULL,8,6,5453),
	(2746,'E.4.12.2',66,NULL,NULL,NULL,8,6,5454),
	(2747,'E.4.12.3',66,NULL,NULL,NULL,8,6,5455),
	(2748,'E.4.12.4',66,NULL,NULL,NULL,8,6,5456),
	(2749,'E.4.13.1',67,NULL,NULL,NULL,8,6,5457),
	(2750,'E.4.13.2',67,NULL,NULL,NULL,8,6,5458),
	(2751,'E.4.14.1',NULL,NULL,NULL,20,8,6,5459),
	(2752,'E.4.14.2',NULL,NULL,NULL,20,8,6,5460),
	(2753,'E.4.14.3',NULL,NULL,NULL,20,8,6,5461),
	(2754,'E.4.14.4',NULL,NULL,NULL,20,8,6,5462),
	(2755,'E.4.14.5',NULL,NULL,NULL,20,8,6,5463),
	(2756,'E.4.15.1',99,NULL,NULL,NULL,8,NULL,5464),
	(2757,'E.4.15.2',99,NULL,NULL,NULL,8,NULL,5465),
	(2758,'E.4.15.3',99,NULL,NULL,NULL,8,NULL,5466),
	(2759,'E.4.16.1',90,NULL,NULL,NULL,8,6,5467),
	(2760,'E.4.17.1',107,NULL,NULL,NULL,8,NULL,5468),
	(2761,'E.4.18.1',NULL,NULL,NULL,21,8,6,5469),
	(2762,'E.4.19.1',NULL,NULL,NULL,22,8,6,5470),
	(2763,'E.4.19.2',NULL,NULL,NULL,22,8,6,5471),
	(2764,'E.4.2.1',87,NULL,NULL,23,8,6,5472),
	(2765,'E.4.2.10',87,1842,1841,23,8,6,5473),
	(2766,'E.4.2.11',87,1840,1836,23,8,6,5474),
	(2767,'E.4.2.12',87,1835,NULL,23,8,6,5475),
	(2768,'E.4.2.13',87,1834,1823,23,8,6,5476),
	(2769,'E.4.2.13a',87,NULL,NULL,23,8,6,5477),
	(2770,'E.4.2.14',87,1822,1763,23,8,6,5478),
	(2771,'E.4.2.15',87,NULL,NULL,23,8,6,5479),
	(2772,'E.4.2.2',87,NULL,NULL,23,8,6,5480),
	(2773,'E.4.2.3',87,NULL,NULL,23,8,6,5481),
	(2774,'E.4.2.4',87,NULL,NULL,23,8,6,5482),
	(2775,'E.4.2.5',87,NULL,NULL,23,8,6,5483),
	(2776,'E.4.2.6',87,NULL,NULL,23,8,6,5484),
	(2777,'E.4.2.7',87,1894,1866,23,8,6,5485),
	(2778,'E.4.2.8',87,1865,1850,23,8,6,5486),
	(2779,'E.4.2.9',87,1849,1843,23,8,6,5487),
	(2780,'E.4.20.1',75,NULL,NULL,NULL,8,NULL,5488),
	(2781,'E.4.21.1',97,NULL,NULL,NULL,8,6,5489),
	(2782,'E.4.22.1',79,NULL,NULL,NULL,8,6,5490),
	(2783,'E.4.23.1',74,NULL,NULL,NULL,8,14,5491),
	(2784,'E.4.23.10',74,NULL,NULL,NULL,8,14,5492),
	(2785,'E.4.23.2',74,NULL,NULL,NULL,8,14,5493),
	(2786,'E.4.23.3',74,NULL,NULL,NULL,8,14,5494),
	(2787,'E.4.23.4',74,NULL,NULL,NULL,8,14,5495),
	(2788,'E.4.23.5',74,NULL,NULL,NULL,8,14,5496),
	(2789,'E.4.23.6',74,NULL,NULL,NULL,8,14,5497),
	(2790,'E.4.23.7',74,NULL,NULL,NULL,8,14,5498),
	(2791,'E.4.23.8',74,NULL,NULL,NULL,8,14,5499),
	(2792,'E.4.23.9',74,NULL,NULL,NULL,8,14,5500),
	(2793,'E.4.24.1',64,NULL,NULL,NULL,8,6,5501),
	(2794,'E.4.25.1',116,NULL,NULL,NULL,8,6,5502),
	(2795,'E.4.25.2',116,NULL,NULL,NULL,8,6,5503),
	(2796,'E.4.25.3',116,NULL,NULL,NULL,8,6,5504),
	(2797,'E.4.25.4',116,NULL,NULL,NULL,8,6,5505),
	(2798,'E.4.25.5',116,NULL,NULL,NULL,8,14,5506),
	(2799,'E.4.26.1',98,NULL,NULL,NULL,8,6,5507),
	(2800,'E.4.27.1',100,NULL,NULL,NULL,8,6,5508),
	(2801,'E.4.27.2',100,NULL,NULL,NULL,8,6,5509),
	(2802,'E.4.27.3',100,NULL,NULL,NULL,8,6,5510),
	(2803,'E.4.27.4',100,NULL,NULL,NULL,8,14,5511),
	(2804,'E.4.27.5',100,NULL,NULL,NULL,8,14,5512),
	(2805,'E.4.28.1',57,NULL,NULL,NULL,8,6,5513),
	(2806,'E.4.28.2',57,NULL,NULL,NULL,8,6,5514),
	(2807,'E.4.28.3',57,NULL,NULL,NULL,8,6,5515),
	(2808,'E.4.28.4',57,NULL,NULL,NULL,8,6,5516),
	(2809,'E.4.29.1',77,NULL,NULL,NULL,8,6,5517),
	(2810,'E.4.3.1',61,1894,1881,24,8,6,5518),
	(2811,'E.4.3.10',61,1646,1626,24,8,6,5519),
	(2812,'E.4.3.11',61,1625,1595,24,8,6,5520),
	(2813,'E.4.3.2',61,1880,1845,24,8,6,5521),
	(2814,'E.4.3.3',61,1844,1831,24,8,6,5522),
	(2815,'E.4.3.4',61,1830,1813,24,8,6,5523),
	(2816,'E.4.3.5',61,1812,1793,24,8,6,5524),
	(2817,'E.4.3.6',61,1792,1750,24,8,14,5525),
	(2818,'E.4.3.7',61,1749,1712,24,8,14,5526),
	(2819,'E.4.3.8',61,1711,1684,24,8,14,5527),
	(2820,'E.4.3.9',61,1683,1647,24,8,14,5528),
	(2821,'E.4.30.1',59,NULL,NULL,NULL,8,6,5529),
	(2822,'E.4.31.1',80,NULL,NULL,NULL,8,14,5530),
	(2823,'E.4.32.1',65,NULL,NULL,NULL,8,6,5531),
	(2824,'E.4.32.2',65,NULL,NULL,NULL,8,6,5532),
	(2825,'E.4.32.3',65,NULL,NULL,NULL,8,6,5533),
	(2826,'E.4.33.1',115,NULL,NULL,NULL,8,14,5534),
	(2827,'E.4.33.2',115,NULL,NULL,NULL,8,14,5535),
	(2828,'E.4.33.3',115,NULL,NULL,NULL,8,14,5536),
	(2829,'E.4.33.4',115,NULL,NULL,NULL,8,14,5537),
	(2830,'E.4.33.5',115,NULL,NULL,NULL,8,14,5538),
	(2831,'E.4.33.6',115,NULL,NULL,NULL,8,14,5539),
	(2832,'E.4.33.7',115,NULL,NULL,NULL,8,14,5540),
	(2833,'E.4.33.8',115,NULL,NULL,NULL,8,14,5541),
	(2834,'E.4.33.9',115,NULL,NULL,NULL,8,14,5542),
	(2835,'E.4.34.1',111,NULL,NULL,NULL,8,14,5543),
	(2836,'E.4.34.2',111,NULL,NULL,NULL,8,14,5544),
	(2837,'E.4.34.3',111,NULL,NULL,NULL,8,14,5545),
	(2838,'E.4.35.1',109,NULL,NULL,NULL,8,14,5546),
	(2839,'E.4.35.2',109,NULL,NULL,NULL,8,14,5547),
	(2840,'E.4.35.3',109,NULL,NULL,NULL,8,14,5548),
	(2841,'E.4.36.1',69,NULL,NULL,NULL,8,14,5549),
	(2842,'E.4.4.1',106,NULL,NULL,NULL,8,6,5550),
	(2843,'E.4.4.2',106,NULL,NULL,NULL,8,6,5551),
	(2844,'E.4.4.3',106,NULL,NULL,NULL,8,6,5552),
	(2845,'E.4.4.4',106,NULL,NULL,NULL,8,6,5553),
	(2846,'E.4.4.5',106,NULL,NULL,NULL,8,6,5554),
	(2847,'E.4.4.6',106,NULL,NULL,NULL,8,6,5555),
	(2848,'E.4.4.7',106,NULL,NULL,NULL,8,6,5556),
	(2849,'E.4.4.8',106,NULL,NULL,NULL,8,6,5557),
	(2850,'E.4.4.9',106,NULL,NULL,NULL,8,6,5558),
	(2851,'E.4.5.1',72,NULL,NULL,NULL,8,6,5559),
	(2852,'E.4.5.10',72,NULL,NULL,NULL,8,6,5560),
	(2853,'E.4.5.11',72,NULL,NULL,NULL,8,6,5561),
	(2854,'E.4.5.12',72,NULL,NULL,NULL,8,6,5562),
	(2855,'E.4.5.13',72,NULL,NULL,NULL,8,6,5563),
	(2856,'E.4.5.14',72,NULL,NULL,NULL,8,6,5564),
	(2857,'E.4.5.15',72,NULL,NULL,NULL,8,6,5565),
	(2858,'E.4.5.16',72,NULL,NULL,NULL,8,6,5566),
	(2859,'E.4.5.17',72,NULL,NULL,NULL,8,6,5567),
	(2860,'E.4.5.18',72,NULL,NULL,NULL,8,6,5568),
	(2861,'E.4.5.19',72,NULL,NULL,NULL,8,6,5569),
	(2862,'E.4.5.2',72,NULL,NULL,NULL,8,6,5570),
	(2863,'E.4.5.20',72,NULL,NULL,NULL,8,14,5571),
	(2864,'E.4.5.21',72,NULL,NULL,NULL,8,14,5572),
	(2865,'E.4.5.22',72,NULL,NULL,NULL,8,14,5573),
	(2866,'E.4.5.23',72,NULL,NULL,NULL,8,14,5574),
	(2867,'E.4.5.24',72,NULL,NULL,NULL,8,14,5575),
	(2868,'E.4.5.3',72,NULL,NULL,NULL,8,6,5576),
	(2869,'E.4.5.4',72,NULL,NULL,NULL,8,6,5577),
	(2870,'E.4.5.5',72,NULL,NULL,NULL,8,6,5578),
	(2871,'E.4.5.6',72,NULL,NULL,NULL,8,6,5579),
	(2872,'E.4.5.7',72,NULL,NULL,NULL,8,6,5580),
	(2873,'E.4.5.8',72,NULL,NULL,NULL,8,6,5581),
	(2874,'E.4.5.9',72,NULL,NULL,NULL,8,6,5582),
	(2875,'E.4.6.1',89,NULL,NULL,NULL,8,6,5583),
	(2876,'E.4.6.10',89,NULL,NULL,NULL,8,6,5584),
	(2877,'E.4.6.11',89,NULL,NULL,NULL,8,6,5585),
	(2878,'E.4.6.12',89,NULL,NULL,NULL,8,6,5586),
	(2879,'E.4.6.2',89,NULL,NULL,NULL,8,6,5587),
	(2880,'E.4.6.3',89,NULL,NULL,NULL,8,6,5588),
	(2881,'E.4.6.4',89,NULL,NULL,NULL,8,6,5589),
	(2882,'E.4.6.5',89,NULL,NULL,NULL,8,6,5590),
	(2883,'E.4.6.6',89,NULL,NULL,NULL,8,6,5591),
	(2884,'E.4.6.7',89,NULL,NULL,NULL,8,6,5592),
	(2885,'E.4.6.8',89,NULL,NULL,NULL,8,6,5593),
	(2886,'E.4.6.9',89,NULL,NULL,NULL,8,6,5594),
	(2887,'E.4.7.1',84,NULL,NULL,NULL,8,6,5595),
	(2888,'E.4.8.1',83,NULL,NULL,NULL,8,6,5596),
	(2889,'E.4.8.2',83,NULL,NULL,NULL,8,6,5597),
	(2890,'E.4.9.1',91,NULL,NULL,NULL,8,NULL,5598),
	(2891,'N.0.1001',95,NULL,NULL,NULL,13,NULL,5599),
	(2892,'N.0.1002',95,NULL,NULL,NULL,13,NULL,5600),
	(2893,'S.0.1001',NULL,NULL,NULL,25,10,4,5601),
	(2894,'S.0.1002',NULL,NULL,NULL,25,10,4,5602),
	(2895,'A.0.108',NULL,744,727,NULL,14,3,5230),
	(2896,'A.0.109',NULL,726,722,NULL,14,3,5232),
	(2897,'A.0.110',NULL,721,705,NULL,14,17,5233),
	(2898,'A.0.111',NULL,704,681,NULL,14,17,5241),
	(2899,'A.0.112',NULL,680,669,NULL,14,17,5242),
	(2900,'A.0.113',NULL,668,627,NULL,14,17,5243),
	(2901,'A.0.114',NULL,NULL,NULL,NULL,14,17,5246),
	(2902,'A.0.115',NULL,NULL,NULL,NULL,14,17,5247),
	(2903,'A.0.116',NULL,NULL,612,NULL,14,17,5248),
	(2904,'B.6.23',NULL,704,703,13,10,4,5241),
	(2905,'E.1.12.7',96,NULL,NULL,NULL,19,9,5304),
	(2906,'B.6.21',NULL,721,710,13,10,4,5235);

/*!40000 ALTER TABLE `reign` ENABLE KEYS */;
UNLOCK TABLES;


# Dump of table ruler
# ------------------------------------------------------------

DROP TABLE IF EXISTS `ruler`;

CREATE TABLE `ruler` (
  `id` int(11) NOT NULL AUTO_INCREMENT,
  `name` varchar(100) NOT NULL,
  PRIMARY KEY (`id`),
  UNIQUE KEY `uq_name` (`name`),
  KEY `idx_name` (`name`)
) ENGINE=InnoDB DEFAULT CHARSET=utf8;

LOCK TABLES `ruler` WRITE;
/*!40000 ALTER TABLE `ruler` DISABLE KEYS */;

INSERT INTO `ruler` (`id`, `name`)
VALUES
	(5295,'A-Ane-pada'),
	(5288,'A-Anzu'),
	(5293,'A-KALAM-du'),
	(5321,'A-kurgal'),
	(5537,'Abba-Il'),
	(5445,'Abdi-Erah'),
	(5527,'Abi-eshuh '),
	(5424,'Abi-maras'),
	(5425,'Abi-nu-x'),
	(5484,'Abi-sare'),
	(5161,'Abirattash'),
	(5281,'Abzu-kidu'),
	(5210,'Adad-apla-iddina'),
	(5426,'Adad-ilushu'),
	(5105,'Adad-narari I'),
	(5129,'Adad-narari II'),
	(5036,'Adad-narari III'),
	(5428,'Adad-qarrad'),
	(5076,'Adad-salulu'),
	(5154,'Adad-shuma-iddina'),
	(5155,'Adad-shuma-usur'),
	(5077,'Adasi'),
	(5427,'Addu-malik'),
	(5604,'Addu-nirari'),
	(5310,'Aga-ak'),
	(5141,'Agum I'),
	(5448,'Ahi-maras'),
	(5575,'Ahushina'),
	(5468,'Aiiabum'),
	(5283,'Aka'),
	(5055,'Akija'),
	(5197,'Alexander III'),
	(5199,'Alexander IV'),
	(5388,'Amar-Suena'),
	(5423,'Ambuna-ahi'),
	(5589,'Amer-Nunu'),
	(5051,'Aminu'),
	(5528,'Ammi-ditana'),
	(5459,'Ammi-dushur'),
	(5409,'Ammi-ishtamar'),
	(5497,'Ammi-madar'),
	(5519,'Ammi-saduqa'),
	(5544,'Ammi-taqumma'),
	(5547,'Ammu-sama'),
	(5264,'An(u)bu'),
	(5555,'Anam'),
	(5168,'Antiochus I Soter'),
	(5169,'Antiochus II Theos'),
	(5172,'Antiochus III'),
	(5174,'Antiochus IV Epiphanes'),
	(5469,'Anubanini'),
	(5402,'Anun-Dagan'),
	(5042,'Apiashal'),
	(5523,'ApiI-Sin'),
	(5396,'Apil-kin'),
	(5531,'Aplahanda'),
	(5506,'Aqba-Hammu'),
	(5104,'Arik-din-ili'),
	(5467,'Arim-Lim'),
	(5187,'Arses'),
	(5182,'Artaxerxes I'),
	(5185,'Artaxerxes II Memnon'),
	(5186,'Artaxerxes III Ochus'),
	(5118,'Ashared-apil-Ekur'),
	(5596,'Ashduni-iarim'),
	(5505,'Ashkur-Addu'),
	(5243,'Ashurbanipal'),
	(5122,'Ashurnasirpal I '),
	(5033,'Ashurnasirpal II'),
	(5070,'Asinum'),
	(5072,'Assur-apla-idi'),
	(5119,'Assur-bel-kala'),
	(5098,'Assur-bel-nisheshu'),
	(5113,'Assur-dan I'),
	(5128,'Assur-dan II'),
	(5038,'Assur-dan III'),
	(5071,'Assur-dugul'),
	(5246,'Assur-etel-ilani'),
	(5095,'Assur-nadin-ahhe I'),
	(5100,'Assur-nadin-ahhe II'),
	(5109,'Assur-nadin-apli'),
	(5237,'Assur-nadin-shumi'),
	(5089,'Assur-narari I'),
	(5097,'Assur-narari II'),
	(5110,'Assur-narari III'),
	(5124,'Assur-narari IV '),
	(5039,'Assur-narari V'),
	(5094,'Assur-rabi I'),
	(5125,'Assur-rabi II'),
	(5099,'Assur-rem-nisheshu'),
	(5116,'Assur-resha-ishi I'),
	(5126,'Assur-resha-ishi II'),
	(5093,'Assur-shaduni'),
	(5040,'Assur-uballit'),
	(5102,'Assur-uballit I'),
	(5108,'Assurnasirpal'),
	(5407,'Atal-shen'),
	(5514,'Atamrum'),
	(5410,'Awil-Ili'),
	(5030,'Azuzu'),
	(5579,'Azuzum'),
	(5254,'Baba-aha-iddina'),
	(5289,'Balulu'),
	(5257,'Bara-heNIdu'),
	(5190,'Bardija'),
	(5081,'Bazaja'),
	(5275,'Bazi and Zizi'),
	(5236,'Bel-ibni'),
	(5195,'Bel-shimmani'),
	(5562,'Belakum'),
	(5502,'BI/GA-ID/ DA-ha-X'),
	(5576,'Bilalama'),
	(5489,'Bunu-Eshtar'),
	(5441,'Bur-Sin'),
	(5131,'Burnaburiash I'),
	(5140,'Burnaburiash II'),
	(5189,'Cambyses'),
	(5181,'Cyrus II'),
	(5569,'Dadusha'),
	(5591,'Dagan-[...]'),
	(5435,'Damiq-ilishu'),
	(5566,'Dannum-tahaz'),
	(5193,'Darius I'),
	(5184,'Darius II'),
	(5188,'Darius III'),
	(5330,'Dudu'),
	(5284,'E-abzu'),
	(5322,'E-anatum'),
	(5261,'E-IGI.NIM-pa\'e'),
	(5213,'Ea-mukin-zeri'),
	(5298,'Elili'),
	(5323,'En-anatum I'),
	(5325,'En-anatum II'),
	(5326,'En-entarzi'),
	(5324,'En-metena'),
	(5303,'En-shakush-Ana'),
	(5311,'EN.ME-barage-si'),
	(5430,'Enlil-bani'),
	(5111,'Enlil-kudurri-usur'),
	(5159,'Enlil-nadin-ahi'),
	(5207,'Enlil-nadin-apli'),
	(5151,'Enlil-nadin-shumi'),
	(5103,'Enlil-narari'),
	(5091,'Enlil-nasir I'),
	(5096,'Enlil-nasir II'),
	(5269,'Enna-Dagan'),
	(5318,'Enna-il'),
	(5341,'Ennanum'),
	(5587,'Ennin-Dagan'),
	(5355,'Epir-mupi'),
	(5101,'Eriba-Adad I'),
	(5120,'Eriba-Adad II'),
	(5224,'Eriba-Marduk'),
	(5059,'Erishum I'),
	(5064,'Erishum II'),
	(5085,'Erishum III'),
	(5443,'Erra-imitti'),
	(5357,'Erridu-pizir'),
	(5242,'Esarhaddon'),
	(5354,'Eshpum'),
	(5554,'Eteia'),
	(5216,'Eulmash-shakin-shumi'),
	(5177,'Evil-Merodach'),
	(5598,'GA/BI-NI/IR-ma-bi-de-e'),
	(5291,'Gan-kug-sig'),
	(5130,'Gandash'),
	(5287,'Gisha-kidu'),
	(5383,'Gudea'),
	(5274,'Gulla'),
	(5483,'Gungunum'),
	(5516,'Hadni-Addu'),
	(5504,'Hadnu-rapi'),
	(5509,'Haia-abum'),
	(5517,'Haia-sumu'),
	(5045,'Hajanu'),
	(5337,'Hala-adda'),
	(5373,'Hala-Bau'),
	(5043,'Hale'),
	(5444,'Halium'),
	(5545,'Hammu-rapi (Alalakh)'),
	(5525,'Hammu-rapi (Babylon)'),
	(5492,'Hammu-rapi (Hana)'),
	(5536,'Hammu-rapi I (Iamhad)'),
	(5542,'Hammu-rapi II (Iamhad)'),
	(5164,'Harba-x'),
	(5271,'HI-da\'ar'),
	(5515,'Himdiia'),
	(5405,'Hunhili'),
	(5267,'IB-LUL-il'),
	(5080,'IB.TAR-Sin'),
	(5563,'Ibal-pi-El I'),
	(5571,'Ibal-pi-El II'),
	(5573,'Ibbi-Sin (Eshnunna)'),
	(5390,'Ibbi-Sin (Ur)'),
	(5462,'Ibbishu-Malik'),
	(5567,'Ibni-Erra'),
	(5397,'Iddi(n)-Ilum'),
	(5470,'Iddi(n)-Sin'),
	(5437,'Iddin-Dagan'),
	(5603,'Idrimi'),
	(5499,'Iggid-Lim'),
	(5270,'Iku(n)-ishar'),
	(5266,'Iku(n)-Shamagan'),
	(5276,'Iku(n)-Shamash'),
	(5265,'Ikun-Mari'),
	(5461,'Ikun-pi-Sin'),
	(5060,'Ikunum'),
	(5286,'Il'),
	(5050,'Ila-kabkabi'),
	(5412,'Ilani'),
	(5356,'Ili-ishmani'),
	(5606,'Ilim-ilimma II'),
	(5046,'Ilu-Mer'),
	(5058,'Ilu-shumma '),
	(5553,'Ilum-gamiI'),
	(5398,'Ilum-ishar'),
	(5413,'Ilum-mutnen'),
	(5454,'Ilum/Anum-muttabbil'),
	(5574,'Iluni'),
	(5549,'Indilimgur'),
	(5582,'Ipiq-Adad I'),
	(5564,'Ipiq-Adad II'),
	(5451,'Ipiq-Eshtar'),
	(5075,'Ipqi-Ishtar'),
	(5568,'Iqish-Tishpak'),
	(5556,'IR3-ne-ne'),
	(5540,'Irkabtum (Iamhad)'),
	(5548,'Irkabtum (Tuba)'),
	(5498,'Ishar-Lim'),
	(5577,'Ishar-ramashu'),
	(5429,'Ishbi-Erra'),
	(5272,'Ishgi-Mari'),
	(5438,'Ishme-Dagan'),
	(5066,'Ishme-Dagan I'),
	(5087,'Ishme-Dagan II'),
	(5278,'Ishtup-Shar'),
	(5583,'Isi-Dagan'),
	(5493,'Isi-sumu-abu'),
	(5500,'Isih-Dagan'),
	(5362,'Itbe-labba'),
	(5432,'Iter-pisha'),
	(5600,'Ithi-Teshub, Son of Kip-Teshub'),
	(5029,'Ititi (Assyria)'),
	(5361,'Ititi (Gutium)'),
	(5401,'Itlal-Erra'),
	(5204,'Itti-Marduk-balatu'),
	(5595,'Itur-Shamash'),
	(5457,'Itur-sharrum'),
	(5588,'Itur-[...]'),
	(5139,'Kadashman-Enlil I'),
	(5147,'Kadashman-Enlil II'),
	(5137,'Kadashman-Harbe I'),
	(5153,'Kadashman-Harbe II'),
	(5146,'Kadashman-Turgu'),
	(5381,'Kaku'),
	(5245,'Kandalanu'),
	(5142,'Kara-hardash'),
	(5136,'Kara-indash'),
	(5214,'Kashshu-nadin-ahhe'),
	(5162,'Kashtiliashu (Babylon)'),
	(5495,'Kashtiliashu (Hana)'),
	(5152,'Kashtiliashu I'),
	(5150,'Kashtiliashu IV'),
	(5054,'Kikkija'),
	(5570,'Kirikiri'),
	(5348,'Kuda'),
	(5148,'Kudur-Enlil'),
	(5477,'Kudur-mabuk'),
	(5273,'Kun-duri'),
	(5138,'Kurigalzu I'),
	(5144,'Kurigalzu II'),
	(5358,'La-\'arab'),
	(5179,'Labashi-Marduk'),
	(5456,'lashub-Iahad'),
	(5597,'lawium'),
	(5480,'lemsium'),
	(5078,'Libaja'),
	(5442,'Lipit-Enlil'),
	(5439,'Lipit-Eshtar'),
	(5379,'Lu-Bau'),
	(5366,'Lu-dingirama'),
	(5353,'Lu-saga'),
	(5343,'Lu-Utu'),
	(5340,'Lugal-ana-tuma'),
	(5327,'Lugal-Anda'),
	(5262,'Lugal-Ane-mundu'),
	(5369,'Lugal-gish'),
	(5300,'Lugal-kigine-dudu'),
	(5301,'Lugal-KISAL-si'),
	(5317,'Lugal-namnir-sum'),
	(5364,'Lugal-nizu'),
	(5299,'Lugal-SILA-si'),
	(5313,'LUGAL-UD'),
	(5344,'Lugal-ushumgal'),
	(5304,'Lugal-zage-si'),
	(5307,'Lugal-[...]'),
	(5305,'Lugal-[SILA]'),
	(5258,'Lugalda-lu'),
	(5380,'Lugula'),
	(5082,'Lullaja'),
	(5259,'LUM-ma'),
	(5333,'Man-ishtushu'),
	(5446,'Manana'),
	(5450,'Manium'),
	(5240,'Mar-biti-ahhe-iddina'),
	(5219,'Mar-biti-apla-usur'),
	(5211,'Marduk-ahhe-eriba'),
	(5235,'Marduk-apla-iddina II'),
	(5223,'Marduk-apla-usur'),
	(5253,'Marduk-balassu-iqbi'),
	(5222,'Marduk-bel-[zeri]'),
	(5201,'Marduk-kabit-ahheshu'),
	(5208,'Marduk-nadin-ahhe'),
	(5209,'Marduk-shapik-zeri'),
	(5252,'Marduk-zakir-shumi I'),
	(5234,'Marduk-zakir-shumi II'),
	(5202,'Marduk-zer?-[x]'),
	(5256,'Me-ba-LAK 551'),
	(5316,'Me-silim'),
	(5156,'Meli-shipak'),
	(5157,'Merodach-Baladan I'),
	(5294,'Mes-Ane-pada'),
	(5292,'Mes-KALAM-du'),
	(5296,'Mes-KALAM-du (the prince)'),
	(5297,'Mes-kiag-nun'),
	(5368,'Mes-kigal'),
	(5263,'Mes-kigala'),
	(5260,'MUG-si'),
	(5239,'Mushezib-Marduk'),
	(5068,'Mut-Ashkur'),
	(5115,'Mutakkil-Nusku'),
	(5511,'Mutiia'),
	(5414,'Mutusha'),
	(5558,'Nabi-ilishu'),
	(5180,'Nabonidus'),
	(5175,'Nabopolassar'),
	(5251,'Nabu-apla-iddina'),
	(5220,'Nabu-mukin-apli'),
	(5229,'Nabu-mukin-zeri'),
	(5227,'Nabu-nadin-zeri'),
	(5226,'Nabu-nasir'),
	(5225,'Nabu-shuma-ishkun'),
	(5250,'Nabu-shuma-ukin I'),
	(5228,'Nabu-shuma-ukin II'),
	(5203,'Nabu-shumu-libur'),
	(5339,'Namahni'),
	(5279,'Nammah'),
	(5365,'Nammah-abzu'),
	(5377,'Nammahani'),
	(5472,'Naplanum'),
	(5447,'Naqimum'),
	(5334,'Naram-Sin (Akkad)'),
	(5063,'Naram-Sin (Assyria)'),
	(5565,'Naram-Sin (Eshnunna)'),
	(5073,'Nasir-Sin'),
	(5143,'Nazi-Bugash'),
	(5145,'Nazi-Maruttash'),
	(5206,'Nebuchadnezzar I'),
	(5176,'Nebuchadnezzar II'),
	(5191,'Nebuchadnezzar III'),
	(5192,'Nebuchadnezzar IV'),
	(5238,'Nergal-ushezib'),
	(5178,'Neriglissar'),
	(5453,'Nidnusha'),
	(5255,'Nin-KISAL-si'),
	(5112,'Ninurta-apil-Ekur'),
	(5602,'Ninurta-kudurri-usur'),
	(5217,'Ninurta-kudurri-usur I'),
	(5231,'Ninurta-kudurri-usur II'),
	(5205,'Ninurta-nadin-shumi'),
	(5114,'Ninurta-tukulti-Assur'),
	(5221,'Ninurta?-apl?-[...]'),
	(5605,'Niqmepuh'),
	(5539,'Niqmi-Epuh'),
	(5268,'NIzi'),
	(5486,'Nur-Adad'),
	(5395,'Nur-ahum I'),
	(5559,'Nur-ahum II'),
	(5092,'Nur-ili'),
	(5415,'Nur-Surutar'),
	(5282,'Pa-bilga ...'),
	(5336,'Period of Confusion'),
	(5198,'Philip Arrhidaeus'),
	(5416,'Pi-Eshtar'),
	(5378,'Pirig-me'),
	(5490,'Pishenden'),
	(5488,'Puhiia'),
	(5417,'Pulsuna-Addu'),
	(5056,'Puzur-Assur I'),
	(5062,'Puzur-Assur II'),
	(5090,'Puzur-Assur III'),
	(5400,'Puzur-Eshtar'),
	(5349,'Puzur-ili'),
	(5345,'Puzur-Mama'),
	(5352,'Puzur-shullat'),
	(5067,'Puzur-Sin'),
	(5513,'Qarni-Lim'),
	(5557,'Rim-Anum'),
	(5478,'Rim-Sin I'),
	(5479,'Rim-Sin II'),
	(5069,'Rimu-x'),
	(5332,'Rimush'),
	(5277,'Sa\'umu'),
	(5522,'Sabium'),
	(5044,'Samanu'),
	(5481,'Samium'),
	(5529,'Sammetar'),
	(5520,'Samsu-ditana'),
	(5526,'Samsu-iluna'),
	(5503,'Samu-Addu'),
	(5329,'Sargon'),
	(5061,'Sargon I'),
	(5233,'Sargon II'),
	(5599,'Saushtatar, son of Parsatatar'),
	(5167,'Seleucus I Nicator'),
	(5170,'Seleucus II Callinicus'),
	(5171,'Seleucus III Soter'),
	(5173,'Seleucus IV Philopater'),
	(5241,'Sennacherib'),
	(5149,'Shagarakti-shuriash'),
	(5057,'Shalim-ahum'),
	(5106,'Shalmaneser I'),
	(5034,'Shalmaneser III'),
	(5037,'Shalmaneser IV'),
	(5232,'Shalmaneser V'),
	(5196,'Shamash-eriba'),
	(5249,'Shamash-mudammiq'),
	(5601,'Shamash-resha-usur'),
	(5244,'Shamash-shuma-ukin'),
	(5418,'Shamhum'),
	(5584,'Shamshi-Adad'),
	(5065,'Shamshi-Adad I'),
	(5086,'Shamshi-Adad II'),
	(5088,'Shamshi-Adad III'),
	(5121,'Shamshi-Adad IV'),
	(5035,'Shamshi-Adad V'),
	(5367,'SHAR-A-TI-GU-BI-SI-IN'),
	(5335,'Shar-kali-sharri'),
	(5419,'Sharam'),
	(5359,'Sharlagan'),
	(5079,'Sharma-Adad I'),
	(5084,'Sharma-Adad II'),
	(5560,'Sharriia'),
	(5507,'Sharrum-kima-kalima'),
	(5218,'Shirikti-shuqamuna'),
	(5123,'Shlamaneser II'),
	(5436,'Shu-iIishu'),
	(5394,'Shu-iliya'),
	(5422,'Shu-Kakka'),
	(5083,'Shu-Ninua'),
	(5389,'Shu-Sin'),
	(5331,'Shu-Turul'),
	(5338,'Shul'),
	(5387,'Shulgi'),
	(5496,'Shunuhru-Ammu'),
	(5342,'Shurush-kin'),
	(5360,'Si\'um'),
	(5475,'Silli-Adad'),
	(5572,'Silli-Sin'),
	(5052,'Silulu'),
	(5212,'Simbar-shipak'),
	(5460,'Sin-abushu'),
	(5458,'Sin-gamil (Diniktum)'),
	(5552,'Sin-gamil (Uruk)'),
	(5487,'Sin-iddinam'),
	(5474,'Sin-iqisham'),
	(5473,'Sin-iribam (Larsa)'),
	(5551,'Sin-iribam (Uruk)'),
	(5550,'Sin-kashid'),
	(5434,'Sin-magir'),
	(5524,'Sin-muballit'),
	(5074,'Sin-namir'),
	(5248,'Sin-shar-ishkun'),
	(5247,'Sin-shumu-lishir'),
	(5032,'Son of Urdanum'),
	(5053,'Sulili'),
	(5546,'Sumi-rapa'),
	(5518,'Sumu-abum'),
	(5464,'Sumu-Amnanim'),
	(5485,'Sumu-El'),
	(5534,'Sumu-Epuh'),
	(5594,'Sumu-Iamam'),
	(5449,'Sumu-iamutbala'),
	(5521,'Sumu-la-Il'),
	(5466,'Sumu-numhim'),
	(5465,'Sumu-Samas'),
	(5308,'Supposed Unnamed King of Kish'),
	(5452,'Takil-ilissu'),
	(5406,'Talpush-atili'),
	(5117,'Tiglath-pileser I'),
	(5127,'Tiglath-pileser II'),
	(5230,'Tiglath-pileser III'),
	(5028,'Tikulti-Ninurta II '),
	(5510,'Tilabnu'),
	(5590,'Tir-Dagan'),
	(5403,'Tish-atal (Karahar)'),
	(5408,'Tish-atal (Urkish & Nawar)'),
	(5107,'Tukulti-Ninurta I'),
	(5399,'Tura(m)-Dagan'),
	(5508,'Turum-natki'),
	(5160,'uncertain'),
	(5215,'unidentified Bazi'),
	(5200,'unidentified Isin II'),
	(5306,'unknown \"Vanquisher of Hamazi\"'),
	(5309,'unknown ED ruler'),
	(5372,'unknown Governor'),
	(5165,'unknown Kassite 1'),
	(5166,'unknown Kassite 2'),
	(5132,'unknown Kassite 3'),
	(5133,'unknown Kassite 4'),
	(5134,'unknown Kassite 5'),
	(5135,'unknown Kassite 6'),
	(5420,'unknown OB ruler'),
	(5315,'unnamed King of Kish'),
	(5393,'unnamed ruler probably of Girsu'),
	(5320,'unnamed rulers of Lagash'),
	(5375,'Ur-ayabba'),
	(5382,'Ur-Bau'),
	(5433,'Ur-dukuga'),
	(5280,'Ur-Enlil'),
	(5385,'Ur-GAR'),
	(5347,'Ur-gigira'),
	(5285,'Ur-LUM-ma'),
	(5376,'Ur-Mama'),
	(5386,'Ur-Nammu'),
	(5319,'Ur-Nanshe I'),
	(5392,'Ur-Nanshe II'),
	(5346,'Ur-nigina'),
	(5391,'Ur-Ningirsu'),
	(5374,'Ur-Ningirsu I'),
	(5384,'Ur-Ningirsu II'),
	(5581,'Ur-Ningishzida'),
	(5580,'Ur-Ninmar'),
	(5440,'Ur-Ninurta'),
	(5290,'Ur-Pabilsag'),
	(5370,'Ur-TUR'),
	(5350,'Ur-Utu'),
	(5302,'Ur-zage'),
	(5328,'URU-KA-gina'),
	(5363,'Uruna-badbi'),
	(5163,'Urzigurumash'),
	(5041,'Ushpija'),
	(5421,'Usi-nawir'),
	(5578,'Usur-awassu'),
	(5351,'Utu-hegal'),
	(5314,'UTUK'),
	(5476,'Warad-Sin'),
	(5561,'Warassa'),
	(5194,'Xerxes I'),
	(5183,'Xerxes II'),
	(5501,'Ya\'ush-Addu'),
	(5494,'Yadih-abu'),
	(5463,'Yadkur-Il'),
	(5592,'Yaggid-Lim'),
	(5533,'Yahdun-Lim (Carchemish)'),
	(5593,'Yahdun-Lim (Mari)'),
	(5048,'Yakmeni'),
	(5047,'Yakmesi'),
	(5512,'Yakun-ashar'),
	(5411,'Yakun-Diri'),
	(5049,'Yakzur-ilu'),
	(5530,'Yamsi-Hadnu'),
	(5491,'Yapah-sumu-abu'),
	(5543,'Yarim-Lim'),
	(5535,'Yarim-Lim I'),
	(5538,'Yarim-Lim II'),
	(5541,'Yarim-Lim III'),
	(5585,'Yasmah-Addu'),
	(5532,'Yatar-ami'),
	(5158,'Zababa-shuma-iddina'),
	(5482,'Zabaia'),
	(5471,'Zabazuna'),
	(5431,'Zambiya'),
	(5404,'Zardamu'),
	(5031,'Zarriqum'),
	(5586,'Zimri-Lim'),
	(5371,'[...I-AB'),
	(5455,'[...]-ba'),
	(5312,'[RN], Offspring of \"Lady Dragon\"');

/*!40000 ALTER TABLE `ruler` ENABLE KEYS */;
UNLOCK TABLES;


# Dump of table ruler_tablet
# ------------------------------------------------------------

DROP TABLE IF EXISTS `ruler_tablet`;

CREATE TABLE `ruler_tablet` (
  `ruler_id` int(11) NOT NULL,
  `tablet_id` int(11) NOT NULL,
  PRIMARY KEY (`ruler_id`,`tablet_id`),
  KEY `tablet_id` (`tablet_id`),
  CONSTRAINT `ruler_tablet_ibfk_1` FOREIGN KEY (`ruler_id`) REFERENCES `ruler` (`id`) ON DELETE CASCADE ON UPDATE CASCADE,
  CONSTRAINT `ruler_tablet_ibfk_2` FOREIGN KEY (`tablet_id`) REFERENCES `tablet` (`id`) ON DELETE CASCADE ON UPDATE CASCADE
) ENGINE=InnoDB DEFAULT CHARSET=utf8;

LOCK TABLES `ruler_tablet` WRITE;
/*!40000 ALTER TABLE `ruler_tablet` DISABLE KEYS */;

INSERT INTO `ruler_tablet` (`ruler_id`, `tablet_id`)
VALUES
	(5527,449),
	(5527,450),
	(5527,451),
	(5105,452),
	(5105,453),
	(5388,454),
	(5528,455),
	(5528,456),
	(5519,457),
	(5519,458),
	(5519,459),
	(5519,460),
	(5519,461),
	(5519,462),
	(5519,463),
	(5519,464),
	(5519,465),
	(5519,466),
	(5519,467),
	(5519,468),
	(5555,469),
	(5243,470),
	(5243,471),
	(5243,472),
	(5243,473),
	(5243,474),
	(5243,475),
	(5243,476),
	(5243,477),
	(5243,478),
	(5243,479),
	(5243,480),
	(5243,481),
	(5243,482),
	(5243,483),
	(5243,484),
	(5243,485),
	(5243,486),
	(5243,487),
	(5243,488),
	(5098,489),
	(5128,490),
	(5089,491),
	(5039,492),
	(5116,493),
	(5102,494),
	(5102,495),
	(5579,496),
	(5576,497),
	(5441,498),
	(5189,499),
	(5181,500),
	(5181,501),
	(5181,502),
	(5193,503),
	(5242,504),
	(5242,505),
	(5242,506),
	(5242,507),
	(5242,508),
	(5242,509),
	(5242,510),
	(5383,511),
	(5383,512),
	(5483,513),
	(5525,514),
	(5525,515),
	(5525,516),
	(5525,517),
	(5525,518),
	(5525,519),
	(5525,520),
	(5525,521),
	(5390,522),
	(5603,523),
	(5603,524),
	(5606,525),
	(5582,526),
	(5564,527),
	(5577,528),
	(5439,529),
	(5439,530),
	(5180,531),
	(5180,532),
	(5251,533),
	(5176,534),
	(5176,535),
	(5191,536),
	(5112,537),
	(5486,538),
	(5486,539),
	(5486,540),
	(5090,541),
	(5557,542),
	(5557,543),
	(5557,544),
	(5557,545),
	(5557,546),
	(5478,547),
	(5522,548),
	(5526,549),
	(5526,550),
	(5526,551),
	(5526,552),
	(5526,553),
	(5526,554),
	(5526,555),
	(5526,556),
	(5233,557),
	(5233,558),
	(5233,559),
	(5106,560),
	(5106,561),
	(5106,562),
	(5065,563),
	(5035,564),
	(5389,565),
	(5389,566),
	(5387,567),
	(5387,568),
	(5458,569),
	(5487,570),
	(5485,571),
	(5117,572),
	(5117,573),
	(5117,574),
	(5117,575),
	(5107,576),
	(5107,577),
	(5386,578),
	(5386,579),
	(5386,580),
	(5386,581),
	(5386,582),
	(5386,583),
	(5386,584),
	(5386,585),
	(5386,586),
	(5476,587),
	(5476,588),
	(5543,589),
	(5242,667),
	(5243,667),
	(5242,668),
	(5243,668),
	(5242,669),
	(5243,669),
	(5242,670),
	(5243,670),
	(5242,671),
	(5243,671),
	(5242,672),
	(5243,672),
	(5242,673),
	(5243,673),
	(5242,674),
	(5243,674),
	(5242,675),
	(5243,675),
	(5242,676),
	(5243,676);

/*!40000 ALTER TABLE `ruler_tablet` ENABLE KEYS */;
UNLOCK TABLES;


# Dump of table script_type
# ------------------------------------------------------------

DROP TABLE IF EXISTS `script_type`;

CREATE TABLE `script_type` (
  `id` int(11) NOT NULL AUTO_INCREMENT,
  `script` varchar(50) NOT NULL,
  PRIMARY KEY (`id`),
  UNIQUE KEY `uq_script` (`script`),
  KEY `idx_script` (`script`)
) ENGINE=InnoDB DEFAULT CHARSET=utf8;

LOCK TABLES `script_type` WRITE;
/*!40000 ALTER TABLE `script_type` DISABLE KEYS */;

INSERT INTO `script_type` (`id`, `script`)
VALUES
	(1,'Assyrian'),
	(2,'Babylonian');

/*!40000 ALTER TABLE `script_type` ENABLE KEYS */;
UNLOCK TABLES;


# Dump of table sign
# ------------------------------------------------------------

DROP TABLE IF EXISTS `sign`;

CREATE TABLE `sign` (
  `id` int(11) NOT NULL AUTO_INCREMENT,
  `Ranke_BE_A_61` varchar(50) DEFAULT NULL,
  `Labat` varchar(50) DEFAULT NULL,
  `MesZL` varchar(50) DEFAULT NULL,
  `CDLI_archaic` varchar(50) DEFAULT NULL,
  `Koenig_AfO_Bei_16` varchar(50) DEFAULT NULL,
  `REC` varchar(50) DEFAULT NULL,
  `HA` varchar(50) DEFAULT NULL,
  `Schroder_VS_15` varchar(50) DEFAULT NULL,
  `UET_2` varchar(50) DEFAULT NULL,
  `Fossey_pp` varchar(50) DEFAULT NULL,
  `Clay_BE_A_10` varchar(50) DEFAULT NULL,
  `Hinke` varchar(50) DEFAULT NULL,
  `Clay_BE_A_14` varchar(50) DEFAULT NULL,
  `KWU` varchar(50) DEFAULT NULL,
  `form_description` varchar(50) DEFAULT NULL,
  `variant_name` varchar(5) DEFAULT NULL,
  `ELLes` varchar(50) DEFAULT NULL,
  `HZL` varchar(50) DEFAULT NULL,
  `Emar` varchar(50) DEFAULT NULL,
  `aBZL` varchar(50) DEFAULT NULL,
  `LAK` varchar(50) DEFAULT NULL,
  `notes` varchar(50) DEFAULT NULL,
  `Schroeder_VS_12` varchar(50) DEFAULT NULL,
  `ARM_XV` varchar(50) DEFAULT NULL,
  `form_name` varchar(5) DEFAULT NULL,
  `ZATU` varchar(50) DEFAULT NULL,
  `RSP` varchar(50) DEFAULT NULL,
  `cdp_id` int(11) NOT NULL,
  `description_id` int(11) NOT NULL,
  `oracc_id` int(11) NOT NULL,
  PRIMARY KEY (`id`),
  KEY `fk_cdp_sign` (`cdp_id`),
  KEY `fk_description_sign` (`description_id`),
  KEY `fk_oracc_sign` (`oracc_id`),
  CONSTRAINT `fk_cdp_sign` FOREIGN KEY (`cdp_id`) REFERENCES `cdp` (`id`),
  CONSTRAINT `fk_description_sign` FOREIGN KEY (`description_id`) REFERENCES `description` (`id`),
  CONSTRAINT `fk_oracc_sign` FOREIGN KEY (`oracc_id`) REFERENCES `oracc` (`id`)
) ENGINE=InnoDB DEFAULT CHARSET=utf8;



# Dump of table sub_locality
# ------------------------------------------------------------

DROP TABLE IF EXISTS `sub_locality`;

CREATE TABLE `sub_locality` (
  `id` int(11) NOT NULL AUTO_INCREMENT,
  `name` varchar(100) NOT NULL,
  `locality_id` int(11) DEFAULT NULL,
  PRIMARY KEY (`id`),
  UNIQUE KEY `uq_name` (`name`),
  KEY `idx_name` (`name`)
) ENGINE=InnoDB DEFAULT CHARSET=utf8;



# Dump of table sub_period
# ------------------------------------------------------------

DROP TABLE IF EXISTS `sub_period`;

CREATE TABLE `sub_period` (
  `id` int(11) NOT NULL AUTO_INCREMENT,
  `name` varchar(100) NOT NULL,
  `period_id` int(11) NOT NULL,
  PRIMARY KEY (`id`),
  KEY `idx_name` (`name`),
  KEY `period_id` (`period_id`),
  CONSTRAINT `sub_period_ibfk_1` FOREIGN KEY (`period_id`) REFERENCES `period` (`id`) ON DELETE CASCADE ON UPDATE CASCADE
) ENGINE=InnoDB DEFAULT CHARSET=utf8;

LOCK TABLES `sub_period` WRITE;
/*!40000 ALTER TABLE `sub_period` DISABLE KEYS */;

INSERT INTO `sub_period` (`id`, `name`, `period_id`)
VALUES
	(1,'Achaemenid',11),
	(2,'Chaldean',10),
	(3,'Early Neo-Assyrian',14),
	(4,'Early Neo-Babylonian',10),
	(5,'Early Old Assyrian',12),
	(6,'Early Old Babylonian',8),
	(7,'ED I',17),
	(8,'ED IIIa',17),
	(9,'ED IIIb',17),
	(10,'Greek',11),
	(11,'Kassite',9),
	(12,'Lagash II',18),
	(13,'Late Old Assyrian',12),
	(14,'Late Old Babylonian',8),
	(15,'Old Akkadian',18),
	(16,'Post-Kassite',9),
	(17,'Sargonid',18),
	(18,'Ur III',18);

/*!40000 ALTER TABLE `sub_period` ENABLE KEYS */;
UNLOCK TABLES;


# Dump of table subperiod_dynasty
# ------------------------------------------------------------

DROP TABLE IF EXISTS `subperiod_dynasty`;

CREATE TABLE `subperiod_dynasty` (
  `subperiod_id` int(11) NOT NULL,
  `dynasty_id` int(11) NOT NULL,
  PRIMARY KEY (`subperiod_id`,`dynasty_id`),
  KEY `dynasty_id` (`dynasty_id`),
  CONSTRAINT `subperiod_dynasty_ibfk_1` FOREIGN KEY (`subperiod_id`) REFERENCES `sub_period` (`id`) ON DELETE CASCADE ON UPDATE CASCADE,
  CONSTRAINT `subperiod_dynasty_ibfk_2` FOREIGN KEY (`dynasty_id`) REFERENCES `dynasty` (`id`) ON DELETE CASCADE ON UPDATE CASCADE
) ENGINE=InnoDB DEFAULT CHARSET=utf8;



# Dump of table surface
# ------------------------------------------------------------

DROP TABLE IF EXISTS `surface`;

CREATE TABLE `surface` (
  `id` int(11) NOT NULL AUTO_INCREMENT,
  `name` varchar(20) NOT NULL,
  PRIMARY KEY (`id`),
  KEY `ix_surface_name` (`name`)
) ENGINE=InnoDB DEFAULT CHARSET=utf8;

LOCK TABLES `surface` WRITE;
/*!40000 ALTER TABLE `surface` DISABLE KEYS */;

INSERT INTO `surface` (`id`, `name`)
VALUES
	(1,'base'),
	(2,'catchline'),
	(3,'colophon'),
	(4,'head'),
	(5,'left edge'),
	(6,'obv'),
	(7,'rev'),
	(8,'seal'),
	(9,'shaft');

/*!40000 ALTER TABLE `surface` ENABLE KEYS */;
UNLOCK TABLES;


# Dump of table tablet
# ------------------------------------------------------------

DROP TABLE IF EXISTS `tablet`;

CREATE TABLE `tablet` (
  `id` int(11) NOT NULL AUTO_INCREMENT,
  `museum_number` varchar(75) NOT NULL,
  `medium_id` int(11) NOT NULL,
  `script_type_id` int(11) DEFAULT NULL,
  `city_id` int(11) DEFAULT NULL,
  `origin_city_id` int(11) DEFAULT NULL,
  `publication` varchar(200) DEFAULT NULL,
  `period_id` int(11) NOT NULL,
  `from_id` int(11) DEFAULT NULL,
  `to_id` int(11) DEFAULT NULL,
  `ancient_month` varchar(10) DEFAULT NULL,
  `ancient_day` varchar(10) DEFAULT NULL,
  `text_vehicle_id` int(11) DEFAULT NULL,
  `notes` varchar(500) DEFAULT NULL,
  `language_id` int(11) DEFAULT NULL,
  `year_id` int(11) DEFAULT NULL,
  `method_id` int(11) DEFAULT NULL,
  `function_id` int(11) DEFAULT NULL,
  `genre_id` int(11) DEFAULT NULL,
  `dynasty_id` int(11) DEFAULT NULL,
  `locality_id` int(11) DEFAULT NULL,
  `sub_locality_id` int(11) DEFAULT NULL,
  `sub_period_id` int(11) DEFAULT NULL,
  `city_site_id` int(11) DEFAULT NULL,
  `reign_id` int(11) DEFAULT NULL,
  `timestamp` datetime NOT NULL,
  `ancient_year` varchar(10) DEFAULT NULL,
  `absolute_month` varchar(10) DEFAULT NULL,
  `absolute_day` varchar(10) DEFAULT NULL,
  `eponym_id` int(11) DEFAULT NULL,
  `author_id` int(11) DEFAULT NULL,
  PRIMARY KEY (`id`),
  UNIQUE KEY `museum_number` (`museum_number`),
  KEY `medium_id` (`medium_id`),
  KEY `script_type_id` (`script_type_id`),
  KEY `city_id` (`city_id`),
  KEY `origin_city_id` (`origin_city_id`),
  KEY `period_id` (`period_id`),
  KEY `text_vehicle_id` (`text_vehicle_id`),
  KEY `idx_museum_number` (`museum_number`),
  KEY `tablet_ibfk_6` (`from_id`),
  KEY `tablet_ibfk_7` (`to_id`),
  KEY `year_id` (`year_id`),
  KEY `method_id` (`method_id`),
  KEY `function_id` (`function_id`),
  KEY `genre_id` (`genre_id`),
  KEY `dynasty_id` (`dynasty_id`),
  KEY `locality_id` (`locality_id`),
  KEY `sub_locality_id` (`sub_locality_id`),
  KEY `sub_period_id` (`sub_period_id`),
  KEY `city_site_id` (`city_site_id`),
  KEY `reign_id` (`reign_id`),
  KEY `eponym_id` (`eponym_id`),
  KEY `author_id` (`author_id`),
  CONSTRAINT `tablet_ibfk_1` FOREIGN KEY (`medium_id`) REFERENCES `medium` (`id`),
  CONSTRAINT `tablet_ibfk_10` FOREIGN KEY (`year_id`) REFERENCES `year` (`id`),
  CONSTRAINT `tablet_ibfk_11` FOREIGN KEY (`method_id`) REFERENCES `method` (`id`),
  CONSTRAINT `tablet_ibfk_12` FOREIGN KEY (`function_id`) REFERENCES `function` (`id`),
  CONSTRAINT `tablet_ibfk_13` FOREIGN KEY (`genre_id`) REFERENCES `genre` (`id`),
  CONSTRAINT `tablet_ibfk_14` FOREIGN KEY (`dynasty_id`) REFERENCES `dynasty` (`id`),
  CONSTRAINT `tablet_ibfk_15` FOREIGN KEY (`locality_id`) REFERENCES `locality` (`id`),
  CONSTRAINT `tablet_ibfk_16` FOREIGN KEY (`sub_locality_id`) REFERENCES `sub_locality` (`id`),
  CONSTRAINT `tablet_ibfk_17` FOREIGN KEY (`sub_period_id`) REFERENCES `sub_period` (`id`),
  CONSTRAINT `tablet_ibfk_18` FOREIGN KEY (`city_site_id`) REFERENCES `city_site` (`id`),
  CONSTRAINT `tablet_ibfk_19` FOREIGN KEY (`reign_id`) REFERENCES `reign` (`id`),
  CONSTRAINT `tablet_ibfk_2` FOREIGN KEY (`script_type_id`) REFERENCES `script_type` (`id`),
  CONSTRAINT `tablet_ibfk_20` FOREIGN KEY (`eponym_id`) REFERENCES `eponym` (`id`),
  CONSTRAINT `tablet_ibfk_21` FOREIGN KEY (`author_id`) REFERENCES `author` (`id`),
  CONSTRAINT `tablet_ibfk_3` FOREIGN KEY (`city_id`) REFERENCES `city` (`id`),
  CONSTRAINT `tablet_ibfk_4` FOREIGN KEY (`origin_city_id`) REFERENCES `city` (`id`),
  CONSTRAINT `tablet_ibfk_5` FOREIGN KEY (`period_id`) REFERENCES `period` (`id`),
  CONSTRAINT `tablet_ibfk_6` FOREIGN KEY (`from_id`) REFERENCES `correspondent` (`id`),
  CONSTRAINT `tablet_ibfk_7` FOREIGN KEY (`to_id`) REFERENCES `correspondent` (`id`),
  CONSTRAINT `tablet_ibfk_9` FOREIGN KEY (`text_vehicle_id`) REFERENCES `text_vehicle` (`id`)
) ENGINE=InnoDB DEFAULT CHARSET=utf8;

LOCK TABLES `tablet` WRITE;
/*!40000 ALTER TABLE `tablet` DISABLE KEYS */;

INSERT INTO `tablet` (`id`, `museum_number`, `medium_id`, `script_type_id`, `city_id`, `origin_city_id`, `publication`, `period_id`, `from_id`, `to_id`, `ancient_month`, `ancient_day`, `text_vehicle_id`, `notes`, `language_id`, `year_id`, `method_id`, `function_id`, `genre_id`, `dynasty_id`, `locality_id`, `sub_locality_id`, `sub_period_id`, `city_site_id`, `reign_id`, `timestamp`, `ancient_year`, `absolute_month`, `absolute_day`, `eponym_id`, `author_id`)
VALUES
	(449,'BM_94168',2,NULL,101,NULL,'AbB 13, 139',8,NULL,NULL,NULL,NULL,12,NULL,NULL,NULL,1,NULL,2,NULL,3,NULL,14,NULL,NULL,'2012-06-19 17:40:28',NULL,NULL,NULL,NULL,NULL),
	(450,'BM_38446',2,NULL,NULL,NULL,'RIME.4.3.8.1',8,NULL,NULL,NULL,NULL,12,NULL,NULL,NULL,1,NULL,1,NULL,3,NULL,14,NULL,NULL,'2012-06-19 17:40:28',NULL,NULL,NULL,NULL,NULL),
	(451,'BM_80270',2,NULL,101,NULL,'Kraus (1984) pp. 376-377',8,NULL,NULL,'8','10',12,NULL,NULL,1709,1,NULL,1,NULL,3,NULL,14,NULL,NULL,'2012-06-19 17:40:28','3',NULL,NULL,NULL,NULL),
	(452,'56_9-9_195',2,NULL,93,NULL,'RIMA.0.76.1002',13,NULL,NULL,NULL,NULL,14,NULL,NULL,NULL,1,NULL,3,NULL,2,NULL,NULL,NULL,NULL,'2012-06-19 17:40:28',NULL,NULL,NULL,NULL,NULL),
	(453,'VAT_9653',2,NULL,NULL,NULL,'RIMA.0.76.1',13,NULL,NULL,NULL,NULL,12,NULL,NULL,NULL,1,NULL,3,NULL,2,NULL,NULL,NULL,NULL,'2012-06-19 17:40:28',NULL,NULL,NULL,NULL,NULL),
	(454,'A_587-1982',2,NULL,68,NULL,'BCT 1, 41',18,NULL,NULL,'11','1',12,NULL,NULL,NULL,1,NULL,1,NULL,3,NULL,18,NULL,NULL,'2012-06-19 17:40:28','1Bb',NULL,NULL,NULL,NULL),
	(455,'BM_92626',2,NULL,NULL,NULL,'AbB 2, 54',8,9,NULL,NULL,NULL,12,NULL,NULL,NULL,1,NULL,2,NULL,3,NULL,14,NULL,NULL,'2012-06-19 17:40:28',NULL,NULL,NULL,NULL,NULL),
	(456,'BM_80161_seal',2,NULL,NULL,NULL,'RIME.4.3.9.2013',8,NULL,NULL,NULL,NULL,12,NULL,NULL,NULL,2,NULL,4,NULL,3,NULL,14,NULL,NULL,'2012-06-19 17:40:28',NULL,NULL,NULL,NULL,NULL),
	(457,'BM_97328',2,NULL,101,61,'AbB 12, 8',8,6,NULL,NULL,NULL,12,NULL,NULL,NULL,1,NULL,2,NULL,3,NULL,14,NULL,NULL,'2012-06-19 17:40:28',NULL,NULL,NULL,NULL,NULL),
	(458,'BM_97256',2,NULL,101,61,'AbB 12, 4',8,5,NULL,NULL,NULL,12,NULL,NULL,NULL,1,NULL,2,NULL,3,NULL,14,NULL,NULL,'2012-06-19 17:40:28',NULL,NULL,NULL,NULL,NULL),
	(459,'BM_97249',2,NULL,101,61,'AbB 12, 3',8,5,NULL,NULL,NULL,12,NULL,NULL,NULL,1,NULL,2,NULL,3,NULL,14,NULL,NULL,'2012-06-19 17:40:28',NULL,NULL,NULL,NULL,NULL),
	(460,'BM_97227',2,NULL,101,61,'AbB 12, 7',8,6,NULL,NULL,NULL,12,NULL,NULL,NULL,1,NULL,2,NULL,3,NULL,14,NULL,NULL,'2012-06-19 17:40:28',NULL,NULL,NULL,NULL,NULL),
	(461,'BM_97212',2,NULL,101,61,'AbB 12, 6',8,6,NULL,NULL,NULL,12,NULL,NULL,NULL,1,NULL,2,NULL,3,NULL,14,NULL,NULL,'2012-06-19 17:40:28',NULL,NULL,NULL,NULL,NULL),
	(462,'BM_97143',2,NULL,101,61,'AbB 12, 72',8,6,NULL,NULL,NULL,12,NULL,NULL,NULL,1,NULL,2,NULL,3,NULL,14,NULL,NULL,'2012-06-19 17:40:28',NULL,NULL,NULL,NULL,NULL),
	(463,'BM_97128',2,NULL,101,61,'AbB 12, 5',8,6,NULL,NULL,NULL,12,NULL,NULL,NULL,1,NULL,2,NULL,3,NULL,14,NULL,NULL,'2012-06-19 17:40:28',NULL,NULL,NULL,NULL,NULL),
	(464,'BM_79905',2,NULL,NULL,61,'AbB 13, 78',8,NULL,NULL,NULL,NULL,12,'ze\'pum',NULL,NULL,1,NULL,2,NULL,3,NULL,14,NULL,NULL,'2012-06-19 17:40:28',NULL,NULL,NULL,NULL,NULL),
	(465,'BM_97074',2,NULL,101,NULL,'AbB 12, 2',8,NULL,NULL,NULL,NULL,12,NULL,NULL,NULL,1,NULL,2,NULL,3,NULL,14,NULL,NULL,'2012-06-19 17:40:28',NULL,NULL,NULL,NULL,NULL),
	(466,'BM_96983',2,NULL,101,NULL,'AbB 12, 61',8,NULL,NULL,NULL,NULL,12,NULL,NULL,NULL,1,NULL,2,NULL,3,NULL,14,NULL,NULL,'2012-06-19 17:40:28',NULL,NULL,NULL,NULL,NULL),
	(467,'BM_97342',2,NULL,101,NULL,'Jeyes (1989) no. 12',8,NULL,NULL,NULL,NULL,12,NULL,NULL,NULL,1,NULL,NULL,NULL,3,NULL,14,NULL,NULL,'2012-06-19 17:40:28',NULL,NULL,NULL,NULL,NULL),
	(468,'BM_97007',2,NULL,101,NULL,'Jeyes (1989) no. 11',8,NULL,NULL,NULL,NULL,12,NULL,NULL,NULL,1,NULL,NULL,NULL,3,NULL,14,NULL,NULL,'2012-06-19 17:40:28',NULL,NULL,NULL,NULL,NULL),
	(469,'BM_113207',3,NULL,106,NULL,'RIME.4.4.6.1',8,NULL,NULL,NULL,NULL,12,NULL,NULL,NULL,3,NULL,3,NULL,3,NULL,6,NULL,NULL,'2012-06-19 17:40:28',NULL,NULL,NULL,NULL,NULL),
	(470,'82_5-22_130',2,2,93,NULL,'SAA 2, 9',14,NULL,NULL,NULL,NULL,12,'Ashurbanipal\'s Treaty with Babylonian allies; Parpola notes that an Assyrianism in l. 34\' obv indicates that the text was composed in Nineveh',NULL,NULL,1,NULL,NULL,NULL,2,NULL,17,NULL,NULL,'2012-06-19 17:40:28',NULL,NULL,NULL,NULL,NULL),
	(471,'K_2034',2,1,93,NULL,'MSL 16 p. 49',14,NULL,NULL,NULL,NULL,12,NULL,NULL,NULL,1,NULL,5,NULL,2,NULL,17,NULL,NULL,'2012-06-19 17:40:28',NULL,NULL,NULL,NULL,NULL),
	(472,'BM_40127',2,2,93,61,'MSL 16 p. 49',10,NULL,NULL,NULL,NULL,12,NULL,NULL,NULL,1,NULL,5,NULL,2,NULL,4,NULL,NULL,'2012-06-19 17:40:28',NULL,NULL,NULL,NULL,NULL),
	(473,'K_14895',2,1,93,NULL,'MSL 16 p. 49',14,NULL,NULL,NULL,NULL,12,NULL,NULL,NULL,1,NULL,5,NULL,2,NULL,17,NULL,NULL,'2012-06-19 17:40:28',NULL,NULL,NULL,NULL,NULL),
	(474,'Rm_359',2,1,93,NULL,'MSL 16 p. 49',14,NULL,NULL,NULL,NULL,12,NULL,NULL,NULL,1,NULL,5,NULL,2,NULL,17,NULL,NULL,'2012-06-19 17:40:28',NULL,NULL,NULL,NULL,NULL),
	(475,'80_7-19_308',2,NULL,93,NULL,'MSL 16 p. 49',14,NULL,NULL,NULL,NULL,12,NULL,NULL,NULL,1,NULL,5,NULL,2,NULL,17,NULL,NULL,'2012-06-19 17:40:28',NULL,NULL,NULL,NULL,NULL),
	(476,'K_12907',2,1,93,NULL,'MSL 16 p. 49',14,NULL,NULL,NULL,NULL,12,NULL,NULL,NULL,1,NULL,5,NULL,2,NULL,17,NULL,NULL,'2012-06-19 17:40:28',NULL,NULL,NULL,NULL,NULL),
	(477,'K_4600',2,1,93,NULL,NULL,14,NULL,NULL,NULL,NULL,12,NULL,NULL,NULL,1,NULL,5,NULL,2,NULL,17,NULL,NULL,'2012-06-19 17:40:28',NULL,NULL,NULL,NULL,NULL),
	(478,'81_7-27_56',2,1,93,NULL,'MSL 16 p. 63',14,NULL,NULL,NULL,NULL,12,NULL,NULL,NULL,1,NULL,5,NULL,2,NULL,17,NULL,NULL,'2012-06-19 17:40:28',NULL,NULL,NULL,NULL,NULL),
	(479,'K_244',2,1,93,NULL,'MSL 16 p. 73',14,NULL,NULL,NULL,NULL,12,NULL,NULL,NULL,1,NULL,5,NULL,2,NULL,17,NULL,NULL,'2012-06-19 17:40:28',NULL,NULL,NULL,NULL,NULL),
	(480,'K_5422_a',2,1,93,NULL,'MSL 16 p. 74',14,NULL,NULL,NULL,NULL,12,NULL,NULL,NULL,1,NULL,5,NULL,2,NULL,17,NULL,NULL,'2012-06-19 17:40:28',NULL,NULL,NULL,NULL,NULL),
	(481,'K_197',2,1,93,NULL,'MSL 16 p. 74',14,NULL,NULL,NULL,NULL,12,'K 197 + Sm 294',NULL,NULL,1,NULL,5,NULL,2,NULL,17,NULL,NULL,'2012-06-19 17:40:28',NULL,NULL,NULL,NULL,NULL),
	(482,'Rm2_25',2,2,93,NULL,NULL,14,NULL,NULL,NULL,NULL,12,NULL,NULL,NULL,1,NULL,5,NULL,2,NULL,17,NULL,NULL,'2012-06-19 17:40:28',NULL,NULL,NULL,NULL,NULL),
	(483,'K_39',2,1,93,NULL,'MSL 16 p. 117',14,NULL,NULL,NULL,NULL,12,NULL,NULL,NULL,1,NULL,5,NULL,2,NULL,17,NULL,NULL,'2012-06-19 17:40:28',NULL,NULL,NULL,NULL,NULL),
	(484,'K_12032',2,1,93,NULL,'MSL 16 p. 133',14,NULL,NULL,NULL,NULL,12,NULL,NULL,NULL,1,NULL,5,NULL,NULL,NULL,17,NULL,NULL,'2012-06-19 17:40:28',NULL,NULL,NULL,NULL,NULL),
	(485,'80_7-19_57',2,1,93,NULL,'SAA 8, 6',14,NULL,NULL,NULL,NULL,12,'Year may be 668/67 or 656/55 BC',NULL,669,1,NULL,2,NULL,2,NULL,17,NULL,NULL,'2012-06-19 17:40:28',NULL,NULL,NULL,NULL,NULL),
	(486,'91_5-9_14',2,1,93,NULL,'SAA 8, 7',14,NULL,NULL,NULL,NULL,12,'For the calculation of the date see Parpola LAS appendix J.',NULL,667,1,NULL,2,NULL,2,NULL,17,NULL,NULL,'2012-06-19 17:40:28',NULL,'5','24',NULL,1),
	(487,'83-1-18_287',2,1,93,NULL,'SAA 8, 8',14,NULL,NULL,NULL,NULL,12,'For the calculation of the date see Parpola LAS appendix J.',NULL,658,1,NULL,2,NULL,2,NULL,17,NULL,NULL,'2012-06-19 17:40:28',NULL,'3',NULL,51,1),
	(488,'K_3258',2,1,93,NULL,'SAA 3, 1',14,NULL,NULL,NULL,NULL,12,NULL,NULL,NULL,1,NULL,NULL,NULL,2,NULL,17,NULL,NULL,'2012-06-19 17:40:28',NULL,NULL,NULL,NULL,NULL),
	(489,'VA_7442',2,NULL,60,NULL,'RIMA.0.69.1',13,NULL,NULL,NULL,NULL,4,NULL,NULL,NULL,1,NULL,3,NULL,2,NULL,NULL,NULL,NULL,'2012-06-19 17:40:28',NULL,NULL,NULL,NULL,NULL),
	(490,'VAT_9562',2,NULL,60,NULL,'RIMA.0.98.1',14,NULL,NULL,NULL,NULL,12,NULL,NULL,NULL,1,NULL,3,NULL,2,NULL,3,NULL,NULL,'2012-06-19 17:40:28',NULL,NULL,NULL,NULL,NULL),
	(491,'VA_Ass_3221_c',2,NULL,60,NULL,'RIMA.1.0.60.1',13,NULL,NULL,NULL,NULL,3,NULL,NULL,NULL,1,NULL,3,NULL,2,NULL,NULL,NULL,NULL,'2012-06-19 17:40:28',NULL,NULL,NULL,NULL,NULL),
	(492,'K_15272',2,1,93,NULL,'SAA 2, 2',14,NULL,NULL,NULL,NULL,12,NULL,NULL,NULL,1,NULL,NULL,NULL,2,NULL,3,NULL,NULL,'2012-06-19 17:40:28',NULL,NULL,NULL,NULL,NULL),
	(493,'56_9-9_185',2,NULL,93,NULL,'RIMA.0.86.1',13,NULL,NULL,NULL,NULL,4,NULL,NULL,NULL,1,NULL,3,NULL,2,NULL,NULL,NULL,NULL,'2012-06-19 17:40:28',NULL,NULL,NULL,NULL,NULL),
	(494,'BM_121147',3,NULL,93,NULL,'RIMA.0.73.1001',13,NULL,NULL,NULL,NULL,18,NULL,NULL,NULL,3,NULL,3,NULL,2,NULL,NULL,NULL,NULL,'2012-06-19 17:40:28',NULL,NULL,NULL,NULL,NULL),
	(495,'BM_121148',3,NULL,93,NULL,'RIMA.0.73.1001',13,NULL,NULL,NULL,NULL,18,NULL,NULL,NULL,3,NULL,3,NULL,2,NULL,NULL,NULL,NULL,'2012-06-19 17:40:28',NULL,NULL,NULL,NULL,NULL),
	(496,'A_9011',2,NULL,72,NULL,'RIME.4.5.6.1',8,NULL,NULL,NULL,NULL,3,NULL,NULL,NULL,2,NULL,3,NULL,3,NULL,6,NULL,NULL,'2012-06-19 17:40:28',NULL,NULL,NULL,NULL,NULL),
	(497,'A_8994',2,NULL,72,NULL,'RIME.4.5.3.2',8,NULL,NULL,NULL,NULL,3,NULL,NULL,NULL,2,NULL,3,NULL,3,NULL,6,NULL,NULL,'2012-06-19 17:40:28',NULL,NULL,NULL,NULL,NULL),
	(498,'VA_2720',3,NULL,NULL,NULL,'RIME.4.1.7.2005',8,NULL,NULL,NULL,NULL,16,NULL,NULL,NULL,3,NULL,4,NULL,3,NULL,6,NULL,NULL,'2012-06-19 17:40:28',NULL,NULL,NULL,NULL,NULL),
	(499,'BM_59592',2,NULL,101,NULL,'Bongenaar (1997)',11,NULL,NULL,'5','22',12,NULL,NULL,524,1,NULL,1,NULL,3,NULL,1,NULL,NULL,'2012-06-19 17:40:28','6',NULL,NULL,NULL,NULL),
	(500,'BM_55872',2,NULL,101,NULL,'Bongenaar (1997) p. 107',11,NULL,NULL,'8','20',12,NULL,NULL,533,1,NULL,1,NULL,3,NULL,1,NULL,NULL,'2012-06-19 17:40:28','6',NULL,NULL,NULL,NULL),
	(501,'BM_74378',2,NULL,101,NULL,'Bongenaar (1997) p. 116',11,NULL,NULL,'9','24',12,NULL,NULL,534,1,NULL,1,NULL,3,NULL,1,NULL,NULL,'2012-06-19 17:40:28','5',NULL,NULL,NULL,NULL),
	(502,'BM_38120',2,2,61,NULL,'MSL 16 p. 73',11,NULL,NULL,NULL,NULL,12,'Copy of a text from Borsippa',NULL,538,1,NULL,5,NULL,3,NULL,1,NULL,NULL,'2012-06-19 17:40:28','1',NULL,NULL,NULL,NULL),
	(503,'BM_56728',2,NULL,101,NULL,'Bongenaar (1997) pp. 16-17',11,NULL,NULL,'12','18',12,'Year uncertain',NULL,496,1,NULL,1,NULL,3,NULL,1,NULL,NULL,'2012-06-19 17:40:28','26',NULL,NULL,NULL,NULL),
	(504,'83_1-18_420',2,NULL,93,NULL,'SAA 2, 4',14,NULL,NULL,NULL,NULL,12,'This text vehicle comprises three fragments: 83-1-18_420, 83-1-18_493 and Bu 91-5-9_131. Images have been excerpted from all three fragments under the lable 83-1-18_420.',NULL,NULL,1,NULL,NULL,NULL,2,NULL,17,NULL,NULL,'2012-06-19 17:40:28',NULL,NULL,NULL,NULL,NULL),
	(505,'91_5-9_3',2,NULL,93,NULL,'SAA 16, 17',14,NULL,NULL,NULL,NULL,12,NULL,NULL,NULL,1,NULL,2,NULL,2,NULL,17,NULL,NULL,'2012-06-19 17:40:28',NULL,NULL,NULL,NULL,NULL),
	(506,'K_486',2,NULL,93,NULL,'SAA 16, 2',14,NULL,NULL,NULL,NULL,12,NULL,NULL,NULL,1,NULL,2,NULL,2,NULL,17,NULL,NULL,'2012-06-19 17:40:28',NULL,NULL,NULL,NULL,NULL),
	(507,'K_1542',2,NULL,93,NULL,'SAA 16, 1',14,NULL,NULL,NULL,NULL,12,NULL,NULL,NULL,1,NULL,2,NULL,2,NULL,17,NULL,NULL,'2012-06-19 17:40:28',NULL,NULL,NULL,NULL,NULL),
	(508,'K_971',2,NULL,93,NULL,'SAA 16, 40',14,NULL,NULL,NULL,NULL,12,NULL,NULL,NULL,1,NULL,2,NULL,2,NULL,17,NULL,NULL,'2012-06-19 17:40:28',NULL,NULL,NULL,NULL,NULL),
	(509,'K_865',2,1,93,NULL,'SAA 8, 46',14,NULL,NULL,NULL,NULL,12,'For the calculation of the date see Parpola LAS appendix J.',NULL,671,1,NULL,2,NULL,2,NULL,17,NULL,NULL,'2012-06-19 17:40:28',NULL,'9',NULL,NULL,NULL),
	(510,'81_7-27_19',2,1,93,NULL,'SAA 8, 1',14,NULL,NULL,NULL,NULL,12,'For the calculation of the date see Parpola LAS appendix J.',NULL,673,1,NULL,2,NULL,2,NULL,17,NULL,NULL,'2012-06-19 17:40:28',NULL,'8',NULL,NULL,1),
	(511,'BM_87235',2,NULL,86,NULL,'RIME.3/1.1.7.39',18,NULL,NULL,NULL,NULL,4,NULL,NULL,NULL,1,NULL,3,NULL,3,NULL,18,NULL,NULL,'2012-06-19 17:40:28',NULL,NULL,NULL,NULL,NULL),
	(512,'BM_22468',3,NULL,NULL,NULL,'RIME.3/1.1.7.18',18,NULL,NULL,NULL,NULL,17,NULL,NULL,NULL,3,NULL,3,NULL,3,NULL,18,NULL,NULL,'2012-06-19 17:40:28',NULL,NULL,NULL,NULL,NULL),
	(513,'BM_30062',2,NULL,104,NULL,'RIME.4.2.5.2',8,NULL,NULL,NULL,NULL,4,NULL,NULL,NULL,1,NULL,3,NULL,3,NULL,6,NULL,NULL,'2012-06-19 17:40:28',NULL,NULL,NULL,NULL,NULL),
	(514,'BM_25000',2,NULL,101,NULL,'RIME.4.3.6.12',8,NULL,NULL,NULL,NULL,4,NULL,NULL,NULL,1,NULL,3,NULL,3,NULL,14,NULL,NULL,'2012-06-19 17:40:28',NULL,NULL,NULL,NULL,NULL),
	(515,'BM_91071',2,NULL,101,NULL,'RIME.4.3.6.12',8,NULL,NULL,NULL,NULL,4,'Records the building of a wall of Sippar commemorated in Hammu-rapi (Babylon) 43',NULL,NULL,1,NULL,3,NULL,NULL,NULL,14,NULL,NULL,'2012-06-19 17:40:28',NULL,NULL,NULL,NULL,NULL),
	(516,'BM_93768',2,NULL,87,61,'AbB 13, 23',8,11,NULL,NULL,NULL,12,NULL,NULL,NULL,1,NULL,2,NULL,3,NULL,14,NULL,NULL,'2012-06-19 17:40:28',NULL,NULL,NULL,NULL,NULL),
	(517,'BM_93770',2,NULL,87,61,'AbB 13, 25',8,11,NULL,NULL,NULL,12,NULL,NULL,NULL,1,NULL,2,NULL,3,NULL,14,NULL,NULL,'2012-06-19 17:40:28',NULL,NULL,NULL,NULL,NULL),
	(518,'BM_23152',2,NULL,87,61,'AbB 2, 40',8,11,NULL,NULL,NULL,12,NULL,NULL,NULL,1,NULL,2,NULL,3,NULL,14,NULL,NULL,'2012-06-19 17:40:28',NULL,NULL,NULL,NULL,NULL),
	(519,'BM_91070',2,NULL,101,NULL,'RIME.4.3.6.12',8,NULL,NULL,NULL,NULL,4,NULL,NULL,NULL,1,NULL,3,NULL,3,NULL,14,NULL,NULL,'2012-06-19 17:40:28',NULL,NULL,NULL,NULL,NULL),
	(520,'BM_54539',2,NULL,101,NULL,'RIME.4.3.6.12',8,NULL,NULL,NULL,NULL,4,'Records the building of a wall of Sippar commemorated in Hammu-rapi (Babylon) 43',NULL,NULL,1,NULL,3,NULL,3,NULL,14,NULL,NULL,'2012-06-19 17:40:28',NULL,NULL,NULL,NULL,NULL),
	(521,'BM_93777',2,NULL,87,61,'AbB 13, 32',8,11,NULL,NULL,NULL,12,'Recipient\'s name restored',NULL,NULL,1,NULL,2,NULL,3,NULL,14,NULL,NULL,'2012-06-19 17:40:28',NULL,NULL,NULL,NULL,NULL),
	(522,'A_1429-1982',2,NULL,NULL,NULL,'BCT 2, 200',18,NULL,NULL,NULL,NULL,12,NULL,NULL,NULL,1,NULL,1,NULL,3,NULL,18,NULL,NULL,'2012-06-19 17:40:28','4Bb',NULL,NULL,NULL,NULL),
	(523,'BM_130738',3,NULL,111,NULL,'Smith (1949)',13,NULL,NULL,NULL,NULL,11,'Due to the practicalities of photographing a statue, some allowance must be made for slight deviations in the scale of the images presented here.',NULL,NULL,3,NULL,3,NULL,4,NULL,NULL,NULL,NULL,'2012-06-19 17:40:28',NULL,NULL,NULL,NULL,NULL),
	(524,'BM_131447',2,NULL,111,NULL,'Wiseman (1953) no. 3',13,NULL,NULL,NULL,NULL,12,NULL,NULL,NULL,1,NULL,NULL,NULL,4,NULL,NULL,NULL,NULL,'2012-06-19 17:40:28',NULL,NULL,NULL,NULL,NULL),
	(525,'BM_131477',2,NULL,111,NULL,'Wiseman (1953) no. 70',13,NULL,NULL,NULL,NULL,12,NULL,NULL,NULL,1,NULL,1,NULL,4,NULL,NULL,NULL,NULL,'2012-06-19 17:40:28',NULL,NULL,NULL,NULL,NULL),
	(526,'A_9007',2,NULL,72,NULL,'RIME.4.5.9.1',8,NULL,NULL,NULL,NULL,3,NULL,NULL,NULL,2,NULL,3,NULL,3,NULL,6,NULL,NULL,'2012-06-19 17:40:28',NULL,NULL,NULL,NULL,NULL),
	(527,'A_9003',2,NULL,72,NULL,'RIME.4.5.14.2',8,NULL,NULL,NULL,NULL,3,NULL,NULL,NULL,2,NULL,3,NULL,3,NULL,6,NULL,NULL,'2012-06-19 17:40:28',NULL,NULL,NULL,NULL,NULL),
	(528,'A_8992',2,NULL,72,NULL,'RIME.4.5.4.1',8,NULL,NULL,NULL,NULL,3,NULL,NULL,NULL,2,NULL,3,NULL,3,NULL,6,NULL,NULL,'2012-06-19 17:40:28',NULL,NULL,NULL,NULL,NULL),
	(529,'BM_119043',2,NULL,104,NULL,'RIME.4.1.5.6',8,NULL,NULL,NULL,NULL,4,NULL,NULL,NULL,1,NULL,3,NULL,3,NULL,6,NULL,NULL,'2012-06-19 17:40:28',NULL,NULL,NULL,NULL,NULL),
	(530,'BM_117823',2,NULL,NULL,NULL,'RIME.4.1.5.3',8,NULL,NULL,NULL,NULL,4,NULL,NULL,NULL,1,NULL,3,NULL,3,NULL,6,NULL,NULL,'2012-06-19 17:40:28',NULL,NULL,NULL,NULL,NULL),
	(531,'BM_56594',2,NULL,101,NULL,'Bongenaar (1997) pp. 63-64',10,NULL,NULL,'10','4',12,NULL,NULL,546,1,NULL,1,NULL,3,NULL,2,NULL,NULL,'2012-06-19 17:40:28','10',NULL,NULL,NULL,NULL),
	(532,'BM_57170',2,NULL,101,NULL,'Bongenaar (1997) p. 117',10,NULL,NULL,'12','19',12,NULL,NULL,545,1,NULL,1,NULL,3,NULL,2,NULL,NULL,'2012-06-19 17:40:28','11',NULL,NULL,NULL,NULL),
	(533,'BM_91000',3,NULL,101,NULL,'King, BBS pp. 120-127, pls. XCVIII-CII',10,NULL,NULL,NULL,NULL,12,NULL,NULL,NULL,3,NULL,3,NULL,3,NULL,4,NULL,NULL,'2012-06-19 17:40:28',NULL,NULL,NULL,NULL,NULL),
	(534,'BM_57706',2,NULL,101,NULL,'Bongenaar (1997) pp. 393-394',10,NULL,NULL,NULL,NULL,12,NULL,NULL,NULL,1,NULL,1,NULL,3,NULL,2,NULL,NULL,'2012-06-19 17:40:28',NULL,NULL,NULL,NULL,NULL),
	(535,'Wx17',2,2,106,NULL,'AUWE 5, 68',11,NULL,NULL,'2','19',12,'Month uncertain',NULL,581,1,NULL,1,NULL,3,NULL,2,NULL,NULL,'2012-06-19 17:40:28','25',NULL,NULL,NULL,NULL),
	(536,'BM_113352',2,2,106,106,'unpublished',11,NULL,NULL,'7','6',12,NULL,NULL,521,1,NULL,1,NULL,3,NULL,1,NULL,NULL,'2012-06-19 17:40:28','1',NULL,NULL,NULL,NULL),
	(537,'VA_7881',3,NULL,60,NULL,'RIMA.0.82.1',13,NULL,NULL,NULL,NULL,14,NULL,NULL,NULL,3,NULL,3,NULL,2,NULL,NULL,NULL,NULL,'2012-06-19 17:40:28',NULL,NULL,NULL,NULL,NULL),
	(538,'BM_119036',2,NULL,104,NULL,'RIME.4.2.8.3',8,NULL,NULL,NULL,NULL,4,NULL,NULL,NULL,1,NULL,3,NULL,3,NULL,6,NULL,NULL,'2012-06-19 17:40:28',NULL,NULL,NULL,NULL,NULL),
	(539,'BM_119045',2,NULL,104,NULL,'RIME.4.2.8.3',8,NULL,NULL,NULL,NULL,4,NULL,NULL,NULL,1,NULL,3,NULL,3,NULL,6,NULL,NULL,'2012-06-19 17:40:28',NULL,NULL,NULL,NULL,NULL),
	(540,'BM_114342',2,NULL,71,NULL,'RIME.4.2.8.5',8,NULL,NULL,NULL,NULL,3,NULL,NULL,NULL,2,NULL,3,NULL,3,NULL,6,NULL,NULL,'2012-06-19 17:40:28',NULL,NULL,NULL,NULL,NULL),
	(541,'VA_8251',2,NULL,60,NULL,'RIMA.0.61.1',13,NULL,NULL,NULL,NULL,4,NULL,NULL,NULL,1,NULL,3,NULL,2,NULL,NULL,NULL,NULL,'2012-06-19 17:40:28',NULL,NULL,NULL,NULL,NULL),
	(542,'BM_14030',2,NULL,106,NULL,'UF 10 (1978) 124 no. 5',8,NULL,NULL,NULL,NULL,12,NULL,NULL,NULL,1,NULL,1,NULL,3,NULL,6,NULL,NULL,'2012-06-19 17:40:28',NULL,NULL,NULL,NULL,NULL),
	(543,'BM_14070',2,NULL,106,NULL,'UF 10 (1978) 124 no. 15',8,NULL,NULL,NULL,NULL,12,NULL,NULL,NULL,1,NULL,1,NULL,3,NULL,6,NULL,NULL,'2012-06-19 17:40:28',NULL,NULL,NULL,NULL,NULL),
	(544,'BM_14082',2,NULL,106,NULL,'UF 10 (1978) 124 no. 24',8,NULL,NULL,NULL,NULL,12,NULL,NULL,NULL,1,NULL,1,NULL,3,NULL,6,NULL,NULL,'2012-06-19 17:40:28',NULL,NULL,NULL,NULL,NULL),
	(545,'BM_14030_seal',2,NULL,106,NULL,'UF 10 (1978) 124 no. 5',8,NULL,NULL,NULL,NULL,12,NULL,NULL,NULL,2,NULL,4,NULL,3,NULL,6,NULL,NULL,'2012-06-19 17:40:28',NULL,NULL,NULL,NULL,NULL),
	(546,'BM_14070_seal',2,NULL,106,NULL,'UF 10 (1978) 124 no. 15',8,NULL,NULL,NULL,NULL,12,'cylinder seal impression on BM 14070',NULL,NULL,2,NULL,4,NULL,3,NULL,6,NULL,NULL,'2012-06-19 17:40:28',NULL,NULL,NULL,NULL,NULL),
	(547,'BM_116423',2,NULL,104,NULL,'RIME.4.2.14.5',8,NULL,NULL,NULL,NULL,4,NULL,NULL,NULL,1,NULL,3,NULL,3,NULL,6,NULL,NULL,'2012-06-19 17:40:28',NULL,NULL,NULL,NULL,NULL),
	(548,'BM_80128_seal',2,NULL,101,NULL,'CT 48 no. 21',8,NULL,NULL,NULL,NULL,6,'cylinder seal impressions on BM 80128',NULL,NULL,2,NULL,4,NULL,3,NULL,6,NULL,NULL,'2012-06-19 17:40:28',NULL,NULL,NULL,NULL,NULL),
	(549,'BM_96952',2,NULL,NULL,NULL,'RIME.4.3.6.11',8,NULL,NULL,NULL,NULL,12,'Copy of a Hammu-rapi (Babylon) inscription',NULL,1737,1,NULL,3,NULL,3,NULL,14,NULL,NULL,'2012-06-19 17:40:28','14',NULL,NULL,NULL,NULL),
	(550,'BM_91083',3,NULL,101,NULL,'RIME.4.3.7.5',8,NULL,NULL,NULL,NULL,12,NULL,NULL,NULL,3,NULL,3,NULL,3,NULL,14,NULL,NULL,'2012-06-19 17:40:28',NULL,NULL,NULL,NULL,NULL),
	(551,'BM_81562',2,NULL,NULL,NULL,'Kraus (1984) p. 372 (16)',8,NULL,NULL,'11','12',12,NULL,NULL,1737,1,NULL,1,NULL,3,NULL,14,NULL,NULL,'2012-06-19 17:40:28','14',NULL,NULL,NULL,NULL),
	(552,'BM_81596',2,NULL,NULL,NULL,'Kraus (1984) p. 372 (14)',8,NULL,NULL,'9','18',12,NULL,NULL,1733,1,NULL,1,NULL,3,NULL,14,NULL,NULL,'2012-06-19 17:40:28','18',NULL,NULL,NULL,NULL),
	(553,'BM_81650',2,NULL,NULL,NULL,'Kraus (1984) p. 375 (21)',8,NULL,NULL,'8',NULL,12,NULL,NULL,1745,1,NULL,1,NULL,3,NULL,14,NULL,NULL,'2012-06-19 17:40:28','6',NULL,NULL,NULL,NULL),
	(554,'BM_81388',2,NULL,NULL,NULL,'Kraus (1984) p. 373 (18)',8,NULL,NULL,'5','6',12,NULL,NULL,1734,1,NULL,1,NULL,3,NULL,14,NULL,NULL,'2012-06-19 17:40:28','17',NULL,NULL,NULL,NULL),
	(555,'BM_81552',2,NULL,NULL,NULL,'Kraus (1984) pp. 372-373 (17)',8,NULL,NULL,'11','9',12,NULL,NULL,1734,1,NULL,1,NULL,3,NULL,14,NULL,NULL,'2012-06-19 17:40:28','17',NULL,NULL,NULL,NULL),
	(556,'BM_17290',2,NULL,101,NULL,'Jeyes (1989) no. 3',8,NULL,NULL,NULL,NULL,12,NULL,NULL,NULL,1,NULL,NULL,NULL,3,NULL,14,NULL,NULL,'2012-06-19 17:40:28',NULL,NULL,NULL,NULL,NULL),
	(557,'K_533',2,NULL,93,NULL,'SAA 1, 11',14,NULL,NULL,NULL,NULL,12,NULL,NULL,NULL,1,NULL,2,NULL,2,NULL,17,NULL,NULL,'2012-06-19 17:40:28',NULL,NULL,NULL,NULL,NULL),
	(558,'K_686',2,NULL,93,58,'SAA 1, 45',14,NULL,NULL,NULL,NULL,12,NULL,NULL,NULL,1,NULL,2,NULL,2,NULL,17,NULL,NULL,'2012-06-19 17:40:28',NULL,NULL,NULL,NULL,NULL),
	(559,'K_592',2,NULL,93,NULL,'SAA 1, 5',14,NULL,NULL,NULL,NULL,12,NULL,NULL,NULL,1,NULL,2,NULL,2,NULL,17,NULL,NULL,'2012-06-19 17:40:28',NULL,NULL,NULL,NULL,NULL),
	(560,'Sm_2115',2,NULL,93,NULL,'RIMA.0.77.17',13,NULL,NULL,NULL,NULL,1,NULL,NULL,NULL,1,NULL,3,NULL,2,NULL,NULL,NULL,NULL,'2012-06-19 17:40:28',NULL,NULL,NULL,NULL,NULL),
	(561,'BM_122669',2,NULL,93,NULL,'RIMA.0.77.17',13,NULL,NULL,NULL,NULL,1,NULL,NULL,NULL,1,NULL,3,NULL,2,NULL,NULL,NULL,NULL,'2012-06-19 17:40:28',NULL,NULL,NULL,NULL,NULL),
	(562,'BM_123455',2,NULL,93,NULL,'RIMA.0.77.18',13,NULL,NULL,NULL,NULL,1,NULL,NULL,NULL,1,NULL,3,NULL,2,NULL,NULL,NULL,NULL,'2012-06-19 17:40:28',NULL,NULL,NULL,NULL,NULL),
	(563,'BM_99332',3,NULL,93,NULL,'RIMA.0.39.2',12,NULL,NULL,NULL,NULL,5,NULL,NULL,NULL,3,NULL,3,NULL,2,NULL,NULL,NULL,NULL,'2012-06-19 17:40:28',NULL,NULL,NULL,NULL,NULL),
	(564,'Rm2_427',3,NULL,93,NULL,'SAA 2, 1',14,NULL,NULL,NULL,NULL,12,NULL,NULL,NULL,3,NULL,NULL,NULL,2,NULL,3,NULL,NULL,'2012-06-19 17:40:28',NULL,NULL,NULL,NULL,NULL),
	(565,'A_1122-1982',2,NULL,103,NULL,'BCT 2, 37',18,NULL,NULL,NULL,NULL,12,NULL,NULL,NULL,1,NULL,1,NULL,3,NULL,18,NULL,NULL,'2012-06-19 17:40:28','4Bi',NULL,NULL,NULL,NULL),
	(566,'A_1122-1982_seal',2,NULL,103,NULL,'BCT 2, S9',18,NULL,NULL,NULL,NULL,12,NULL,NULL,NULL,2,NULL,4,NULL,3,NULL,18,NULL,NULL,'2012-06-19 17:40:28',NULL,NULL,NULL,NULL,NULL),
	(567,'BM_90005',2,NULL,104,NULL,'RIME.3/2.1.2.39',18,NULL,NULL,NULL,NULL,3,'scale 4:1',NULL,NULL,1,NULL,3,NULL,3,NULL,18,NULL,NULL,'2012-06-19 17:40:28',NULL,NULL,NULL,NULL,NULL),
	(568,'BM_90017',2,NULL,104,NULL,'RIME.4.1.2.39',18,NULL,NULL,NULL,NULL,3,NULL,NULL,NULL,1,NULL,3,NULL,3,NULL,18,NULL,NULL,'2012-06-19 17:40:28',NULL,NULL,NULL,NULL,NULL),
	(569,'BM_91082',3,NULL,NULL,NULL,'RIME.4.4.3.1',8,NULL,NULL,NULL,NULL,12,NULL,NULL,NULL,3,NULL,3,NULL,3,NULL,6,NULL,NULL,'2012-06-19 17:40:28',NULL,NULL,NULL,NULL,NULL),
	(570,'BM_122939',2,NULL,104,NULL,'RIME.4.2.9.6',8,NULL,NULL,NULL,NULL,4,NULL,NULL,NULL,1,NULL,3,NULL,3,NULL,6,NULL,NULL,'2012-06-19 17:40:28',NULL,NULL,NULL,NULL,NULL),
	(571,'BM_120524',2,NULL,104,NULL,'RIME.4.2.7.2',8,NULL,NULL,NULL,NULL,4,NULL,NULL,NULL,1,NULL,3,NULL,3,NULL,6,NULL,NULL,'2012-06-19 17:40:28',NULL,NULL,NULL,NULL,NULL),
	(572,'VAT_9652',2,NULL,60,NULL,'Roth (1997) MAPD source F',13,NULL,NULL,NULL,NULL,12,NULL,NULL,NULL,1,NULL,NULL,NULL,2,NULL,NULL,NULL,NULL,'2012-06-19 17:40:28',NULL,NULL,NULL,NULL,NULL),
	(573,'VAT_10001',2,NULL,60,NULL,'Roth (1997) MAL B',13,NULL,NULL,NULL,NULL,12,NULL,NULL,NULL,1,NULL,NULL,NULL,2,NULL,NULL,NULL,NULL,'2012-06-19 17:40:28',NULL,NULL,NULL,NULL,NULL),
	(574,'VAT_9629',2,NULL,60,NULL,'Roth (1997) MAPD source A',13,NULL,NULL,NULL,NULL,12,NULL,NULL,NULL,1,NULL,NULL,NULL,2,NULL,NULL,NULL,NULL,'2012-06-19 17:40:28',NULL,NULL,NULL,NULL,NULL),
	(575,'VAT_9140',2,NULL,60,NULL,'Roth (1997) MAPD source G',13,NULL,NULL,NULL,NULL,12,NULL,NULL,NULL,1,NULL,NULL,NULL,2,NULL,NULL,NULL,NULL,'2012-06-19 17:40:28',NULL,NULL,NULL,NULL,NULL),
	(576,'BM_114263',3,NULL,60,NULL,'RIMA.0.78.16',13,NULL,NULL,NULL,NULL,12,NULL,NULL,NULL,3,NULL,3,NULL,2,NULL,NULL,NULL,NULL,'2012-06-19 17:40:28',NULL,NULL,NULL,NULL,NULL),
	(577,'56_9-9_162',2,NULL,NULL,NULL,'RIMA.0.78.20',13,NULL,NULL,NULL,NULL,4,NULL,NULL,NULL,1,NULL,3,NULL,2,NULL,NULL,NULL,NULL,'2012-06-19 17:40:28',NULL,NULL,NULL,NULL,NULL),
	(578,'BM_90000',2,NULL,104,NULL,'RIME.3/2.1.1.12',18,NULL,NULL,NULL,NULL,3,'scale 4:1',NULL,NULL,1,NULL,3,NULL,3,NULL,18,NULL,NULL,'2012-06-19 17:40:28',NULL,NULL,NULL,NULL,NULL),
	(579,'BM_90001',2,NULL,87,NULL,'RIME.3/2.1.1.35',18,NULL,NULL,NULL,NULL,3,'scale 4:1',NULL,NULL,1,NULL,3,NULL,3,NULL,18,NULL,NULL,'2012-06-19 17:40:28',NULL,NULL,NULL,NULL,NULL),
	(580,'BM_90006',2,NULL,106,NULL,'RIME.3/2.1.1.33',18,NULL,NULL,NULL,NULL,3,'scale 4:1',NULL,NULL,1,NULL,3,NULL,3,NULL,18,NULL,NULL,'2012-06-19 17:40:28',NULL,NULL,NULL,NULL,NULL),
	(581,'BM_90007',2,NULL,106,NULL,'RIME.3/2.1.1.33',18,NULL,NULL,NULL,NULL,3,'scale 4:1',NULL,NULL,1,NULL,3,NULL,3,NULL,18,NULL,NULL,'2012-06-19 17:40:28',NULL,NULL,NULL,NULL,NULL),
	(582,'BM_90009',2,NULL,104,NULL,'RIME.3/2.1.1.4',18,NULL,NULL,NULL,NULL,3,'scale 4:1',NULL,NULL,1,NULL,3,NULL,3,NULL,18,NULL,NULL,'2012-06-19 17:40:28',NULL,NULL,NULL,NULL,NULL),
	(583,'BM_90010',2,NULL,106,NULL,'RIME.4.1.1.33',18,NULL,NULL,NULL,NULL,3,NULL,NULL,NULL,1,NULL,3,NULL,3,NULL,18,NULL,NULL,'2012-06-19 17:40:28',NULL,NULL,NULL,NULL,NULL),
	(584,'BM_90011',2,NULL,104,NULL,'RIME.4.1.1.4',18,NULL,NULL,NULL,NULL,3,NULL,NULL,NULL,1,NULL,3,NULL,3,NULL,18,NULL,NULL,'2012-06-19 17:40:28',NULL,NULL,NULL,NULL,NULL),
	(585,'BM_90015',2,NULL,106,NULL,'RIME.4.1.1.33',18,NULL,NULL,NULL,NULL,3,NULL,NULL,NULL,1,NULL,3,NULL,3,NULL,18,NULL,NULL,'2012-06-19 17:40:28',NULL,NULL,NULL,NULL,NULL),
	(586,'BM_90016',2,NULL,87,NULL,'RIME.4.1.1.35',18,NULL,NULL,NULL,NULL,3,NULL,NULL,NULL,1,NULL,3,NULL,3,NULL,18,NULL,NULL,'2012-06-19 17:40:28',NULL,NULL,NULL,NULL,NULL),
	(587,'BM_91149',2,NULL,NULL,NULL,'RIME.4.2.13.16',8,NULL,NULL,NULL,NULL,4,NULL,NULL,NULL,1,NULL,3,NULL,3,NULL,6,NULL,NULL,'2012-06-19 17:40:28',NULL,NULL,NULL,NULL,NULL),
	(588,'BM_30069',2,NULL,104,NULL,'RIME.4.2.13.1',8,NULL,NULL,NULL,NULL,4,NULL,NULL,NULL,1,NULL,3,NULL,3,NULL,6,NULL,NULL,'2012-06-19 17:40:28',NULL,NULL,NULL,NULL,NULL),
	(589,'BM_131505',2,NULL,111,NULL,'Wiseman (1953) no. 126',8,NULL,NULL,NULL,NULL,12,NULL,NULL,NULL,1,NULL,NULL,NULL,4,NULL,NULL,NULL,NULL,'2012-06-19 17:40:28',NULL,NULL,NULL,NULL,NULL),
	(590,'BM_113556',2,1,85,60,'MVAG 35,3 (1935) pp. 105 f.',12,NULL,NULL,NULL,NULL,12,NULL,NULL,NULL,1,NULL,2,NULL,1,NULL,NULL,NULL,NULL,'2012-06-19 17:40:28',NULL,NULL,NULL,NULL,NULL),
	(591,'BM_115110',2,1,85,60,'MVAG 35,3 (1935) pp. 106 f.',12,NULL,NULL,NULL,NULL,12,NULL,NULL,NULL,1,NULL,2,NULL,1,NULL,NULL,NULL,NULL,'2012-06-19 17:40:28',NULL,NULL,NULL,NULL,NULL),
	(592,'CBS_14148',2,NULL,94,NULL,'MSL 14 p. 19: Br',8,NULL,NULL,NULL,NULL,12,'Proto-Ea, type II/2',NULL,NULL,1,NULL,5,NULL,3,NULL,14,NULL,NULL,'2012-06-19 17:40:28',NULL,NULL,NULL,NULL,NULL),
	(593,'CBS_15412',2,NULL,94,NULL,'MSL 14 p. 29: Bh',8,NULL,NULL,NULL,NULL,12,'Proto_Ea, type II/2',NULL,NULL,1,NULL,5,NULL,3,NULL,14,NULL,NULL,'2012-06-19 17:40:28',NULL,NULL,NULL,NULL,NULL),
	(594,'CBS_6923',2,NULL,94,NULL,'MSL 14 p. 20: Cg',8,NULL,NULL,NULL,NULL,12,'Proto-Ea, type II/2',NULL,NULL,1,NULL,5,NULL,3,NULL,14,NULL,NULL,'2012-06-19 17:40:28',NULL,NULL,NULL,NULL,NULL),
	(595,'CBS_7072',2,NULL,94,NULL,'MSL 14 p. 20: Ck',8,NULL,NULL,NULL,NULL,12,'Proto_Ea, type II/1 and II/2',NULL,NULL,1,NULL,5,NULL,3,NULL,14,NULL,NULL,'2012-06-19 17:40:28',NULL,NULL,NULL,NULL,NULL),
	(596,'CBS_7086',2,NULL,94,NULL,'MSL 14 p. 19: Bo, 20: Co',8,NULL,NULL,NULL,NULL,12,'Proto-Ea, type II/1 (Bo), II/2 (Co)',NULL,NULL,1,NULL,5,NULL,3,NULL,14,NULL,NULL,'2012-06-19 17:40:28',NULL,NULL,NULL,NULL,NULL),
	(597,'CBS_7087',2,NULL,94,NULL,'MSL 14 p. 19: Bw',8,NULL,NULL,NULL,NULL,12,NULL,NULL,NULL,1,NULL,5,NULL,3,NULL,14,NULL,NULL,'2012-06-19 17:40:28',NULL,NULL,NULL,NULL,NULL),
	(598,'N_3996',2,NULL,94,NULL,'MSL 14 p. 19: Bk',8,NULL,NULL,NULL,NULL,12,'Proto-Ea, type II/2',NULL,NULL,1,NULL,5,NULL,3,NULL,14,NULL,NULL,'2012-06-19 17:40:28',NULL,NULL,NULL,NULL,NULL),
	(599,'N_4030',2,NULL,94,NULL,'MSL 14 p. 19: Cb',8,NULL,NULL,NULL,NULL,12,'Proto-Ea,type III',NULL,NULL,1,NULL,5,NULL,3,NULL,14,NULL,NULL,'2012-06-19 17:40:28',NULL,NULL,NULL,NULL,NULL),
	(600,'N_4949',2,NULL,94,NULL,'MSL 14 p. 19: Bu',8,NULL,NULL,NULL,NULL,12,'Proto_Ea, type II/2',NULL,NULL,1,NULL,5,NULL,3,NULL,14,NULL,NULL,'2012-06-19 17:40:28',NULL,NULL,NULL,NULL,NULL),
	(601,'N_5087',2,NULL,94,NULL,'MSL 14 p. 19: Bw',8,NULL,NULL,NULL,NULL,12,'Proto-Ea, type II/1,',NULL,NULL,1,NULL,5,NULL,3,NULL,14,NULL,NULL,'2012-06-19 17:40:28',NULL,NULL,NULL,NULL,NULL),
	(602,'N_5243',2,NULL,94,NULL,'MSL 14 p. 19: Bz',8,NULL,NULL,NULL,NULL,12,'Proto-Ea, type unknown',NULL,NULL,1,NULL,5,NULL,3,NULL,14,NULL,NULL,'2012-06-19 17:40:28',NULL,NULL,NULL,NULL,NULL),
	(603,'N_6210',2,NULL,94,NULL,'MSL 14 p. 20: Cu',8,NULL,NULL,NULL,NULL,12,'Proto-Ea, type II/2',NULL,NULL,1,NULL,5,NULL,3,NULL,14,NULL,NULL,'2012-06-19 17:40:28',NULL,NULL,NULL,NULL,NULL),
	(604,'BM_113313',2,NULL,85,60,'Larsen, OACT p. 90 f.',12,NULL,NULL,NULL,NULL,12,NULL,NULL,NULL,1,NULL,2,NULL,1,NULL,NULL,NULL,NULL,'2012-06-19 17:40:28',NULL,NULL,NULL,NULL,NULL),
	(605,'CBS_10180',2,NULL,94,NULL,NULL,8,NULL,NULL,NULL,NULL,12,NULL,NULL,NULL,1,NULL,5,NULL,3,NULL,14,NULL,NULL,'2012-06-19 17:40:28',NULL,NULL,NULL,NULL,NULL),
	(606,'CBS_11387',2,NULL,94,NULL,'MSL 14 p. 21: De',8,NULL,NULL,NULL,NULL,12,'Proto_Ea, Type I',NULL,NULL,1,NULL,5,NULL,3,NULL,14,NULL,NULL,'2012-06-19 17:40:28',NULL,NULL,NULL,NULL,NULL),
	(607,'UET_6/3_452',2,NULL,104,NULL,'Alster (1997) p. 328',8,NULL,NULL,NULL,NULL,12,'SP, type IV',NULL,NULL,1,NULL,5,NULL,3,NULL,14,NULL,NULL,'2012-06-19 17:40:28',NULL,NULL,NULL,NULL,NULL),
	(608,'UET_6/3_378',2,NULL,104,NULL,'Alster (1997) p. 328',8,NULL,NULL,NULL,NULL,12,'SP, type IV',NULL,NULL,1,NULL,5,NULL,3,NULL,14,NULL,NULL,'2012-06-19 17:40:28',NULL,NULL,NULL,NULL,NULL),
	(609,'1923_339',2,NULL,NULL,NULL,'Alster (1997) 12 Sec.D',8,NULL,NULL,NULL,NULL,12,NULL,NULL,NULL,1,NULL,5,NULL,3,NULL,14,NULL,NULL,'2012-06-19 17:40:28',NULL,NULL,NULL,NULL,NULL),
	(610,'1924_1342',2,NULL,83,NULL,'MSL SS 1 p. 109',8,NULL,NULL,NULL,NULL,12,'Proto-Lu',NULL,NULL,1,NULL,5,NULL,3,NULL,NULL,NULL,NULL,'2012-06-19 17:40:28',NULL,NULL,NULL,NULL,NULL),
	(611,'1932_392',2,NULL,83,NULL,'MSL SS 1 p. 108',8,NULL,NULL,NULL,NULL,12,'Proto-Lu, type I',NULL,NULL,1,NULL,5,NULL,3,NULL,NULL,NULL,NULL,'2012-06-19 17:40:28',NULL,NULL,NULL,NULL,NULL),
	(612,'BM_87572',2,NULL,NULL,NULL,'Jeyes (1989) no. 17',8,NULL,NULL,NULL,NULL,12,NULL,NULL,NULL,1,NULL,NULL,NULL,3,NULL,14,NULL,NULL,'2012-06-19 17:40:28',NULL,NULL,NULL,NULL,NULL),
	(613,'BM_131506',2,NULL,111,NULL,'Wiseman (1953) no. 128',13,NULL,NULL,NULL,NULL,12,NULL,NULL,NULL,1,NULL,1,NULL,4,NULL,NULL,NULL,NULL,'2012-06-19 17:40:28',NULL,NULL,NULL,NULL,NULL),
	(614,'BM_131463',2,NULL,111,NULL,'Wiseman (1953) no. 40',8,NULL,NULL,NULL,NULL,12,NULL,NULL,NULL,1,NULL,1,NULL,4,NULL,NULL,NULL,NULL,'2012-06-19 17:40:28',NULL,NULL,NULL,NULL,NULL),
	(615,'CBS_2256',2,NULL,94,NULL,NULL,8,NULL,NULL,NULL,NULL,12,NULL,NULL,NULL,1,NULL,5,NULL,3,NULL,14,NULL,NULL,'2012-06-19 17:40:28',NULL,NULL,NULL,NULL,NULL),
	(616,'CBS_6972',2,NULL,94,NULL,NULL,8,NULL,NULL,NULL,NULL,12,NULL,NULL,NULL,1,NULL,5,NULL,3,NULL,14,NULL,NULL,'2012-06-19 17:40:28',NULL,NULL,NULL,NULL,NULL),
	(617,'CBS_8066',2,NULL,94,NULL,NULL,8,NULL,NULL,NULL,NULL,12,NULL,NULL,NULL,1,NULL,5,NULL,3,NULL,14,NULL,NULL,'2012-06-19 17:40:28',NULL,NULL,NULL,NULL,NULL),
	(618,'CBS_8298',2,NULL,94,NULL,NULL,8,NULL,NULL,NULL,NULL,12,NULL,NULL,NULL,1,NULL,5,NULL,3,NULL,14,NULL,NULL,'2012-06-19 17:40:28',NULL,NULL,NULL,NULL,NULL),
	(619,'N_5044',2,NULL,94,NULL,NULL,8,NULL,NULL,NULL,NULL,12,NULL,NULL,NULL,1,NULL,5,NULL,3,NULL,14,NULL,NULL,'2012-06-19 17:40:28',NULL,NULL,NULL,NULL,NULL),
	(620,'N_5129',2,NULL,94,NULL,NULL,8,NULL,NULL,NULL,NULL,12,NULL,NULL,NULL,1,NULL,5,NULL,3,NULL,14,NULL,NULL,'2012-06-19 17:40:28',NULL,NULL,NULL,NULL,NULL),
	(621,'N_5553',2,NULL,94,NULL,NULL,8,NULL,NULL,NULL,NULL,12,NULL,NULL,NULL,1,NULL,5,NULL,3,NULL,14,NULL,NULL,'2012-06-19 17:40:28',NULL,NULL,NULL,NULL,NULL),
	(622,'N_5914',2,NULL,94,NULL,NULL,8,NULL,NULL,NULL,NULL,12,NULL,NULL,NULL,1,NULL,5,NULL,3,NULL,14,NULL,NULL,'2012-06-19 17:40:28',NULL,NULL,NULL,NULL,NULL),
	(623,'N_6013',2,NULL,94,NULL,NULL,8,NULL,NULL,NULL,NULL,12,NULL,NULL,NULL,1,NULL,5,NULL,3,NULL,14,NULL,NULL,'2012-06-19 17:40:28',NULL,NULL,NULL,NULL,NULL),
	(624,'UM_29_15_888',2,NULL,94,NULL,NULL,8,NULL,NULL,NULL,NULL,12,NULL,NULL,NULL,1,NULL,5,NULL,3,NULL,14,NULL,NULL,'2012-06-19 17:40:28',NULL,NULL,NULL,NULL,NULL),
	(625,'UM_29_15_964',2,NULL,94,NULL,NULL,8,NULL,NULL,NULL,NULL,12,NULL,NULL,NULL,1,NULL,5,NULL,3,NULL,14,NULL,NULL,'2012-06-19 17:40:28',NULL,NULL,NULL,NULL,NULL),
	(626,'K_7697',2,1,93,NULL,'MSL 16 p. 74',14,NULL,NULL,NULL,NULL,12,'K 7694 + K 8870',NULL,NULL,1,NULL,5,NULL,2,NULL,NULL,NULL,NULL,'2012-06-19 17:40:28',NULL,NULL,NULL,NULL,NULL),
	(627,'K_14443',2,1,93,NULL,'MSL 16 p. 74',14,NULL,NULL,NULL,NULL,12,NULL,NULL,NULL,1,NULL,5,NULL,2,NULL,NULL,NULL,NULL,'2012-06-19 17:40:28',NULL,NULL,NULL,NULL,NULL),
	(628,'BM_68332',2,2,61,NULL,NULL,10,NULL,NULL,NULL,NULL,12,NULL,NULL,NULL,1,NULL,5,NULL,3,NULL,NULL,NULL,NULL,'2012-06-19 17:40:28',NULL,NULL,NULL,NULL,NULL),
	(629,'BM_37857',2,2,61,NULL,'MSL 16 p. 74',10,NULL,NULL,NULL,NULL,12,NULL,NULL,NULL,1,NULL,5,NULL,3,NULL,NULL,NULL,NULL,'2012-06-19 17:40:28',NULL,NULL,NULL,NULL,NULL),
	(630,'BM_40819',2,2,61,NULL,NULL,10,NULL,NULL,NULL,NULL,12,NULL,NULL,NULL,1,NULL,5,NULL,3,NULL,NULL,NULL,NULL,'2012-06-19 17:40:28',NULL,NULL,NULL,NULL,NULL),
	(631,'K_8431',2,1,93,NULL,'MSL 16 p. 105',14,NULL,NULL,NULL,NULL,12,NULL,NULL,NULL,1,NULL,5,NULL,2,NULL,NULL,NULL,NULL,'2012-06-19 17:40:28',NULL,NULL,NULL,NULL,NULL),
	(632,'CBS_10365',2,NULL,94,NULL,NULL,8,NULL,NULL,NULL,NULL,12,'Proto-Lu',NULL,NULL,1,NULL,5,NULL,3,NULL,14,NULL,NULL,'2012-06-19 17:40:28',NULL,NULL,NULL,NULL,NULL),
	(633,'CBS_12515',2,NULL,94,NULL,NULL,8,NULL,NULL,NULL,NULL,12,'Proto-Lu',NULL,NULL,1,NULL,5,NULL,3,NULL,14,NULL,NULL,'2012-06-19 17:40:28',NULL,NULL,NULL,NULL,NULL),
	(634,'CBS_13667',2,NULL,94,NULL,NULL,8,NULL,NULL,NULL,NULL,12,'Proto-Lu',NULL,NULL,1,NULL,5,NULL,3,NULL,14,NULL,NULL,'2012-06-19 17:40:28',NULL,NULL,NULL,NULL,NULL),
	(635,'CBS_14108',2,NULL,94,NULL,NULL,8,NULL,NULL,NULL,NULL,12,'Proto-Lu',NULL,NULL,1,NULL,5,NULL,3,NULL,14,NULL,NULL,'2012-06-19 17:40:28',NULL,NULL,NULL,NULL,NULL),
	(636,'CBS_15100',2,NULL,94,NULL,NULL,8,NULL,NULL,NULL,NULL,12,'Proto-Lu',NULL,NULL,1,NULL,5,NULL,3,NULL,14,NULL,NULL,'2012-06-19 17:40:28',NULL,NULL,NULL,NULL,NULL),
	(637,'CBS_4812',2,NULL,94,NULL,NULL,8,NULL,NULL,NULL,NULL,12,'Proto-Lu',NULL,NULL,1,NULL,5,NULL,3,NULL,14,NULL,NULL,'2012-06-19 17:40:28',NULL,NULL,NULL,NULL,NULL),
	(638,'CBS_6591',2,NULL,94,NULL,NULL,8,NULL,NULL,NULL,NULL,12,'Proto-Lu',NULL,NULL,1,NULL,5,NULL,3,NULL,14,NULL,NULL,'2012-06-19 17:40:28',NULL,NULL,NULL,NULL,NULL),
	(639,'CBS_7074',2,NULL,94,NULL,NULL,8,NULL,NULL,NULL,NULL,12,'Proto-Lu',NULL,NULL,1,NULL,5,NULL,3,NULL,14,NULL,NULL,'2012-06-19 17:40:28',NULL,NULL,NULL,NULL,NULL),
	(640,'CBS_7130',2,NULL,94,NULL,'Alster (1997) pl.65',8,NULL,NULL,NULL,NULL,12,NULL,NULL,NULL,1,NULL,5,NULL,3,NULL,14,NULL,NULL,'2012-06-19 17:40:28',NULL,NULL,NULL,NULL,NULL),
	(641,'CBS_7877',2,NULL,94,NULL,NULL,8,NULL,NULL,NULL,NULL,12,'Proto-Lu',NULL,NULL,1,NULL,5,NULL,3,NULL,14,NULL,NULL,'2012-06-19 17:40:28',NULL,NULL,NULL,NULL,NULL),
	(642,'CBS_7993',2,NULL,94,NULL,NULL,8,NULL,NULL,NULL,NULL,12,'Proto-Lu',NULL,NULL,1,NULL,5,NULL,3,NULL,14,NULL,NULL,'2012-06-19 17:40:28',NULL,NULL,NULL,NULL,NULL),
	(643,'CBS_9847',2,NULL,94,NULL,NULL,8,NULL,NULL,NULL,NULL,12,'Proto-Lu',NULL,NULL,1,NULL,5,NULL,3,NULL,14,NULL,NULL,'2012-06-19 17:40:28',NULL,NULL,NULL,NULL,NULL),
	(644,'N_4577',2,NULL,94,NULL,NULL,8,NULL,NULL,NULL,NULL,12,'Proto-Lu',NULL,NULL,1,NULL,5,NULL,3,NULL,14,NULL,NULL,'2012-06-19 17:40:28',NULL,NULL,NULL,NULL,NULL),
	(645,'N_4909',2,NULL,94,NULL,NULL,8,NULL,NULL,NULL,NULL,12,'Proto-Lu',NULL,NULL,1,NULL,5,NULL,3,NULL,14,NULL,NULL,'2012-06-19 17:40:28',NULL,NULL,NULL,NULL,NULL),
	(646,'N_5047',2,NULL,94,NULL,NULL,8,NULL,NULL,NULL,NULL,12,'Proto-Lu',NULL,NULL,1,NULL,5,NULL,3,NULL,14,NULL,NULL,'2012-06-19 17:40:28',NULL,NULL,NULL,NULL,NULL),
	(647,'N_5169',2,NULL,94,NULL,NULL,8,NULL,NULL,NULL,NULL,12,'Proto-Lu',NULL,NULL,1,NULL,5,NULL,3,NULL,14,NULL,NULL,'2012-06-19 17:40:28',NULL,NULL,NULL,NULL,NULL),
	(648,'N_5384',2,NULL,94,NULL,NULL,8,NULL,NULL,NULL,NULL,12,'Proto-Lu',NULL,NULL,1,NULL,5,NULL,3,NULL,14,NULL,NULL,'2012-06-19 17:40:28',NULL,NULL,NULL,NULL,NULL),
	(649,'N_5458',2,NULL,94,NULL,NULL,8,NULL,NULL,NULL,NULL,12,'Proto-Lu',NULL,NULL,1,NULL,5,NULL,3,NULL,14,NULL,NULL,'2012-06-19 17:40:28',NULL,NULL,NULL,NULL,NULL),
	(650,'N_5910',2,NULL,94,NULL,NULL,8,NULL,NULL,NULL,NULL,12,'Proto-Lu',NULL,NULL,1,NULL,5,NULL,3,NULL,14,NULL,NULL,'2012-06-19 17:40:28',NULL,NULL,NULL,NULL,NULL),
	(651,'N_6006',2,NULL,94,NULL,NULL,8,NULL,NULL,NULL,NULL,12,'Proto-Lu',NULL,NULL,1,NULL,5,NULL,3,NULL,14,NULL,NULL,'2012-06-19 17:40:28',NULL,NULL,NULL,NULL,NULL),
	(652,'BM_38622',2,2,61,NULL,'MSL 16 p. 133',10,NULL,NULL,NULL,NULL,12,NULL,NULL,NULL,1,NULL,5,NULL,3,NULL,NULL,NULL,NULL,'2012-06-19 17:40:28',NULL,NULL,NULL,NULL,NULL),
	(653,'UM_29_15_938',2,NULL,94,NULL,NULL,8,NULL,NULL,NULL,NULL,12,'Proto-Lu',NULL,NULL,1,NULL,5,NULL,3,NULL,14,NULL,NULL,'2012-06-19 17:40:28',NULL,NULL,NULL,NULL,NULL),
	(654,'UM_29_15_513',2,NULL,94,NULL,NULL,8,NULL,NULL,NULL,NULL,12,'Proto-Lu',NULL,NULL,1,NULL,5,NULL,3,NULL,14,NULL,NULL,'2012-06-19 17:40:28',NULL,NULL,NULL,NULL,NULL),
	(655,'UM_29_15_939',2,NULL,94,NULL,NULL,8,NULL,NULL,NULL,NULL,12,'Proto-Lu, Proto-Ea',NULL,NULL,1,NULL,5,NULL,3,NULL,14,NULL,NULL,'2012-06-19 17:40:28',NULL,NULL,NULL,NULL,NULL),
	(656,'UM_55_21_392',2,NULL,94,NULL,NULL,8,NULL,NULL,NULL,NULL,12,'Proto-Lu',NULL,NULL,1,NULL,5,NULL,3,NULL,14,NULL,NULL,'2012-06-19 17:40:28',NULL,NULL,NULL,NULL,NULL),
	(657,'UM_55_21_418',2,NULL,94,NULL,NULL,8,NULL,NULL,NULL,NULL,12,'Proto-Lu',NULL,NULL,1,NULL,5,NULL,3,NULL,14,NULL,NULL,'2012-06-19 17:40:28',NULL,NULL,NULL,NULL,NULL),
	(658,'N_6228',2,NULL,94,NULL,NULL,8,NULL,NULL,NULL,NULL,12,'Proto-Ea',NULL,NULL,1,NULL,5,NULL,3,NULL,14,NULL,NULL,'2012-06-19 17:40:28',NULL,NULL,NULL,NULL,NULL),
	(659,'UM_29_16_610',2,NULL,94,NULL,NULL,8,NULL,NULL,NULL,NULL,12,'Proto-Lu',NULL,NULL,1,NULL,5,NULL,3,NULL,14,NULL,NULL,'2012-06-19 17:40:28',NULL,NULL,NULL,NULL,NULL),
	(660,'Rm2_40',2,1,93,NULL,'MSL 16 p. 133',14,NULL,NULL,NULL,NULL,12,NULL,NULL,NULL,1,NULL,5,NULL,2,NULL,NULL,NULL,NULL,'2012-06-19 17:40:28',NULL,NULL,NULL,NULL,NULL),
	(661,'UM_29_16_11',2,2,94,NULL,'MSL 13 p. 64',8,NULL,NULL,NULL,NULL,12,NULL,NULL,NULL,1,NULL,5,NULL,3,NULL,14,NULL,NULL,'2012-06-19 17:40:28',NULL,NULL,NULL,NULL,NULL),
	(662,'W_18202_25',2,2,106,NULL,'AUWE 5, 129',11,NULL,NULL,NULL,NULL,12,NULL,NULL,NULL,1,NULL,1,NULL,3,NULL,NULL,NULL,NULL,'2012-06-19 17:40:28',NULL,NULL,NULL,NULL,NULL),
	(663,'81_2-4_206',2,1,93,NULL,'AAT 27',14,NULL,NULL,NULL,NULL,12,NULL,NULL,NULL,1,NULL,5,NULL,2,NULL,NULL,NULL,NULL,'2012-06-19 17:40:28',NULL,NULL,NULL,NULL,NULL),
	(664,'UM_41-41-2',2,NULL,85,NULL,'Gwaltney (1983) no. 58',12,NULL,NULL,NULL,NULL,12,NULL,NULL,NULL,1,NULL,2,NULL,1,NULL,NULL,NULL,NULL,'2012-06-19 17:40:28',NULL,NULL,NULL,NULL,NULL),
	(665,'L_29-580',2,NULL,85,NULL,'Gwaltney (1983) no. 23',12,NULL,NULL,NULL,NULL,12,NULL,NULL,NULL,1,NULL,1,NULL,1,NULL,NULL,NULL,NULL,'2012-06-19 17:40:28',NULL,NULL,NULL,NULL,NULL),
	(666,'CBS_4819',2,NULL,94,NULL,NULL,8,NULL,NULL,NULL,NULL,12,'Proto-Lu',NULL,NULL,1,NULL,5,NULL,3,NULL,14,NULL,NULL,'2012-06-19 17:40:28',NULL,NULL,NULL,NULL,NULL),
	(667,'K_788',2,1,93,NULL,'SAA 8, 9',14,NULL,NULL,NULL,NULL,12,NULL,NULL,NULL,1,NULL,2,NULL,2,NULL,17,NULL,NULL,'2012-06-20 15:16:39',NULL,NULL,NULL,NULL,NULL),
	(668,'K_696',2,1,93,NULL,'SAA 8, 10',14,NULL,NULL,NULL,NULL,12,NULL,NULL,NULL,1,NULL,2,NULL,2,NULL,17,NULL,NULL,'2012-06-20 15:16:39',NULL,NULL,NULL,NULL,NULL),
	(669,'K_8432',2,1,93,NULL,'SAA 8, 63',14,NULL,NULL,NULL,NULL,12,NULL,NULL,NULL,1,NULL,2,NULL,2,NULL,17,NULL,NULL,'2012-06-20 15:16:39',NULL,NULL,NULL,NULL,NULL),
	(670,'K_984',2,1,93,NULL,'SAA 8, 67',14,NULL,NULL,NULL,NULL,12,NULL,NULL,NULL,1,NULL,2,NULL,2,NULL,17,NULL,NULL,'2012-06-20 15:16:39',NULL,NULL,NULL,NULL,NULL),
	(671,'81_2-4_287',2,1,93,NULL,'SAA 8, 70',14,NULL,NULL,NULL,NULL,12,NULL,NULL,NULL,1,NULL,2,NULL,2,NULL,17,NULL,NULL,'2012-06-20 15:16:39',NULL,NULL,NULL,NULL,NULL),
	(672,'Rm_203',2,1,93,NULL,'SAA 8, 11',14,NULL,NULL,NULL,NULL,12,NULL,NULL,NULL,1,NULL,2,NULL,2,NULL,17,NULL,NULL,'2012-06-20 15:16:39',NULL,NULL,NULL,NULL,NULL),
	(673,'DT_148',2,1,93,NULL,'SAA 8, 16',14,NULL,NULL,NULL,NULL,12,NULL,NULL,NULL,1,NULL,2,NULL,2,NULL,17,NULL,NULL,'2012-06-20 15:16:39',NULL,NULL,NULL,NULL,NULL),
	(674,'K_697',2,1,93,NULL,'SAA 8, 15',14,NULL,NULL,NULL,NULL,12,NULL,NULL,NULL,1,NULL,2,NULL,2,NULL,17,NULL,NULL,'2012-06-20 15:16:39',NULL,NULL,NULL,NULL,NULL),
	(675,'K_773',2,1,93,NULL,'SAA 8, 17',14,NULL,NULL,NULL,NULL,12,NULL,NULL,NULL,1,NULL,2,NULL,2,NULL,17,NULL,NULL,'2012-06-20 15:16:39',NULL,NULL,NULL,NULL,NULL),
	(676,'K_1326',2,1,93,NULL,'SAA 8, 79',14,NULL,NULL,NULL,NULL,12,NULL,NULL,NULL,1,NULL,2,NULL,2,NULL,17,NULL,NULL,'2012-06-20 15:16:39',NULL,NULL,NULL,NULL,NULL);

/*!40000 ALTER TABLE `tablet` ENABLE KEYS */;
UNLOCK TABLES;


# Dump of table tablet_correspondent
# ------------------------------------------------------------

DROP TABLE IF EXISTS `tablet_correspondent`;

CREATE TABLE `tablet_correspondent` (
  `tablet_id` int(11) NOT NULL,
  `correspondent_id` int(11) NOT NULL,
  PRIMARY KEY (`tablet_id`,`correspondent_id`),
  KEY `correspondent_id` (`correspondent_id`),
  CONSTRAINT `tablet_correspondent_ibfk_1` FOREIGN KEY (`tablet_id`) REFERENCES `tablet` (`id`),
  CONSTRAINT `tablet_correspondent_ibfk_2` FOREIGN KEY (`correspondent_id`) REFERENCES `correspondent` (`id`)
) ENGINE=InnoDB DEFAULT CHARSET=utf8;

LOCK TABLES `tablet_correspondent` WRITE;
/*!40000 ALTER TABLE `tablet_correspondent` DISABLE KEYS */;

INSERT INTO `tablet_correspondent` (`tablet_id`, `correspondent_id`)
VALUES
	(449,1);

/*!40000 ALTER TABLE `tablet_correspondent` ENABLE KEYS */;
UNLOCK TABLES;


# Dump of table text_vehicle
# ------------------------------------------------------------

DROP TABLE IF EXISTS `text_vehicle`;

CREATE TABLE `text_vehicle` (
  `id` int(11) NOT NULL AUTO_INCREMENT,
  `name` varchar(100) NOT NULL,
  `bm_catalogue` varchar(100) DEFAULT NULL,
  `cdli` varchar(100) DEFAULT NULL,
  PRIMARY KEY (`id`),
  UNIQUE KEY `uq_name` (`name`),
  KEY `idx_name` (`name`)
) ENGINE=InnoDB DEFAULT CHARSET=utf8;

LOCK TABLES `text_vehicle` WRITE;
/*!40000 ALTER TABLE `text_vehicle` DISABLE KEYS */;

INSERT INTO `text_vehicle` (`id`, `name`, `bm_catalogue`, `cdli`)
VALUES
	(1,'architectural feature',NULL,NULL),
	(2,'bead',NULL,NULL),
	(3,'brick',NULL,NULL),
	(4,'cone',NULL,NULL),
	(5,'cylinder',NULL,NULL),
	(6,'envelope',NULL,NULL),
	(7,'eyestone',NULL,NULL),
	(8,'nail',NULL,NULL),
	(9,'prism',NULL,NULL),
	(10,'seal',NULL,NULL),
	(11,'statue',NULL,NULL),
	(12,'tablet',NULL,NULL),
	(13,'tag',NULL,NULL),
	(14,'vessel',NULL,NULL),
	(15,'blade',NULL,NULL),
	(16,'cylinder seal',NULL,NULL),
	(17,'macehead',NULL,NULL),
	(18,'stela',NULL,NULL);

/*!40000 ALTER TABLE `text_vehicle` ENABLE KEYS */;
UNLOCK TABLES;


# Dump of table year
# ------------------------------------------------------------

DROP TABLE IF EXISTS `year`;

CREATE TABLE `year` (
  `id` int(11) NOT NULL AUTO_INCREMENT,
  `year` varchar(14) NOT NULL,
  `eponym_id` int(11) DEFAULT NULL,
  PRIMARY KEY (`id`),
  UNIQUE KEY `year` (`year`),
  KEY `eponym_id` (`eponym_id`),
  KEY `idx_year` (`year`),
  CONSTRAINT `year_ibfk_1` FOREIGN KEY (`eponym_id`) REFERENCES `eponym` (`id`)
) ENGINE=InnoDB DEFAULT CHARSET=utf8;

LOCK TABLES `year` WRITE;
/*!40000 ALTER TABLE `year` DISABLE KEYS */;

INSERT INTO `year` (`id`, `year`, `eponym_id`)
VALUES
	(1,'1 BC',NULL),
	(2,'2 BC',NULL),
	(3,'3 BC',NULL),
	(4,'4 BC',NULL),
	(5,'5 BC',NULL),
	(6,'6 BC',NULL),
	(7,'7 BC',NULL),
	(8,'8 BC',NULL),
	(9,'9 BC',NULL),
	(10,'10 BC',NULL),
	(11,'11 BC',NULL),
	(12,'12 BC',NULL),
	(13,'13 BC',NULL),
	(14,'14 BC',NULL),
	(15,'15 BC',NULL),
	(16,'16 BC',NULL),
	(17,'17 BC',NULL),
	(18,'18 BC',NULL),
	(19,'19 BC',NULL),
	(20,'20 BC',NULL),
	(21,'21 BC',NULL),
	(22,'22 BC',NULL),
	(23,'23 BC',NULL),
	(24,'24 BC',NULL),
	(25,'25 BC',NULL),
	(26,'26 BC',NULL),
	(27,'27 BC',NULL),
	(28,'28 BC',NULL),
	(29,'29 BC',NULL),
	(30,'30 BC',NULL),
	(31,'31 BC',NULL),
	(32,'32 BC',NULL),
	(33,'33 BC',NULL),
	(34,'34 BC',NULL),
	(35,'35 BC',NULL),
	(36,'36 BC',NULL),
	(37,'37 BC',NULL),
	(38,'38 BC',NULL),
	(39,'39 BC',NULL),
	(40,'40 BC',NULL),
	(41,'41 BC',NULL),
	(42,'42 BC',NULL),
	(43,'43 BC',NULL),
	(44,'44 BC',NULL),
	(45,'45 BC',NULL),
	(46,'46 BC',NULL),
	(47,'47 BC',NULL),
	(48,'48 BC',NULL),
	(49,'49 BC',NULL),
	(50,'50 BC',NULL),
	(51,'51 BC',NULL),
	(52,'52 BC',NULL),
	(53,'53 BC',NULL),
	(54,'54 BC',NULL),
	(55,'55 BC',NULL),
	(56,'56 BC',NULL),
	(57,'57 BC',NULL),
	(58,'58 BC',NULL),
	(59,'59 BC',NULL),
	(60,'60 BC',NULL),
	(61,'61 BC',NULL),
	(62,'62 BC',NULL),
	(63,'63 BC',NULL),
	(64,'64 BC',NULL),
	(65,'65 BC',NULL),
	(66,'66 BC',NULL),
	(67,'67 BC',NULL),
	(68,'68 BC',NULL),
	(69,'69 BC',NULL),
	(70,'70 BC',NULL),
	(71,'71 BC',NULL),
	(72,'72 BC',NULL),
	(73,'73 BC',NULL),
	(74,'74 BC',NULL),
	(75,'75 BC',NULL),
	(76,'76 BC',NULL),
	(77,'77 BC',NULL),
	(78,'78 BC',NULL),
	(79,'79 BC',NULL),
	(80,'80 BC',NULL),
	(81,'81 BC',NULL),
	(82,'82 BC',NULL),
	(83,'83 BC',NULL),
	(84,'84 BC',NULL),
	(85,'85 BC',NULL),
	(86,'86 BC',NULL),
	(87,'87 BC',NULL),
	(88,'88 BC',NULL),
	(89,'89 BC',NULL),
	(90,'90 BC',NULL),
	(91,'91 BC',NULL),
	(92,'92 BC',NULL),
	(93,'93 BC',NULL),
	(94,'94 BC',NULL),
	(95,'95 BC',NULL),
	(96,'96 BC',NULL),
	(97,'97 BC',NULL),
	(98,'98 BC',NULL),
	(99,'99 BC',NULL),
	(100,'100 BC',NULL),
	(101,'101 BC',NULL),
	(102,'102 BC',NULL),
	(103,'103 BC',NULL),
	(104,'104 BC',NULL),
	(105,'105 BC',NULL),
	(106,'106 BC',NULL),
	(107,'107 BC',NULL),
	(108,'108 BC',NULL),
	(109,'109 BC',NULL),
	(110,'110 BC',NULL),
	(111,'111 BC',NULL),
	(112,'112 BC',NULL),
	(113,'113 BC',NULL),
	(114,'114 BC',NULL),
	(115,'115 BC',NULL),
	(116,'116 BC',NULL),
	(117,'117 BC',NULL),
	(118,'118 BC',NULL),
	(119,'119 BC',NULL),
	(120,'120 BC',NULL),
	(121,'121 BC',NULL),
	(122,'122 BC',NULL),
	(123,'123 BC',NULL),
	(124,'124 BC',NULL),
	(125,'125 BC',NULL),
	(126,'126 BC',NULL),
	(127,'127 BC',NULL),
	(128,'128 BC',NULL),
	(129,'129 BC',NULL),
	(130,'130 BC',NULL),
	(131,'131 BC',NULL),
	(132,'132 BC',NULL),
	(133,'133 BC',NULL),
	(134,'134 BC',NULL),
	(135,'135 BC',NULL),
	(136,'136 BC',NULL),
	(137,'137 BC',NULL),
	(138,'138 BC',NULL),
	(139,'139 BC',NULL),
	(140,'140 BC',NULL),
	(141,'141 BC',NULL),
	(142,'142 BC',NULL),
	(143,'143 BC',NULL),
	(144,'144 BC',NULL),
	(145,'145 BC',NULL),
	(146,'146 BC',NULL),
	(147,'147 BC',NULL),
	(148,'148 BC',NULL),
	(149,'149 BC',NULL),
	(150,'150 BC',NULL),
	(151,'151 BC',NULL),
	(152,'152 BC',NULL),
	(153,'153 BC',NULL),
	(154,'154 BC',NULL),
	(155,'155 BC',NULL),
	(156,'156 BC',NULL),
	(157,'157 BC',NULL),
	(158,'158 BC',NULL),
	(159,'159 BC',NULL),
	(160,'160 BC',NULL),
	(161,'161 BC',NULL),
	(162,'162 BC',NULL),
	(163,'163 BC',NULL),
	(164,'164 BC',NULL),
	(165,'165 BC',NULL),
	(166,'166 BC',NULL),
	(167,'167 BC',NULL),
	(168,'168 BC',NULL),
	(169,'169 BC',NULL),
	(170,'170 BC',NULL),
	(171,'171 BC',NULL),
	(172,'172 BC',NULL),
	(173,'173 BC',NULL),
	(174,'174 BC',NULL),
	(175,'175 BC',NULL),
	(176,'176 BC',NULL),
	(177,'177 BC',NULL),
	(178,'178 BC',NULL),
	(179,'179 BC',NULL),
	(180,'180 BC',NULL),
	(181,'181 BC',NULL),
	(182,'182 BC',NULL),
	(183,'183 BC',NULL),
	(184,'184 BC',NULL),
	(185,'185 BC',NULL),
	(186,'186 BC',NULL),
	(187,'187 BC',NULL),
	(188,'188 BC',NULL),
	(189,'189 BC',NULL),
	(190,'190 BC',NULL),
	(191,'191 BC',NULL),
	(192,'192 BC',NULL),
	(193,'193 BC',NULL),
	(194,'194 BC',NULL),
	(195,'195 BC',NULL),
	(196,'196 BC',NULL),
	(197,'197 BC',NULL),
	(198,'198 BC',NULL),
	(199,'199 BC',NULL),
	(200,'200 BC',NULL),
	(201,'201 BC',NULL),
	(202,'202 BC',NULL),
	(203,'203 BC',NULL),
	(204,'204 BC',NULL),
	(205,'205 BC',NULL),
	(206,'206 BC',NULL),
	(207,'207 BC',NULL),
	(208,'208 BC',NULL),
	(209,'209 BC',NULL),
	(210,'210 BC',NULL),
	(211,'211 BC',NULL),
	(212,'212 BC',NULL),
	(213,'213 BC',NULL),
	(214,'214 BC',NULL),
	(215,'215 BC',NULL),
	(216,'216 BC',NULL),
	(217,'217 BC',NULL),
	(218,'218 BC',NULL),
	(219,'219 BC',NULL),
	(220,'220 BC',NULL),
	(221,'221 BC',NULL),
	(222,'222 BC',NULL),
	(223,'223 BC',NULL),
	(224,'224 BC',NULL),
	(225,'225 BC',NULL),
	(226,'226 BC',NULL),
	(227,'227 BC',NULL),
	(228,'228 BC',NULL),
	(229,'229 BC',NULL),
	(230,'230 BC',NULL),
	(231,'231 BC',NULL),
	(232,'232 BC',NULL),
	(233,'233 BC',NULL),
	(234,'234 BC',NULL),
	(235,'235 BC',NULL),
	(236,'236 BC',NULL),
	(237,'237 BC',NULL),
	(238,'238 BC',NULL),
	(239,'239 BC',NULL),
	(240,'240 BC',NULL),
	(241,'241 BC',NULL),
	(242,'242 BC',NULL),
	(243,'243 BC',NULL),
	(244,'244 BC',NULL),
	(245,'245 BC',NULL),
	(246,'246 BC',NULL),
	(247,'247 BC',NULL),
	(248,'248 BC',NULL),
	(249,'249 BC',NULL),
	(250,'250 BC',NULL),
	(251,'251 BC',NULL),
	(252,'252 BC',NULL),
	(253,'253 BC',NULL),
	(254,'254 BC',NULL),
	(255,'255 BC',NULL),
	(256,'256 BC',NULL),
	(257,'257 BC',NULL),
	(258,'258 BC',NULL),
	(259,'259 BC',NULL),
	(260,'260 BC',NULL),
	(261,'261 BC',NULL),
	(262,'262 BC',NULL),
	(263,'263 BC',NULL),
	(264,'264 BC',NULL),
	(265,'265 BC',NULL),
	(266,'266 BC',NULL),
	(267,'267 BC',NULL),
	(268,'268 BC',NULL),
	(269,'269 BC',NULL),
	(270,'270 BC',NULL),
	(271,'271 BC',NULL),
	(272,'272 BC',NULL),
	(273,'273 BC',NULL),
	(274,'274 BC',NULL),
	(275,'275 BC',NULL),
	(276,'276 BC',NULL),
	(277,'277 BC',NULL),
	(278,'278 BC',NULL),
	(279,'279 BC',NULL),
	(280,'280 BC',NULL),
	(281,'281 BC',NULL),
	(282,'282 BC',NULL),
	(283,'283 BC',NULL),
	(284,'284 BC',NULL),
	(285,'285 BC',NULL),
	(286,'286 BC',NULL),
	(287,'287 BC',NULL),
	(288,'288 BC',NULL),
	(289,'289 BC',NULL),
	(290,'290 BC',NULL),
	(291,'291 BC',NULL),
	(292,'292 BC',NULL),
	(293,'293 BC',NULL),
	(294,'294 BC',NULL),
	(295,'295 BC',NULL),
	(296,'296 BC',NULL),
	(297,'297 BC',NULL),
	(298,'298 BC',NULL),
	(299,'299 BC',NULL),
	(300,'300 BC',NULL),
	(301,'301 BC',NULL),
	(302,'302 BC',NULL),
	(303,'303 BC',NULL),
	(304,'304 BC',NULL),
	(305,'305 BC',NULL),
	(306,'306 BC',NULL),
	(307,'307 BC',NULL),
	(308,'308 BC',NULL),
	(309,'309 BC',NULL),
	(310,'310 BC',NULL),
	(311,'311 BC',NULL),
	(312,'312 BC',NULL),
	(313,'313 BC',NULL),
	(314,'314 BC',NULL),
	(315,'315 BC',NULL),
	(316,'316 BC',NULL),
	(317,'317 BC',NULL),
	(318,'318 BC',NULL),
	(319,'319 BC',NULL),
	(320,'320 BC',NULL),
	(321,'321 BC',NULL),
	(322,'322 BC',NULL),
	(323,'323 BC',NULL),
	(324,'324 BC',NULL),
	(325,'325 BC',NULL),
	(326,'326 BC',NULL),
	(327,'327 BC',NULL),
	(328,'328 BC',NULL),
	(329,'329 BC',NULL),
	(330,'330 BC',NULL),
	(331,'331 BC',NULL),
	(332,'332 BC',NULL),
	(333,'333 BC',NULL),
	(334,'334 BC',NULL),
	(335,'335 BC',NULL),
	(336,'336 BC',NULL),
	(337,'337 BC',NULL),
	(338,'338 BC',NULL),
	(339,'339 BC',NULL),
	(340,'340 BC',NULL),
	(341,'341 BC',NULL),
	(342,'342 BC',NULL),
	(343,'343 BC',NULL),
	(344,'344 BC',NULL),
	(345,'345 BC',NULL),
	(346,'346 BC',NULL),
	(347,'347 BC',NULL),
	(348,'348 BC',NULL),
	(349,'349 BC',NULL),
	(350,'350 BC',NULL),
	(351,'351 BC',NULL),
	(352,'352 BC',NULL),
	(353,'353 BC',NULL),
	(354,'354 BC',NULL),
	(355,'355 BC',NULL),
	(356,'356 BC',NULL),
	(357,'357 BC',NULL),
	(358,'358 BC',NULL),
	(359,'359 BC',NULL),
	(360,'360 BC',NULL),
	(361,'361 BC',NULL),
	(362,'362 BC',NULL),
	(363,'363 BC',NULL),
	(364,'364 BC',NULL),
	(365,'365 BC',NULL),
	(366,'366 BC',NULL),
	(367,'367 BC',NULL),
	(368,'368 BC',NULL),
	(369,'369 BC',NULL),
	(370,'370 BC',NULL),
	(371,'371 BC',NULL),
	(372,'372 BC',NULL),
	(373,'373 BC',NULL),
	(374,'374 BC',NULL),
	(375,'375 BC',NULL),
	(376,'376 BC',NULL),
	(377,'377 BC',NULL),
	(378,'378 BC',NULL),
	(379,'379 BC',NULL),
	(380,'380 BC',NULL),
	(381,'381 BC',NULL),
	(382,'382 BC',NULL),
	(383,'383 BC',NULL),
	(384,'384 BC',NULL),
	(385,'385 BC',NULL),
	(386,'386 BC',NULL),
	(387,'387 BC',NULL),
	(388,'388 BC',NULL),
	(389,'389 BC',NULL),
	(390,'390 BC',NULL),
	(391,'391 BC',NULL),
	(392,'392 BC',NULL),
	(393,'393 BC',NULL),
	(394,'394 BC',NULL),
	(395,'395 BC',NULL),
	(396,'396 BC',NULL),
	(397,'397 BC',NULL),
	(398,'398 BC',NULL),
	(399,'399 BC',NULL),
	(400,'400 BC',NULL),
	(401,'401 BC',NULL),
	(402,'402 BC',NULL),
	(403,'403 BC',NULL),
	(404,'404 BC',NULL),
	(405,'405 BC',NULL),
	(406,'406 BC',NULL),
	(407,'407 BC',NULL),
	(408,'408 BC',NULL),
	(409,'409 BC',NULL),
	(410,'410 BC',NULL),
	(411,'411 BC',NULL),
	(412,'412 BC',NULL),
	(413,'413 BC',NULL),
	(414,'414 BC',NULL),
	(415,'415 BC',NULL),
	(416,'416 BC',NULL),
	(417,'417 BC',NULL),
	(418,'418 BC',NULL),
	(419,'419 BC',NULL),
	(420,'420 BC',NULL),
	(421,'421 BC',NULL),
	(422,'422 BC',NULL),
	(423,'423 BC',NULL),
	(424,'424 BC',NULL),
	(425,'425 BC',NULL),
	(426,'426 BC',NULL),
	(427,'427 BC',NULL),
	(428,'428 BC',NULL),
	(429,'429 BC',NULL),
	(430,'430 BC',NULL),
	(431,'431 BC',NULL),
	(432,'432 BC',NULL),
	(433,'433 BC',NULL),
	(434,'434 BC',NULL),
	(435,'435 BC',NULL),
	(436,'436 BC',NULL),
	(437,'437 BC',NULL),
	(438,'438 BC',NULL),
	(439,'439 BC',NULL),
	(440,'440 BC',NULL),
	(441,'441 BC',NULL),
	(442,'442 BC',NULL),
	(443,'443 BC',NULL),
	(444,'444 BC',NULL),
	(445,'445 BC',NULL),
	(446,'446 BC',NULL),
	(447,'447 BC',NULL),
	(448,'448 BC',NULL),
	(449,'449 BC',NULL),
	(450,'450 BC',NULL),
	(451,'451 BC',NULL),
	(452,'452 BC',NULL),
	(453,'453 BC',NULL),
	(454,'454 BC',NULL),
	(455,'455 BC',NULL),
	(456,'456 BC',NULL),
	(457,'457 BC',NULL),
	(458,'458 BC',NULL),
	(459,'459 BC',NULL),
	(460,'460 BC',NULL),
	(461,'461 BC',NULL),
	(462,'462 BC',NULL),
	(463,'463 BC',NULL),
	(464,'464 BC',NULL),
	(465,'465 BC',NULL),
	(466,'466 BC',NULL),
	(467,'467 BC',NULL),
	(468,'468 BC',NULL),
	(469,'469 BC',NULL),
	(470,'470 BC',NULL),
	(471,'471 BC',NULL),
	(472,'472 BC',NULL),
	(473,'473 BC',NULL),
	(474,'474 BC',NULL),
	(475,'475 BC',NULL),
	(476,'476 BC',NULL),
	(477,'477 BC',NULL),
	(478,'478 BC',NULL),
	(479,'479 BC',NULL),
	(480,'480 BC',NULL),
	(481,'481 BC',NULL),
	(482,'482 BC',NULL),
	(483,'483 BC',NULL),
	(484,'484 BC',NULL),
	(485,'485 BC',NULL),
	(486,'486 BC',NULL),
	(487,'487 BC',NULL),
	(488,'488 BC',NULL),
	(489,'489 BC',NULL),
	(490,'490 BC',NULL),
	(491,'491 BC',NULL),
	(492,'492 BC',NULL),
	(493,'493 BC',NULL),
	(494,'494 BC',NULL),
	(495,'495 BC',NULL),
	(496,'496 BC',NULL),
	(497,'497 BC',NULL),
	(498,'498 BC',NULL),
	(499,'499 BC',NULL),
	(500,'500 BC',NULL),
	(501,'501 BC',NULL),
	(502,'502 BC',NULL),
	(503,'503 BC',NULL),
	(504,'504 BC',NULL),
	(505,'505 BC',NULL),
	(506,'506 BC',NULL),
	(507,'507 BC',NULL),
	(508,'508 BC',NULL),
	(509,'509 BC',NULL),
	(510,'510 BC',NULL),
	(511,'511 BC',NULL),
	(512,'512 BC',NULL),
	(513,'513 BC',NULL),
	(514,'514 BC',NULL),
	(515,'515 BC',NULL),
	(516,'516 BC',NULL),
	(517,'517 BC',NULL),
	(518,'518 BC',NULL),
	(519,'519 BC',NULL),
	(520,'520 BC',NULL),
	(521,'521 BC',NULL),
	(522,'522 BC',NULL),
	(523,'523 BC',NULL),
	(524,'524 BC',NULL),
	(525,'525 BC',NULL),
	(526,'526 BC',NULL),
	(527,'527 BC',NULL),
	(528,'528 BC',NULL),
	(529,'529 BC',NULL),
	(530,'530 BC',NULL),
	(531,'531 BC',NULL),
	(532,'532 BC',NULL),
	(533,'533 BC',NULL),
	(534,'534 BC',NULL),
	(535,'535 BC',NULL),
	(536,'536 BC',NULL),
	(537,'537 BC',NULL),
	(538,'538 BC',NULL),
	(539,'539 BC',NULL),
	(540,'540 BC',NULL),
	(541,'541 BC',NULL),
	(542,'542 BC',NULL),
	(543,'543 BC',NULL),
	(544,'544 BC',NULL),
	(545,'545 BC',NULL),
	(546,'546 BC',NULL),
	(547,'547 BC',NULL),
	(548,'548 BC',NULL),
	(549,'549 BC',NULL),
	(550,'550 BC',NULL),
	(551,'551 BC',NULL),
	(552,'552 BC',NULL),
	(553,'553 BC',NULL),
	(554,'554 BC',NULL),
	(555,'555 BC',NULL),
	(556,'556 BC',NULL),
	(557,'557 BC',NULL),
	(558,'558 BC',NULL),
	(559,'559 BC',NULL),
	(560,'560 BC',NULL),
	(561,'561 BC',NULL),
	(562,'562 BC',NULL),
	(563,'563 BC',NULL),
	(564,'564 BC',NULL),
	(565,'565 BC',NULL),
	(566,'566 BC',NULL),
	(567,'567 BC',NULL),
	(568,'568 BC',NULL),
	(569,'569 BC',NULL),
	(570,'570 BC',NULL),
	(571,'571 BC',NULL),
	(572,'572 BC',NULL),
	(573,'573 BC',NULL),
	(574,'574 BC',NULL),
	(575,'575 BC',NULL),
	(576,'576 BC',NULL),
	(577,'577 BC',NULL),
	(578,'578 BC',NULL),
	(579,'579 BC',NULL),
	(580,'580 BC',NULL),
	(581,'581 BC',NULL),
	(582,'582 BC',NULL),
	(583,'583 BC',NULL),
	(584,'584 BC',NULL),
	(585,'585 BC',NULL),
	(586,'586 BC',NULL),
	(587,'587 BC',NULL),
	(588,'588 BC',NULL),
	(589,'589 BC',NULL),
	(590,'590 BC',NULL),
	(591,'591 BC',NULL),
	(592,'592 BC',NULL),
	(593,'593 BC',NULL),
	(594,'594 BC',NULL),
	(595,'595 BC',NULL),
	(596,'596 BC',NULL),
	(597,'597 BC',NULL),
	(598,'598 BC',NULL),
	(599,'599 BC',NULL),
	(600,'600 BC',NULL),
	(601,'601 BC',NULL),
	(602,'602 BC',NULL),
	(603,'603 BC',NULL),
	(604,'604 BC',NULL),
	(605,'605 BC',NULL),
	(606,'606 BC',NULL),
	(607,'607 BC',NULL),
	(608,'608 BC',NULL),
	(609,'609 BC',NULL),
	(610,'610 BC',NULL),
	(611,'611 BC',NULL),
	(612,'612 BC',NULL),
	(613,'613 BC',NULL),
	(614,'614 BC',NULL),
	(615,'615 BC',NULL),
	(616,'616 BC',NULL),
	(617,'617 BC',NULL),
	(618,'618 BC',NULL),
	(619,'619 BC',NULL),
	(620,'620 BC',NULL),
	(621,'621 BC',NULL),
	(622,'622 BC',NULL),
	(623,'623 BC',NULL),
	(624,'624 BC',NULL),
	(625,'625 BC',NULL),
	(626,'626 BC',NULL),
	(627,'627 BC',NULL),
	(628,'628 BC',NULL),
	(629,'629 BC',NULL),
	(630,'630 BC',NULL),
	(631,'631 BC',NULL),
	(632,'632 BC',NULL),
	(633,'633 BC',NULL),
	(634,'634 BC',NULL),
	(635,'635 BC',NULL),
	(636,'636 BC',NULL),
	(637,'637 BC',NULL),
	(638,'638 BC',NULL),
	(639,'639 BC',NULL),
	(640,'640 BC',NULL),
	(641,'641 BC',NULL),
	(642,'642 BC',NULL),
	(643,'643 BC',NULL),
	(644,'644 BC',NULL),
	(645,'645 BC',235),
	(646,'646 BC',88),
	(647,'647 BC',191),
	(648,'648 BC',87),
	(649,'649 BC',241),
	(650,'650 BC',129),
	(651,'651 BC',236),
	(652,'652 BC',206),
	(653,'653 BC',128),
	(654,'654 BC',249),
	(655,'655 BC',69),
	(656,'656 BC',225),
	(657,'657 BC',51),
	(658,'658 BC',209),
	(659,'659 BC',227),
	(660,'660 BC',257),
	(661,'661 BC',189),
	(662,'662 BC',199),
	(663,'663 BC',80),
	(664,'664 BC',97),
	(665,'665 BC',255),
	(666,'666 BC',256),
	(667,'667 BC',66),
	(668,'668 BC',265),
	(669,'669 BC',165),
	(670,'670 BC',89),
	(671,'671 BC',256),
	(672,'672 BC',109),
	(673,'673 BC',50),
	(674,'674 BC',105),
	(675,'675 BC',262),
	(676,'676 BC',233),
	(677,'677 BC',56),
	(678,'678 BC',54),
	(679,'679 BC',111),
	(680,'680 BC',82),
	(681,'681 BC',219),
	(682,'682 BC',212),
	(683,'683 BC',157),
	(684,'684 BC',259),
	(685,'685 BC',247),
	(686,'686 BC',60),
	(687,'687 BC',193),
	(688,'688 BC',96),
	(689,'689 BC',181),
	(690,'690 BC',126),
	(691,'691 BC',60),
	(692,'692 BC',119),
	(693,'693 BC',96),
	(694,'694 BC',172),
	(695,'695 BC',179),
	(696,'696 BC',207),
	(697,'697 BC',258),
	(698,'698 BC',237),
	(699,'699 BC',124),
	(700,'700 BC',108),
	(701,'701 BC',74),
	(702,'702 BC',102),
	(703,'703 BC',112),
	(704,'704 BC',164),
	(705,'705 BC',121),
	(706,'706 BC',53),
	(707,'707 BC',205),
	(708,'708 BC',52),
	(709,'709 BC',230),
	(710,'710 BC',184),
	(711,'711 BC',244),
	(712,'712 BC',229),
	(713,'713 BC',127),
	(714,'714 BC',170),
	(715,'715 BC',223),
	(716,'716 BC',117),
	(717,'717 BC',226),
	(718,'718 BC',83),
	(719,'719 BC',122),
	(720,'720 BC',213),
	(721,'721 BC',65),
	(722,'722 BC',57),
	(723,'723 BC',182),
	(724,'724 BC',130),
	(725,'725 BC',234),
	(726,'726 BC',186),
	(727,'727 BC',136),
	(728,'728 BC',59),
	(729,'729 BC',154),
	(730,'730 BC',198),
	(731,'731 BC',175),
	(732,'732 BC',109),
	(733,'733 BC',251),
	(734,'734 BC',216),
	(735,'735 BC',146),
	(736,'736 BC',57),
	(737,'737 BC',60),
	(738,'738 BC',156),
	(739,'739 BC',160),
	(740,'740 BC',211),
	(741,'741 BC',136),
	(742,'742 BC',197),
	(743,'743 BC',78),
	(744,'744 BC',216),
	(745,'745 BC',109),
	(746,'746 BC',177),
	(747,'747 BC',103),
	(748,'748 BC',156),
	(749,'749 BC',125),
	(750,'750 BC',216),
	(751,'751 BC',246),
	(752,'752 BC',208),
	(753,'753 BC',195),
	(754,'754 BC',196),
	(755,'755 BC',137),
	(756,'756 BC',113),
	(757,'757 BC',114),
	(758,'758 BC',190),
	(759,'759 BC',142),
	(760,'760 BC',176),
	(761,'761 BC',158),
	(762,'762 BC',110),
	(763,'763 BC',202),
	(764,'764 BC',118),
	(765,'765 BC',145),
	(766,'766 BC',243),
	(767,'767 BC',153),
	(768,'768 BC',67),
	(769,'769 BC',260),
	(770,'770 BC',208),
	(771,'771 BC',72),
	(772,'772 BC',179),
	(773,'773 BC',157),
	(774,'774 BC',170),
	(775,'775 BC',161),
	(776,'776 BC',142),
	(777,'777 BC',61),
	(778,'778 BC',200),
	(779,'779 BC',252),
	(780,'780 BC',208),
	(781,'781 BC',192),
	(782,'782 BC',163),
	(783,'783 BC',203),
	(784,'784 BC',180),
	(785,'785 BC',135),
	(786,'786 BC',212),
	(787,'787 BC',138),
	(788,'788 BC',224),
	(789,'789 BC',84),
	(790,'790 BC',55),
	(791,'791 BC',93),
	(792,'792 BC',64),
	(793,'793 BC',58),
	(794,'794 BC',115),
	(795,'795 BC',248),
	(796,'796 BC',179),
	(797,'797 BC',264),
	(798,'798 BC',76),
	(799,'799 BC',188),
	(800,'800 BC',242),
	(801,'801 BC',57),
	(802,'802 BC',167),
	(803,'803 BC',161),
	(804,'804 BC',172),
	(805,'805 BC',75),
	(806,'806 BC',62),
	(807,'807 BC',216),
	(808,'808 BC',228),
	(809,'809 BC',71),
	(810,'810 BC',222),
	(811,'811 BC',77),
	(812,'812 BC',215),
	(813,'813 BC',159),
	(814,'814 BC',85),
	(815,'815 BC',63),
	(816,'816 BC',134),
	(817,'817 BC',228),
	(818,'818 BC',140),
	(819,'819 BC',173),
	(820,'820 BC',216),
	(821,'821 BC',263),
	(822,'822 BC',239),
	(823,'823 BC',116),
	(824,'824 BC',263),
	(825,'825 BC',134),
	(826,'826 BC',94),
	(827,'827 BC',48),
	(828,'828 BC',152),
	(829,'829 BC',155),
	(830,'830 BC',228),
	(831,'831 BC',63),
	(832,'832 BC',151),
	(833,'833 BC',263),
	(834,'834 BC',168),
	(835,'835 BC',86),
	(836,'836 BC',153),
	(837,'837 BC',57),
	(838,'838 BC',90),
	(839,'839 BC',144),
	(840,'840 BC',120),
	(841,'841 BC',92),
	(842,'842 BC',148),
	(843,'843 BC',178),
	(844,'844 BC',194),
	(845,'845 BC',238),
	(846,'846 BC',145),
	(847,'847 BC',107),
	(848,'848 BC',183),
	(849,'849 BC',253),
	(850,'850 BC',116),
	(851,'851 BC',184),
	(852,'852 BC',120),
	(853,'853 BC',94),
	(854,'854 BC',201),
	(855,'855 BC',134),
	(856,'856 BC',185),
	(857,'857 BC',48),
	(858,'858 BC',149),
	(859,'859 BC',110),
	(860,'860 BC',218),
	(861,'861 BC',166),
	(862,'862 BC',231),
	(863,'863 BC',57),
	(864,'864 BC',184),
	(865,'865 BC',245),
	(866,'866 BC',99),
	(867,'867 BC',133),
	(868,'868 BC',162),
	(869,'869 BC',101),
	(870,'870 BC',217),
	(871,'871 BC',95),
	(872,'872 BC',153),
	(873,'873 BC',150),
	(874,'874 BC',52),
	(875,'875 BC',106),
	(876,'876 BC',254),
	(877,'877 BC',210),
	(878,'878 BC',68),
	(879,'879 BC',81),
	(880,'880 BC',214),
	(881,'881 BC',73),
	(882,'882 BC',171),
	(883,'883 BC',250),
	(884,'884 BC',79),
	(885,'885 BC',91),
	(886,'886 BC',232),
	(887,'887 BC',139),
	(888,'888 BC',123),
	(889,'889 BC',261),
	(890,'890 BC',221),
	(891,'891 BC',131),
	(892,'892 BC',174),
	(893,'893 BC',184),
	(894,'894 BC',120),
	(895,'895 BC',169),
	(896,'896 BC',220),
	(897,'897 BC',132),
	(898,'898 BC',141),
	(899,'899 BC',204),
	(900,'900 BC',187),
	(901,'901 BC',98),
	(902,'902 BC',49),
	(903,'903 BC',100),
	(904,'904 BC',75),
	(905,'905 BC',240),
	(906,'906 BC',104),
	(907,'907 BC',143),
	(908,'908 BC',251),
	(909,'909 BC',147),
	(910,'910 BC',70),
	(911,'911 BC',NULL),
	(912,'912 BC',NULL),
	(913,'913 BC',NULL),
	(914,'914 BC',NULL),
	(915,'915 BC',NULL),
	(916,'916 BC',NULL),
	(917,'917 BC',NULL),
	(918,'918 BC',NULL),
	(919,'919 BC',NULL),
	(920,'920 BC',NULL),
	(921,'921 BC',NULL),
	(922,'922 BC',NULL),
	(923,'923 BC',NULL),
	(924,'924 BC',NULL),
	(925,'925 BC',NULL),
	(926,'926 BC',NULL),
	(927,'927 BC',NULL),
	(928,'928 BC',NULL),
	(929,'929 BC',NULL),
	(930,'930 BC',NULL),
	(931,'931 BC',NULL),
	(932,'932 BC',NULL),
	(933,'933 BC',NULL),
	(934,'934 BC',NULL),
	(935,'935 BC',NULL),
	(936,'936 BC',NULL),
	(937,'937 BC',NULL),
	(938,'938 BC',NULL),
	(939,'939 BC',NULL),
	(940,'940 BC',NULL),
	(941,'941 BC',NULL),
	(942,'942 BC',NULL),
	(943,'943 BC',NULL),
	(944,'944 BC',NULL),
	(945,'945 BC',NULL),
	(946,'946 BC',NULL),
	(947,'947 BC',NULL),
	(948,'948 BC',NULL),
	(949,'949 BC',NULL),
	(950,'950 BC',NULL),
	(951,'951 BC',NULL),
	(952,'952 BC',NULL),
	(953,'953 BC',NULL),
	(954,'954 BC',NULL),
	(955,'955 BC',NULL),
	(956,'956 BC',NULL),
	(957,'957 BC',NULL),
	(958,'958 BC',NULL),
	(959,'959 BC',NULL),
	(960,'960 BC',NULL),
	(961,'961 BC',NULL),
	(962,'962 BC',NULL),
	(963,'963 BC',NULL),
	(964,'964 BC',NULL),
	(965,'965 BC',NULL),
	(966,'966 BC',NULL),
	(967,'967 BC',NULL),
	(968,'968 BC',NULL),
	(969,'969 BC',NULL),
	(970,'970 BC',NULL),
	(971,'971 BC',NULL),
	(972,'972 BC',NULL),
	(973,'973 BC',NULL),
	(974,'974 BC',NULL),
	(975,'975 BC',NULL),
	(976,'976 BC',NULL),
	(977,'977 BC',NULL),
	(978,'978 BC',NULL),
	(979,'979 BC',NULL),
	(980,'980 BC',NULL),
	(981,'981 BC',NULL),
	(982,'982 BC',NULL),
	(983,'983 BC',NULL),
	(984,'984 BC',NULL),
	(985,'985 BC',NULL),
	(986,'986 BC',NULL),
	(987,'987 BC',NULL),
	(988,'988 BC',NULL),
	(989,'989 BC',NULL),
	(990,'990 BC',NULL),
	(991,'991 BC',NULL),
	(992,'992 BC',NULL),
	(993,'993 BC',NULL),
	(994,'994 BC',NULL),
	(995,'995 BC',NULL),
	(996,'996 BC',NULL),
	(997,'997 BC',NULL),
	(998,'998 BC',NULL),
	(999,'999 BC',NULL),
	(1000,'1000 BC',NULL),
	(1001,'1001 BC',NULL),
	(1002,'1002 BC',NULL),
	(1003,'1003 BC',NULL),
	(1004,'1004 BC',NULL),
	(1005,'1005 BC',NULL),
	(1006,'1006 BC',NULL),
	(1007,'1007 BC',NULL),
	(1008,'1008 BC',NULL),
	(1009,'1009 BC',NULL),
	(1010,'1010 BC',NULL),
	(1011,'1011 BC',NULL),
	(1012,'1012 BC',NULL),
	(1013,'1013 BC',NULL),
	(1014,'1014 BC',NULL),
	(1015,'1015 BC',NULL),
	(1016,'1016 BC',NULL),
	(1017,'1017 BC',NULL),
	(1018,'1018 BC',NULL),
	(1019,'1019 BC',NULL),
	(1020,'1020 BC',NULL),
	(1021,'1021 BC',NULL),
	(1022,'1022 BC',NULL),
	(1023,'1023 BC',NULL),
	(1024,'1024 BC',NULL),
	(1025,'1025 BC',NULL),
	(1026,'1026 BC',NULL),
	(1027,'1027 BC',NULL),
	(1028,'1028 BC',NULL),
	(1029,'1029 BC',NULL),
	(1030,'1030 BC',NULL),
	(1031,'1031 BC',NULL),
	(1032,'1032 BC',NULL),
	(1033,'1033 BC',NULL),
	(1034,'1034 BC',NULL),
	(1035,'1035 BC',NULL),
	(1036,'1036 BC',NULL),
	(1037,'1037 BC',NULL),
	(1038,'1038 BC',NULL),
	(1039,'1039 BC',NULL),
	(1040,'1040 BC',NULL),
	(1041,'1041 BC',NULL),
	(1042,'1042 BC',NULL),
	(1043,'1043 BC',NULL),
	(1044,'1044 BC',NULL),
	(1045,'1045 BC',NULL),
	(1046,'1046 BC',NULL),
	(1047,'1047 BC',NULL),
	(1048,'1048 BC',NULL),
	(1049,'1049 BC',NULL),
	(1050,'1050 BC',NULL),
	(1051,'1051 BC',NULL),
	(1052,'1052 BC',NULL),
	(1053,'1053 BC',NULL),
	(1054,'1054 BC',NULL),
	(1055,'1055 BC',NULL),
	(1056,'1056 BC',NULL),
	(1057,'1057 BC',NULL),
	(1058,'1058 BC',NULL),
	(1059,'1059 BC',NULL),
	(1060,'1060 BC',NULL),
	(1061,'1061 BC',NULL),
	(1062,'1062 BC',NULL),
	(1063,'1063 BC',NULL),
	(1064,'1064 BC',NULL),
	(1065,'1065 BC',NULL),
	(1066,'1066 BC',NULL),
	(1067,'1067 BC',NULL),
	(1068,'1068 BC',NULL),
	(1069,'1069 BC',NULL),
	(1070,'1070 BC',NULL),
	(1071,'1071 BC',NULL),
	(1072,'1072 BC',NULL),
	(1073,'1073 BC',NULL),
	(1074,'1074 BC',NULL),
	(1075,'1075 BC',NULL),
	(1076,'1076 BC',NULL),
	(1077,'1077 BC',NULL),
	(1078,'1078 BC',NULL),
	(1079,'1079 BC',NULL),
	(1080,'1080 BC',NULL),
	(1081,'1081 BC',NULL),
	(1082,'1082 BC',NULL),
	(1083,'1083 BC',NULL),
	(1084,'1084 BC',NULL),
	(1085,'1085 BC',NULL),
	(1086,'1086 BC',NULL),
	(1087,'1087 BC',NULL),
	(1088,'1088 BC',NULL),
	(1089,'1089 BC',NULL),
	(1090,'1090 BC',NULL),
	(1091,'1091 BC',NULL),
	(1092,'1092 BC',NULL),
	(1093,'1093 BC',NULL),
	(1094,'1094 BC',NULL),
	(1095,'1095 BC',NULL),
	(1096,'1096 BC',NULL),
	(1097,'1097 BC',NULL),
	(1098,'1098 BC',NULL),
	(1099,'1099 BC',NULL),
	(1100,'1100 BC',NULL),
	(1101,'1101 BC',NULL),
	(1102,'1102 BC',NULL),
	(1103,'1103 BC',NULL),
	(1104,'1104 BC',NULL),
	(1105,'1105 BC',NULL),
	(1106,'1106 BC',NULL),
	(1107,'1107 BC',NULL),
	(1108,'1108 BC',NULL),
	(1109,'1109 BC',NULL),
	(1110,'1110 BC',NULL),
	(1111,'1111 BC',NULL),
	(1112,'1112 BC',NULL),
	(1113,'1113 BC',NULL),
	(1114,'1114 BC',NULL),
	(1115,'1115 BC',NULL),
	(1116,'1116 BC',NULL),
	(1117,'1117 BC',NULL),
	(1118,'1118 BC',NULL),
	(1119,'1119 BC',NULL),
	(1120,'1120 BC',NULL),
	(1121,'1121 BC',NULL),
	(1122,'1122 BC',NULL),
	(1123,'1123 BC',NULL),
	(1124,'1124 BC',NULL),
	(1125,'1125 BC',NULL),
	(1126,'1126 BC',NULL),
	(1127,'1127 BC',NULL),
	(1128,'1128 BC',NULL),
	(1129,'1129 BC',NULL),
	(1130,'1130 BC',NULL),
	(1131,'1131 BC',NULL),
	(1132,'1132 BC',NULL),
	(1133,'1133 BC',NULL),
	(1134,'1134 BC',NULL),
	(1135,'1135 BC',NULL),
	(1136,'1136 BC',NULL),
	(1137,'1137 BC',NULL),
	(1138,'1138 BC',NULL),
	(1139,'1139 BC',NULL),
	(1140,'1140 BC',NULL),
	(1141,'1141 BC',NULL),
	(1142,'1142 BC',NULL),
	(1143,'1143 BC',NULL),
	(1144,'1144 BC',NULL),
	(1145,'1145 BC',NULL),
	(1146,'1146 BC',NULL),
	(1147,'1147 BC',NULL),
	(1148,'1148 BC',NULL),
	(1149,'1149 BC',NULL),
	(1150,'1150 BC',NULL),
	(1151,'1151 BC',NULL),
	(1152,'1152 BC',NULL),
	(1153,'1153 BC',NULL),
	(1154,'1154 BC',NULL),
	(1155,'1155 BC',NULL),
	(1156,'1156 BC',NULL),
	(1157,'1157 BC',NULL),
	(1158,'1158 BC',NULL),
	(1159,'1159 BC',NULL),
	(1160,'1160 BC',NULL),
	(1161,'1161 BC',NULL),
	(1162,'1162 BC',NULL),
	(1163,'1163 BC',NULL),
	(1164,'1164 BC',NULL),
	(1165,'1165 BC',NULL),
	(1166,'1166 BC',NULL),
	(1167,'1167 BC',NULL),
	(1168,'1168 BC',NULL),
	(1169,'1169 BC',NULL),
	(1170,'1170 BC',NULL),
	(1171,'1171 BC',NULL),
	(1172,'1172 BC',NULL),
	(1173,'1173 BC',NULL),
	(1174,'1174 BC',NULL),
	(1175,'1175 BC',NULL),
	(1176,'1176 BC',NULL),
	(1177,'1177 BC',NULL),
	(1178,'1178 BC',NULL),
	(1179,'1179 BC',NULL),
	(1180,'1180 BC',NULL),
	(1181,'1181 BC',NULL),
	(1182,'1182 BC',NULL),
	(1183,'1183 BC',NULL),
	(1184,'1184 BC',NULL),
	(1185,'1185 BC',NULL),
	(1186,'1186 BC',NULL),
	(1187,'1187 BC',NULL),
	(1188,'1188 BC',NULL),
	(1189,'1189 BC',NULL),
	(1190,'1190 BC',NULL),
	(1191,'1191 BC',NULL),
	(1192,'1192 BC',NULL),
	(1193,'1193 BC',NULL),
	(1194,'1194 BC',NULL),
	(1195,'1195 BC',NULL),
	(1196,'1196 BC',NULL),
	(1197,'1197 BC',NULL),
	(1198,'1198 BC',NULL),
	(1199,'1199 BC',NULL),
	(1200,'1200 BC',NULL),
	(1201,'1201 BC',NULL),
	(1202,'1202 BC',NULL),
	(1203,'1203 BC',NULL),
	(1204,'1204 BC',NULL),
	(1205,'1205 BC',NULL),
	(1206,'1206 BC',NULL),
	(1207,'1207 BC',NULL),
	(1208,'1208 BC',NULL),
	(1209,'1209 BC',NULL),
	(1210,'1210 BC',NULL),
	(1211,'1211 BC',NULL),
	(1212,'1212 BC',NULL),
	(1213,'1213 BC',NULL),
	(1214,'1214 BC',NULL),
	(1215,'1215 BC',NULL),
	(1216,'1216 BC',NULL),
	(1217,'1217 BC',NULL),
	(1218,'1218 BC',NULL),
	(1219,'1219 BC',NULL),
	(1220,'1220 BC',NULL),
	(1221,'1221 BC',NULL),
	(1222,'1222 BC',NULL),
	(1223,'1223 BC',NULL),
	(1224,'1224 BC',NULL),
	(1225,'1225 BC',NULL),
	(1226,'1226 BC',NULL),
	(1227,'1227 BC',NULL),
	(1228,'1228 BC',NULL),
	(1229,'1229 BC',NULL),
	(1230,'1230 BC',NULL),
	(1231,'1231 BC',NULL),
	(1232,'1232 BC',NULL),
	(1233,'1233 BC',NULL),
	(1234,'1234 BC',NULL),
	(1235,'1235 BC',NULL),
	(1236,'1236 BC',NULL),
	(1237,'1237 BC',NULL),
	(1238,'1238 BC',NULL),
	(1239,'1239 BC',NULL),
	(1240,'1240 BC',NULL),
	(1241,'1241 BC',NULL),
	(1242,'1242 BC',NULL),
	(1243,'1243 BC',NULL),
	(1244,'1244 BC',NULL),
	(1245,'1245 BC',NULL),
	(1246,'1246 BC',NULL),
	(1247,'1247 BC',NULL),
	(1248,'1248 BC',NULL),
	(1249,'1249 BC',NULL),
	(1250,'1250 BC',NULL),
	(1251,'1251 BC',NULL),
	(1252,'1252 BC',NULL),
	(1253,'1253 BC',NULL),
	(1254,'1254 BC',NULL),
	(1255,'1255 BC',NULL),
	(1256,'1256 BC',NULL),
	(1257,'1257 BC',NULL),
	(1258,'1258 BC',NULL),
	(1259,'1259 BC',NULL),
	(1260,'1260 BC',NULL),
	(1261,'1261 BC',NULL),
	(1262,'1262 BC',NULL),
	(1263,'1263 BC',NULL),
	(1264,'1264 BC',NULL),
	(1265,'1265 BC',NULL),
	(1266,'1266 BC',NULL),
	(1267,'1267 BC',NULL),
	(1268,'1268 BC',NULL),
	(1269,'1269 BC',NULL),
	(1270,'1270 BC',NULL),
	(1271,'1271 BC',NULL),
	(1272,'1272 BC',NULL),
	(1273,'1273 BC',NULL),
	(1274,'1274 BC',NULL),
	(1275,'1275 BC',NULL),
	(1276,'1276 BC',NULL),
	(1277,'1277 BC',NULL),
	(1278,'1278 BC',NULL),
	(1279,'1279 BC',NULL),
	(1280,'1280 BC',NULL),
	(1281,'1281 BC',NULL),
	(1282,'1282 BC',NULL),
	(1283,'1283 BC',NULL),
	(1284,'1284 BC',NULL),
	(1285,'1285 BC',NULL),
	(1286,'1286 BC',NULL),
	(1287,'1287 BC',NULL),
	(1288,'1288 BC',NULL),
	(1289,'1289 BC',NULL),
	(1290,'1290 BC',NULL),
	(1291,'1291 BC',NULL),
	(1292,'1292 BC',NULL),
	(1293,'1293 BC',NULL),
	(1294,'1294 BC',NULL),
	(1295,'1295 BC',NULL),
	(1296,'1296 BC',NULL),
	(1297,'1297 BC',NULL),
	(1298,'1298 BC',NULL),
	(1299,'1299 BC',NULL),
	(1300,'1300 BC',NULL),
	(1301,'1301 BC',NULL),
	(1302,'1302 BC',NULL),
	(1303,'1303 BC',NULL),
	(1304,'1304 BC',NULL),
	(1305,'1305 BC',NULL),
	(1306,'1306 BC',NULL),
	(1307,'1307 BC',NULL),
	(1308,'1308 BC',NULL),
	(1309,'1309 BC',NULL),
	(1310,'1310 BC',NULL),
	(1311,'1311 BC',NULL),
	(1312,'1312 BC',NULL),
	(1313,'1313 BC',NULL),
	(1314,'1314 BC',NULL),
	(1315,'1315 BC',NULL),
	(1316,'1316 BC',NULL),
	(1317,'1317 BC',NULL),
	(1318,'1318 BC',NULL),
	(1319,'1319 BC',NULL),
	(1320,'1320 BC',NULL),
	(1321,'1321 BC',NULL),
	(1322,'1322 BC',NULL),
	(1323,'1323 BC',NULL),
	(1324,'1324 BC',NULL),
	(1325,'1325 BC',NULL),
	(1326,'1326 BC',NULL),
	(1327,'1327 BC',NULL),
	(1328,'1328 BC',NULL),
	(1329,'1329 BC',NULL),
	(1330,'1330 BC',NULL),
	(1331,'1331 BC',NULL),
	(1332,'1332 BC',NULL),
	(1333,'1333 BC',NULL),
	(1334,'1334 BC',NULL),
	(1335,'1335 BC',NULL),
	(1336,'1336 BC',NULL),
	(1337,'1337 BC',NULL),
	(1338,'1338 BC',NULL),
	(1339,'1339 BC',NULL),
	(1340,'1340 BC',NULL),
	(1341,'1341 BC',NULL),
	(1342,'1342 BC',NULL),
	(1343,'1343 BC',NULL),
	(1344,'1344 BC',NULL),
	(1345,'1345 BC',NULL),
	(1346,'1346 BC',NULL),
	(1347,'1347 BC',NULL),
	(1348,'1348 BC',NULL),
	(1349,'1349 BC',NULL),
	(1350,'1350 BC',NULL),
	(1351,'1351 BC',NULL),
	(1352,'1352 BC',NULL),
	(1353,'1353 BC',NULL),
	(1354,'1354 BC',NULL),
	(1355,'1355 BC',NULL),
	(1356,'1356 BC',NULL),
	(1357,'1357 BC',NULL),
	(1358,'1358 BC',NULL),
	(1359,'1359 BC',NULL),
	(1360,'1360 BC',NULL),
	(1361,'1361 BC',NULL),
	(1362,'1362 BC',NULL),
	(1363,'1363 BC',NULL),
	(1364,'1364 BC',NULL),
	(1365,'1365 BC',NULL),
	(1366,'1366 BC',NULL),
	(1367,'1367 BC',NULL),
	(1368,'1368 BC',NULL),
	(1369,'1369 BC',NULL),
	(1370,'1370 BC',NULL),
	(1371,'1371 BC',NULL),
	(1372,'1372 BC',NULL),
	(1373,'1373 BC',NULL),
	(1374,'1374 BC',NULL),
	(1375,'1375 BC',NULL),
	(1376,'1376 BC',NULL),
	(1377,'1377 BC',NULL),
	(1378,'1378 BC',NULL),
	(1379,'1379 BC',NULL),
	(1380,'1380 BC',NULL),
	(1381,'1381 BC',NULL),
	(1382,'1382 BC',NULL),
	(1383,'1383 BC',NULL),
	(1384,'1384 BC',NULL),
	(1385,'1385 BC',NULL),
	(1386,'1386 BC',NULL),
	(1387,'1387 BC',NULL),
	(1388,'1388 BC',NULL),
	(1389,'1389 BC',NULL),
	(1390,'1390 BC',NULL),
	(1391,'1391 BC',NULL),
	(1392,'1392 BC',NULL),
	(1393,'1393 BC',NULL),
	(1394,'1394 BC',NULL),
	(1395,'1395 BC',NULL),
	(1396,'1396 BC',NULL),
	(1397,'1397 BC',NULL),
	(1398,'1398 BC',NULL),
	(1399,'1399 BC',NULL),
	(1400,'1400 BC',NULL),
	(1401,'1401 BC',NULL),
	(1402,'1402 BC',NULL),
	(1403,'1403 BC',NULL),
	(1404,'1404 BC',NULL),
	(1405,'1405 BC',NULL),
	(1406,'1406 BC',NULL),
	(1407,'1407 BC',NULL),
	(1408,'1408 BC',NULL),
	(1409,'1409 BC',NULL),
	(1410,'1410 BC',NULL),
	(1411,'1411 BC',NULL),
	(1412,'1412 BC',NULL),
	(1413,'1413 BC',NULL),
	(1414,'1414 BC',NULL),
	(1415,'1415 BC',NULL),
	(1416,'1416 BC',NULL),
	(1417,'1417 BC',NULL),
	(1418,'1418 BC',NULL),
	(1419,'1419 BC',NULL),
	(1420,'1420 BC',NULL),
	(1421,'1421 BC',NULL),
	(1422,'1422 BC',NULL),
	(1423,'1423 BC',NULL),
	(1424,'1424 BC',NULL),
	(1425,'1425 BC',NULL),
	(1426,'1426 BC',NULL),
	(1427,'1427 BC',NULL),
	(1428,'1428 BC',NULL),
	(1429,'1429 BC',NULL),
	(1430,'1430 BC',NULL),
	(1431,'1431 BC',NULL),
	(1432,'1432 BC',NULL),
	(1433,'1433 BC',NULL),
	(1434,'1434 BC',NULL),
	(1435,'1435 BC',NULL),
	(1436,'1436 BC',NULL),
	(1437,'1437 BC',NULL),
	(1438,'1438 BC',NULL),
	(1439,'1439 BC',NULL),
	(1440,'1440 BC',NULL),
	(1441,'1441 BC',NULL),
	(1442,'1442 BC',NULL),
	(1443,'1443 BC',NULL),
	(1444,'1444 BC',NULL),
	(1445,'1445 BC',NULL),
	(1446,'1446 BC',NULL),
	(1447,'1447 BC',NULL),
	(1448,'1448 BC',NULL),
	(1449,'1449 BC',NULL),
	(1450,'1450 BC',NULL),
	(1451,'1451 BC',NULL),
	(1452,'1452 BC',NULL),
	(1453,'1453 BC',NULL),
	(1454,'1454 BC',NULL),
	(1455,'1455 BC',NULL),
	(1456,'1456 BC',NULL),
	(1457,'1457 BC',NULL),
	(1458,'1458 BC',NULL),
	(1459,'1459 BC',NULL),
	(1460,'1460 BC',NULL),
	(1461,'1461 BC',NULL),
	(1462,'1462 BC',NULL),
	(1463,'1463 BC',NULL),
	(1464,'1464 BC',NULL),
	(1465,'1465 BC',NULL),
	(1466,'1466 BC',NULL),
	(1467,'1467 BC',NULL),
	(1468,'1468 BC',NULL),
	(1469,'1469 BC',NULL),
	(1470,'1470 BC',NULL),
	(1471,'1471 BC',NULL),
	(1472,'1472 BC',NULL),
	(1473,'1473 BC',NULL),
	(1474,'1474 BC',NULL),
	(1475,'1475 BC',NULL),
	(1476,'1476 BC',NULL),
	(1477,'1477 BC',NULL),
	(1478,'1478 BC',NULL),
	(1479,'1479 BC',NULL),
	(1480,'1480 BC',NULL),
	(1481,'1481 BC',NULL),
	(1482,'1482 BC',NULL),
	(1483,'1483 BC',NULL),
	(1484,'1484 BC',NULL),
	(1485,'1485 BC',NULL),
	(1486,'1486 BC',NULL),
	(1487,'1487 BC',NULL),
	(1488,'1488 BC',NULL),
	(1489,'1489 BC',NULL),
	(1490,'1490 BC',NULL),
	(1491,'1491 BC',NULL),
	(1492,'1492 BC',NULL),
	(1493,'1493 BC',NULL),
	(1494,'1494 BC',NULL),
	(1495,'1495 BC',NULL),
	(1496,'1496 BC',NULL),
	(1497,'1497 BC',NULL),
	(1498,'1498 BC',NULL),
	(1499,'1499 BC',NULL),
	(1500,'1500 BC',NULL),
	(1501,'1501 BC',NULL),
	(1502,'1502 BC',NULL),
	(1503,'1503 BC',NULL),
	(1504,'1504 BC',NULL),
	(1505,'1505 BC',NULL),
	(1506,'1506 BC',NULL),
	(1507,'1507 BC',NULL),
	(1508,'1508 BC',NULL),
	(1509,'1509 BC',NULL),
	(1510,'1510 BC',NULL),
	(1511,'1511 BC',NULL),
	(1512,'1512 BC',NULL),
	(1513,'1513 BC',NULL),
	(1514,'1514 BC',NULL),
	(1515,'1515 BC',NULL),
	(1516,'1516 BC',NULL),
	(1517,'1517 BC',NULL),
	(1518,'1518 BC',NULL),
	(1519,'1519 BC',NULL),
	(1520,'1520 BC',NULL),
	(1521,'1521 BC',NULL),
	(1522,'1522 BC',NULL),
	(1523,'1523 BC',NULL),
	(1524,'1524 BC',NULL),
	(1525,'1525 BC',NULL),
	(1526,'1526 BC',NULL),
	(1527,'1527 BC',NULL),
	(1528,'1528 BC',NULL),
	(1529,'1529 BC',NULL),
	(1530,'1530 BC',NULL),
	(1531,'1531 BC',NULL),
	(1532,'1532 BC',NULL),
	(1533,'1533 BC',NULL),
	(1534,'1534 BC',NULL),
	(1535,'1535 BC',NULL),
	(1536,'1536 BC',NULL),
	(1537,'1537 BC',NULL),
	(1538,'1538 BC',NULL),
	(1539,'1539 BC',NULL),
	(1540,'1540 BC',NULL),
	(1541,'1541 BC',NULL),
	(1542,'1542 BC',NULL),
	(1543,'1543 BC',NULL),
	(1544,'1544 BC',NULL),
	(1545,'1545 BC',NULL),
	(1546,'1546 BC',NULL),
	(1547,'1547 BC',NULL),
	(1548,'1548 BC',NULL),
	(1549,'1549 BC',NULL),
	(1550,'1550 BC',NULL),
	(1551,'1551 BC',NULL),
	(1552,'1552 BC',NULL),
	(1553,'1553 BC',NULL),
	(1554,'1554 BC',NULL),
	(1555,'1555 BC',NULL),
	(1556,'1556 BC',NULL),
	(1557,'1557 BC',NULL),
	(1558,'1558 BC',NULL),
	(1559,'1559 BC',NULL),
	(1560,'1560 BC',NULL),
	(1561,'1561 BC',NULL),
	(1562,'1562 BC',NULL),
	(1563,'1563 BC',NULL),
	(1564,'1564 BC',NULL),
	(1565,'1565 BC',NULL),
	(1566,'1566 BC',NULL),
	(1567,'1567 BC',NULL),
	(1568,'1568 BC',NULL),
	(1569,'1569 BC',NULL),
	(1570,'1570 BC',NULL),
	(1571,'1571 BC',NULL),
	(1572,'1572 BC',NULL),
	(1573,'1573 BC',NULL),
	(1574,'1574 BC',NULL),
	(1575,'1575 BC',NULL),
	(1576,'1576 BC',NULL),
	(1577,'1577 BC',NULL),
	(1578,'1578 BC',NULL),
	(1579,'1579 BC',NULL),
	(1580,'1580 BC',NULL),
	(1581,'1581 BC',NULL),
	(1582,'1582 BC',NULL),
	(1583,'1583 BC',NULL),
	(1584,'1584 BC',NULL),
	(1585,'1585 BC',NULL),
	(1586,'1586 BC',NULL),
	(1587,'1587 BC',NULL),
	(1588,'1588 BC',NULL),
	(1589,'1589 BC',NULL),
	(1590,'1590 BC',NULL),
	(1591,'1591 BC',NULL),
	(1592,'1592 BC',NULL),
	(1593,'1593 BC',NULL),
	(1594,'1594 BC',NULL),
	(1595,'1595 BC',NULL),
	(1596,'1596 BC',NULL),
	(1597,'1597 BC',NULL),
	(1598,'1598 BC',NULL),
	(1599,'1599 BC',NULL),
	(1600,'1600 BC',NULL),
	(1601,'1601 BC',NULL),
	(1602,'1602 BC',NULL),
	(1603,'1603 BC',NULL),
	(1604,'1604 BC',NULL),
	(1605,'1605 BC',NULL),
	(1606,'1606 BC',NULL),
	(1607,'1607 BC',NULL),
	(1608,'1608 BC',NULL),
	(1609,'1609 BC',NULL),
	(1610,'1610 BC',NULL),
	(1611,'1611 BC',NULL),
	(1612,'1612 BC',NULL),
	(1613,'1613 BC',NULL),
	(1614,'1614 BC',NULL),
	(1615,'1615 BC',NULL),
	(1616,'1616 BC',NULL),
	(1617,'1617 BC',NULL),
	(1618,'1618 BC',NULL),
	(1619,'1619 BC',NULL),
	(1620,'1620 BC',NULL),
	(1621,'1621 BC',NULL),
	(1622,'1622 BC',NULL),
	(1623,'1623 BC',NULL),
	(1624,'1624 BC',NULL),
	(1625,'1625 BC',NULL),
	(1626,'1626 BC',NULL),
	(1627,'1627 BC',NULL),
	(1628,'1628 BC',NULL),
	(1629,'1629 BC',NULL),
	(1630,'1630 BC',NULL),
	(1631,'1631 BC',NULL),
	(1632,'1632 BC',NULL),
	(1633,'1633 BC',NULL),
	(1634,'1634 BC',NULL),
	(1635,'1635 BC',NULL),
	(1636,'1636 BC',NULL),
	(1637,'1637 BC',NULL),
	(1638,'1638 BC',NULL),
	(1639,'1639 BC',NULL),
	(1640,'1640 BC',NULL),
	(1641,'1641 BC',NULL),
	(1642,'1642 BC',NULL),
	(1643,'1643 BC',NULL),
	(1644,'1644 BC',NULL),
	(1645,'1645 BC',NULL),
	(1646,'1646 BC',NULL),
	(1647,'1647 BC',NULL),
	(1648,'1648 BC',NULL),
	(1649,'1649 BC',NULL),
	(1650,'1650 BC',NULL),
	(1651,'1651 BC',NULL),
	(1652,'1652 BC',NULL),
	(1653,'1653 BC',NULL),
	(1654,'1654 BC',NULL),
	(1655,'1655 BC',NULL),
	(1656,'1656 BC',NULL),
	(1657,'1657 BC',NULL),
	(1658,'1658 BC',NULL),
	(1659,'1659 BC',NULL),
	(1660,'1660 BC',NULL),
	(1661,'1661 BC',NULL),
	(1662,'1662 BC',NULL),
	(1663,'1663 BC',NULL),
	(1664,'1664 BC',NULL),
	(1665,'1665 BC',NULL),
	(1666,'1666 BC',NULL),
	(1667,'1667 BC',NULL),
	(1668,'1668 BC',NULL),
	(1669,'1669 BC',NULL),
	(1670,'1670 BC',NULL),
	(1671,'1671 BC',NULL),
	(1672,'1672 BC',NULL),
	(1673,'1673 BC',NULL),
	(1674,'1674 BC',NULL),
	(1675,'1675 BC',NULL),
	(1676,'1676 BC',NULL),
	(1677,'1677 BC',NULL),
	(1678,'1678 BC',NULL),
	(1679,'1679 BC',NULL),
	(1680,'1680 BC',NULL),
	(1681,'1681 BC',NULL),
	(1682,'1682 BC',NULL),
	(1683,'1683 BC',NULL),
	(1684,'1684 BC',NULL),
	(1685,'1685 BC',NULL),
	(1686,'1686 BC',NULL),
	(1687,'1687 BC',NULL),
	(1688,'1688 BC',NULL),
	(1689,'1689 BC',NULL),
	(1690,'1690 BC',NULL),
	(1691,'1691 BC',NULL),
	(1692,'1692 BC',NULL),
	(1693,'1693 BC',NULL),
	(1694,'1694 BC',NULL),
	(1695,'1695 BC',NULL),
	(1696,'1696 BC',NULL),
	(1697,'1697 BC',NULL),
	(1698,'1698 BC',NULL),
	(1699,'1699 BC',NULL),
	(1700,'1700 BC',NULL),
	(1701,'1701 BC',NULL),
	(1702,'1702 BC',NULL),
	(1703,'1703 BC',NULL),
	(1704,'1704 BC',NULL),
	(1705,'1705 BC',NULL),
	(1706,'1706 BC',NULL),
	(1707,'1707 BC',NULL),
	(1708,'1708 BC',NULL),
	(1709,'1709 BC',NULL),
	(1710,'1710 BC',NULL),
	(1711,'1711 BC',NULL),
	(1712,'1712 BC',NULL),
	(1713,'1713 BC',NULL),
	(1714,'1714 BC',NULL),
	(1715,'1715 BC',NULL),
	(1716,'1716 BC',NULL),
	(1717,'1717 BC',NULL),
	(1718,'1718 BC',NULL),
	(1719,'1719 BC',NULL),
	(1720,'1720 BC',NULL),
	(1721,'1721 BC',NULL),
	(1722,'1722 BC',NULL),
	(1723,'1723 BC',NULL),
	(1724,'1724 BC',NULL),
	(1725,'1725 BC',NULL),
	(1726,'1726 BC',NULL),
	(1727,'1727 BC',NULL),
	(1728,'1728 BC',NULL),
	(1729,'1729 BC',NULL),
	(1730,'1730 BC',NULL),
	(1731,'1731 BC',NULL),
	(1732,'1732 BC',NULL),
	(1733,'1733 BC',NULL),
	(1734,'1734 BC',NULL),
	(1735,'1735 BC',NULL),
	(1736,'1736 BC',NULL),
	(1737,'1737 BC',NULL),
	(1738,'1738 BC',NULL),
	(1739,'1739 BC',NULL),
	(1740,'1740 BC',NULL),
	(1741,'1741 BC',NULL),
	(1742,'1742 BC',NULL),
	(1743,'1743 BC',NULL),
	(1744,'1744 BC',NULL),
	(1745,'1745 BC',NULL),
	(1746,'1746 BC',NULL),
	(1747,'1747 BC',NULL),
	(1748,'1748 BC',NULL),
	(1749,'1749 BC',NULL),
	(1750,'1750 BC',NULL),
	(1751,'1751 BC',NULL),
	(1752,'1752 BC',NULL),
	(1753,'1753 BC',NULL),
	(1754,'1754 BC',NULL),
	(1755,'1755 BC',NULL),
	(1756,'1756 BC',NULL),
	(1757,'1757 BC',NULL),
	(1758,'1758 BC',NULL),
	(1759,'1759 BC',NULL),
	(1760,'1760 BC',NULL),
	(1761,'1761 BC',NULL),
	(1762,'1762 BC',NULL),
	(1763,'1763 BC',NULL),
	(1764,'1764 BC',NULL),
	(1765,'1765 BC',NULL),
	(1766,'1766 BC',NULL),
	(1767,'1767 BC',NULL),
	(1768,'1768 BC',NULL),
	(1769,'1769 BC',NULL),
	(1770,'1770 BC',NULL),
	(1771,'1771 BC',NULL),
	(1772,'1772 BC',NULL),
	(1773,'1773 BC',NULL),
	(1774,'1774 BC',NULL),
	(1775,'1775 BC',NULL),
	(1776,'1776 BC',NULL),
	(1777,'1777 BC',NULL),
	(1778,'1778 BC',NULL),
	(1779,'1779 BC',NULL),
	(1780,'1780 BC',NULL),
	(1781,'1781 BC',NULL),
	(1782,'1782 BC',NULL),
	(1783,'1783 BC',NULL),
	(1784,'1784 BC',NULL),
	(1785,'1785 BC',NULL),
	(1786,'1786 BC',NULL),
	(1787,'1787 BC',NULL),
	(1788,'1788 BC',NULL),
	(1789,'1789 BC',NULL),
	(1790,'1790 BC',NULL),
	(1791,'1791 BC',NULL),
	(1792,'1792 BC',NULL),
	(1793,'1793 BC',NULL),
	(1794,'1794 BC',NULL),
	(1795,'1795 BC',NULL),
	(1796,'1796 BC',NULL),
	(1797,'1797 BC',NULL),
	(1798,'1798 BC',NULL),
	(1799,'1799 BC',NULL),
	(1800,'1800 BC',NULL),
	(1801,'1801 BC',NULL),
	(1802,'1802 BC',NULL),
	(1803,'1803 BC',NULL),
	(1804,'1804 BC',NULL),
	(1805,'1805 BC',NULL),
	(1806,'1806 BC',NULL),
	(1807,'1807 BC',NULL),
	(1808,'1808 BC',NULL),
	(1809,'1809 BC',NULL),
	(1810,'1810 BC',NULL),
	(1811,'1811 BC',NULL),
	(1812,'1812 BC',NULL),
	(1813,'1813 BC',NULL),
	(1814,'1814 BC',NULL),
	(1815,'1815 BC',NULL),
	(1816,'1816 BC',NULL),
	(1817,'1817 BC',NULL),
	(1818,'1818 BC',NULL),
	(1819,'1819 BC',NULL),
	(1820,'1820 BC',NULL),
	(1821,'1821 BC',NULL),
	(1822,'1822 BC',NULL),
	(1823,'1823 BC',NULL),
	(1824,'1824 BC',NULL),
	(1825,'1825 BC',NULL),
	(1826,'1826 BC',NULL),
	(1827,'1827 BC',NULL),
	(1828,'1828 BC',NULL),
	(1829,'1829 BC',NULL),
	(1830,'1830 BC',NULL),
	(1831,'1831 BC',NULL),
	(1832,'1832 BC',NULL),
	(1833,'1833 BC',NULL),
	(1834,'1834 BC',NULL),
	(1835,'1835 BC',NULL),
	(1836,'1836 BC',NULL),
	(1837,'1837 BC',NULL),
	(1838,'1838 BC',NULL),
	(1839,'1839 BC',NULL),
	(1840,'1840 BC',NULL),
	(1841,'1841 BC',NULL),
	(1842,'1842 BC',NULL),
	(1843,'1843 BC',NULL),
	(1844,'1844 BC',NULL),
	(1845,'1845 BC',NULL),
	(1846,'1846 BC',NULL),
	(1847,'1847 BC',NULL),
	(1848,'1848 BC',NULL),
	(1849,'1849 BC',NULL),
	(1850,'1850 BC',NULL),
	(1851,'1851 BC',NULL),
	(1852,'1852 BC',NULL),
	(1853,'1853 BC',NULL),
	(1854,'1854 BC',NULL),
	(1855,'1855 BC',NULL),
	(1856,'1856 BC',NULL),
	(1857,'1857 BC',NULL),
	(1858,'1858 BC',NULL),
	(1859,'1859 BC',NULL),
	(1860,'1860 BC',NULL),
	(1861,'1861 BC',NULL),
	(1862,'1862 BC',NULL),
	(1863,'1863 BC',NULL),
	(1864,'1864 BC',NULL),
	(1865,'1865 BC',NULL),
	(1866,'1866 BC',NULL),
	(1867,'1867 BC',NULL),
	(1868,'1868 BC',NULL),
	(1869,'1869 BC',NULL),
	(1870,'1870 BC',NULL),
	(1871,'1871 BC',NULL),
	(1872,'1872 BC',NULL),
	(1873,'1873 BC',NULL),
	(1874,'1874 BC',NULL),
	(1875,'1875 BC',NULL),
	(1876,'1876 BC',NULL),
	(1877,'1877 BC',NULL),
	(1878,'1878 BC',NULL),
	(1879,'1879 BC',NULL),
	(1880,'1880 BC',NULL),
	(1881,'1881 BC',NULL),
	(1882,'1882 BC',NULL),
	(1883,'1883 BC',NULL),
	(1884,'1884 BC',NULL),
	(1885,'1885 BC',NULL),
	(1886,'1886 BC',NULL),
	(1887,'1887 BC',NULL),
	(1888,'1888 BC',NULL),
	(1889,'1889 BC',NULL),
	(1890,'1890 BC',NULL),
	(1891,'1891 BC',NULL),
	(1892,'1892 BC',NULL),
	(1893,'1893 BC',NULL),
	(1894,'1894 BC',NULL),
	(1895,'1895 BC',NULL),
	(1896,'1896 BC',NULL),
	(1897,'1897 BC',NULL),
	(1898,'1898 BC',NULL),
	(1899,'1899 BC',NULL),
	(1900,'1900 BC',NULL),
	(1901,'1901 BC',NULL),
	(1902,'1902 BC',NULL),
	(1903,'1903 BC',NULL),
	(1904,'1904 BC',NULL),
	(1905,'1905 BC',NULL),
	(1906,'1906 BC',NULL),
	(1907,'1907 BC',NULL),
	(1908,'1908 BC',NULL),
	(1909,'1909 BC',NULL),
	(1910,'1910 BC',NULL),
	(1911,'1911 BC',NULL),
	(1912,'1912 BC',NULL),
	(1913,'1913 BC',NULL),
	(1914,'1914 BC',NULL),
	(1915,'1915 BC',NULL),
	(1916,'1916 BC',NULL),
	(1917,'1917 BC',NULL),
	(1918,'1918 BC',NULL),
	(1919,'1919 BC',NULL),
	(1920,'1920 BC',NULL),
	(1921,'1921 BC',NULL),
	(1922,'1922 BC',NULL),
	(1923,'1923 BC',NULL),
	(1924,'1924 BC',NULL),
	(1925,'1925 BC',NULL),
	(1926,'1926 BC',NULL),
	(1927,'1927 BC',NULL),
	(1928,'1928 BC',NULL),
	(1929,'1929 BC',NULL),
	(1930,'1930 BC',NULL),
	(1931,'1931 BC',NULL),
	(1932,'1932 BC',NULL),
	(1933,'1933 BC',NULL),
	(1934,'1934 BC',NULL),
	(1935,'1935 BC',NULL),
	(1936,'1936 BC',NULL),
	(1937,'1937 BC',NULL),
	(1938,'1938 BC',NULL),
	(1939,'1939 BC',NULL),
	(1940,'1940 BC',NULL),
	(1941,'1941 BC',NULL),
	(1942,'1942 BC',NULL),
	(1943,'1943 BC',NULL),
	(1944,'1944 BC',NULL),
	(1945,'1945 BC',NULL),
	(1946,'1946 BC',NULL),
	(1947,'1947 BC',NULL),
	(1948,'1948 BC',NULL),
	(1949,'1949 BC',NULL),
	(1950,'1950 BC',NULL),
	(1951,'1951 BC',NULL),
	(1952,'1952 BC',NULL),
	(1953,'1953 BC',NULL),
	(1954,'1954 BC',NULL),
	(1955,'1955 BC',NULL),
	(1956,'1956 BC',NULL),
	(1957,'1957 BC',NULL),
	(1958,'1958 BC',NULL),
	(1959,'1959 BC',NULL),
	(1960,'1960 BC',NULL),
	(1961,'1961 BC',NULL),
	(1962,'1962 BC',NULL),
	(1963,'1963 BC',NULL),
	(1964,'1964 BC',NULL),
	(1965,'1965 BC',NULL),
	(1966,'1966 BC',NULL),
	(1967,'1967 BC',NULL),
	(1968,'1968 BC',NULL),
	(1969,'1969 BC',NULL),
	(1970,'1970 BC',NULL),
	(1971,'1971 BC',NULL),
	(1972,'1972 BC',NULL),
	(1973,'1973 BC',NULL),
	(1974,'1974 BC',NULL),
	(1975,'1975 BC',NULL),
	(1976,'1976 BC',NULL),
	(1977,'1977 BC',NULL),
	(1978,'1978 BC',NULL),
	(1979,'1979 BC',NULL),
	(1980,'1980 BC',NULL),
	(1981,'1981 BC',NULL),
	(1982,'1982 BC',NULL),
	(1983,'1983 BC',NULL),
	(1984,'1984 BC',NULL),
	(1985,'1985 BC',NULL),
	(1986,'1986 BC',NULL),
	(1987,'1987 BC',NULL),
	(1988,'1988 BC',NULL),
	(1989,'1989 BC',NULL),
	(1990,'1990 BC',NULL),
	(1991,'1991 BC',NULL),
	(1992,'1992 BC',NULL),
	(1993,'1993 BC',NULL),
	(1994,'1994 BC',NULL),
	(1995,'1995 BC',NULL),
	(1996,'1996 BC',NULL),
	(1997,'1997 BC',NULL),
	(1998,'1998 BC',NULL),
	(1999,'1999 BC',NULL),
	(2000,'2000 BC',NULL),
	(2001,'2001 BC',NULL),
	(2002,'2002 BC',NULL),
	(2003,'2003 BC',NULL),
	(2004,'2004 BC',NULL),
	(2005,'2005 BC',NULL),
	(2006,'2006 BC',NULL),
	(2007,'2007 BC',NULL),
	(2008,'2008 BC',NULL),
	(2009,'2009 BC',NULL),
	(2010,'2010 BC',NULL),
	(2011,'2011 BC',NULL),
	(2012,'2012 BC',NULL),
	(2013,'2013 BC',NULL),
	(2014,'2014 BC',NULL),
	(2015,'2015 BC',NULL),
	(2016,'2016 BC',NULL),
	(2017,'2017 BC',NULL),
	(2018,'2018 BC',NULL),
	(2019,'2019 BC',NULL),
	(2020,'2020 BC',NULL),
	(2021,'2021 BC',NULL),
	(2022,'2022 BC',NULL),
	(2023,'2023 BC',NULL),
	(2024,'2024 BC',NULL),
	(2025,'2025 BC',NULL),
	(2026,'2026 BC',NULL),
	(2027,'2027 BC',NULL),
	(2028,'2028 BC',NULL),
	(2029,'2029 BC',NULL),
	(2030,'2030 BC',NULL),
	(2031,'2031 BC',NULL),
	(2032,'2032 BC',NULL),
	(2033,'2033 BC',NULL),
	(2034,'2034 BC',NULL),
	(2035,'2035 BC',NULL),
	(2036,'2036 BC',NULL),
	(2037,'2037 BC',NULL),
	(2038,'2038 BC',NULL),
	(2039,'2039 BC',NULL),
	(2040,'2040 BC',NULL),
	(2041,'2041 BC',NULL),
	(2042,'2042 BC',NULL),
	(2043,'2043 BC',NULL),
	(2044,'2044 BC',NULL),
	(2045,'2045 BC',NULL),
	(2046,'2046 BC',NULL),
	(2047,'2047 BC',NULL),
	(2048,'2048 BC',NULL),
	(2049,'2049 BC',NULL),
	(2050,'2050 BC',NULL),
	(2051,'2051 BC',NULL),
	(2052,'2052 BC',NULL),
	(2053,'2053 BC',NULL),
	(2054,'2054 BC',NULL),
	(2055,'2055 BC',NULL),
	(2056,'2056 BC',NULL),
	(2057,'2057 BC',NULL),
	(2058,'2058 BC',NULL),
	(2059,'2059 BC',NULL),
	(2060,'2060 BC',NULL),
	(2061,'2061 BC',NULL),
	(2062,'2062 BC',NULL),
	(2063,'2063 BC',NULL),
	(2064,'2064 BC',NULL),
	(2065,'2065 BC',NULL),
	(2066,'2066 BC',NULL),
	(2067,'2067 BC',NULL),
	(2068,'2068 BC',NULL),
	(2069,'2069 BC',NULL),
	(2070,'2070 BC',NULL),
	(2071,'2071 BC',NULL),
	(2072,'2072 BC',NULL),
	(2073,'2073 BC',NULL),
	(2074,'2074 BC',NULL),
	(2075,'2075 BC',NULL),
	(2076,'2076 BC',NULL),
	(2077,'2077 BC',NULL),
	(2078,'2078 BC',NULL),
	(2079,'2079 BC',NULL),
	(2080,'2080 BC',NULL),
	(2081,'2081 BC',NULL),
	(2082,'2082 BC',NULL),
	(2083,'2083 BC',NULL),
	(2084,'2084 BC',NULL),
	(2085,'2085 BC',NULL),
	(2086,'2086 BC',NULL),
	(2087,'2087 BC',NULL),
	(2088,'2088 BC',NULL),
	(2089,'2089 BC',NULL),
	(2090,'2090 BC',NULL),
	(2091,'2091 BC',NULL),
	(2092,'2092 BC',NULL),
	(2093,'2093 BC',NULL),
	(2094,'2094 BC',NULL),
	(2095,'2095 BC',NULL),
	(2096,'2096 BC',NULL),
	(2097,'2097 BC',NULL),
	(2098,'2098 BC',NULL),
	(2099,'2099 BC',NULL),
	(2100,'2100 BC',NULL),
	(2101,'2101 BC',NULL),
	(2102,'2102 BC',NULL),
	(2103,'2103 BC',NULL),
	(2104,'2104 BC',NULL),
	(2105,'2105 BC',NULL),
	(2106,'2106 BC',NULL),
	(2107,'2107 BC',NULL),
	(2108,'2108 BC',NULL),
	(2109,'2109 BC',NULL),
	(2110,'2110 BC',NULL),
	(2111,'2111 BC',NULL),
	(2112,'2112 BC',NULL),
	(2113,'2113 BC',NULL),
	(2114,'2114 BC',NULL),
	(2115,'2115 BC',NULL),
	(2116,'2116 BC',NULL),
	(2117,'2117 BC',NULL),
	(2118,'2118 BC',NULL),
	(2119,'2119 BC',NULL),
	(2120,'2120 BC',NULL),
	(2121,'2121 BC',NULL),
	(2122,'2122 BC',NULL),
	(2123,'2123 BC',NULL),
	(2124,'2124 BC',NULL),
	(2125,'2125 BC',NULL),
	(2126,'2126 BC',NULL),
	(2127,'2127 BC',NULL),
	(2128,'2128 BC',NULL),
	(2129,'2129 BC',NULL),
	(2130,'2130 BC',NULL),
	(2131,'2131 BC',NULL),
	(2132,'2132 BC',NULL),
	(2133,'2133 BC',NULL),
	(2134,'2134 BC',NULL),
	(2135,'2135 BC',NULL),
	(2136,'2136 BC',NULL),
	(2137,'2137 BC',NULL),
	(2138,'2138 BC',NULL),
	(2139,'2139 BC',NULL),
	(2140,'2140 BC',NULL),
	(2141,'2141 BC',NULL),
	(2142,'2142 BC',NULL),
	(2143,'2143 BC',NULL),
	(2144,'2144 BC',NULL),
	(2145,'2145 BC',NULL),
	(2146,'2146 BC',NULL),
	(2147,'2147 BC',NULL),
	(2148,'2148 BC',NULL),
	(2149,'2149 BC',NULL),
	(2150,'2150 BC',NULL),
	(2151,'2151 BC',NULL),
	(2152,'2152 BC',NULL),
	(2153,'2153 BC',NULL),
	(2154,'2154 BC',NULL),
	(2155,'2155 BC',NULL),
	(2156,'2156 BC',NULL),
	(2157,'2157 BC',NULL),
	(2158,'2158 BC',NULL),
	(2159,'2159 BC',NULL),
	(2160,'2160 BC',NULL),
	(2161,'2161 BC',NULL),
	(2162,'2162 BC',NULL),
	(2163,'2163 BC',NULL),
	(2164,'2164 BC',NULL),
	(2165,'2165 BC',NULL),
	(2166,'2166 BC',NULL),
	(2167,'2167 BC',NULL),
	(2168,'2168 BC',NULL),
	(2169,'2169 BC',NULL),
	(2170,'2170 BC',NULL),
	(2171,'2171 BC',NULL),
	(2172,'2172 BC',NULL),
	(2173,'2173 BC',NULL),
	(2174,'2174 BC',NULL),
	(2175,'2175 BC',NULL),
	(2176,'2176 BC',NULL),
	(2177,'2177 BC',NULL),
	(2178,'2178 BC',NULL),
	(2179,'2179 BC',NULL),
	(2180,'2180 BC',NULL),
	(2181,'2181 BC',NULL),
	(2182,'2182 BC',NULL),
	(2183,'2183 BC',NULL),
	(2184,'2184 BC',NULL),
	(2185,'2185 BC',NULL),
	(2186,'2186 BC',NULL),
	(2187,'2187 BC',NULL),
	(2188,'2188 BC',NULL),
	(2189,'2189 BC',NULL),
	(2190,'2190 BC',NULL),
	(2191,'2191 BC',NULL),
	(2192,'2192 BC',NULL),
	(2193,'2193 BC',NULL),
	(2194,'2194 BC',NULL),
	(2195,'2195 BC',NULL),
	(2196,'2196 BC',NULL),
	(2197,'2197 BC',NULL),
	(2198,'2198 BC',NULL),
	(2199,'2199 BC',NULL),
	(2200,'2200 BC',NULL),
	(2201,'2201 BC',NULL),
	(2202,'2202 BC',NULL),
	(2203,'2203 BC',NULL),
	(2204,'2204 BC',NULL),
	(2205,'2205 BC',NULL),
	(2206,'2206 BC',NULL),
	(2207,'2207 BC',NULL),
	(2208,'2208 BC',NULL),
	(2209,'2209 BC',NULL),
	(2210,'2210 BC',NULL),
	(2211,'2211 BC',NULL),
	(2212,'2212 BC',NULL),
	(2213,'2213 BC',NULL),
	(2214,'2214 BC',NULL),
	(2215,'2215 BC',NULL),
	(2216,'2216 BC',NULL),
	(2217,'2217 BC',NULL),
	(2218,'2218 BC',NULL),
	(2219,'2219 BC',NULL),
	(2220,'2220 BC',NULL),
	(2221,'2221 BC',NULL),
	(2222,'2222 BC',NULL),
	(2223,'2223 BC',NULL),
	(2224,'2224 BC',NULL),
	(2225,'2225 BC',NULL),
	(2226,'2226 BC',NULL),
	(2227,'2227 BC',NULL),
	(2228,'2228 BC',NULL),
	(2229,'2229 BC',NULL),
	(2230,'2230 BC',NULL),
	(2231,'2231 BC',NULL),
	(2232,'2232 BC',NULL),
	(2233,'2233 BC',NULL),
	(2234,'2234 BC',NULL),
	(2235,'2235 BC',NULL),
	(2236,'2236 BC',NULL),
	(2237,'2237 BC',NULL),
	(2238,'2238 BC',NULL),
	(2239,'2239 BC',NULL),
	(2240,'2240 BC',NULL),
	(2241,'2241 BC',NULL),
	(2242,'2242 BC',NULL),
	(2243,'2243 BC',NULL),
	(2244,'2244 BC',NULL),
	(2245,'2245 BC',NULL),
	(2246,'2246 BC',NULL),
	(2247,'2247 BC',NULL),
	(2248,'2248 BC',NULL),
	(2249,'2249 BC',NULL),
	(2250,'2250 BC',NULL),
	(2251,'2251 BC',NULL),
	(2252,'2252 BC',NULL),
	(2253,'2253 BC',NULL),
	(2254,'2254 BC',NULL),
	(2255,'2255 BC',NULL),
	(2256,'2256 BC',NULL),
	(2257,'2257 BC',NULL),
	(2258,'2258 BC',NULL),
	(2259,'2259 BC',NULL),
	(2260,'2260 BC',NULL),
	(2261,'2261 BC',NULL),
	(2262,'2262 BC',NULL),
	(2263,'2263 BC',NULL),
	(2264,'2264 BC',NULL),
	(2265,'2265 BC',NULL),
	(2266,'2266 BC',NULL),
	(2267,'2267 BC',NULL),
	(2268,'2268 BC',NULL),
	(2269,'2269 BC',NULL),
	(2270,'2270 BC',NULL),
	(2271,'2271 BC',NULL),
	(2272,'2272 BC',NULL),
	(2273,'2273 BC',NULL),
	(2274,'2274 BC',NULL),
	(2275,'2275 BC',NULL),
	(2276,'2276 BC',NULL),
	(2277,'2277 BC',NULL),
	(2278,'2278 BC',NULL),
	(2279,'2279 BC',NULL),
	(2280,'2280 BC',NULL),
	(2281,'2281 BC',NULL),
	(2282,'2282 BC',NULL),
	(2283,'2283 BC',NULL),
	(2284,'2284 BC',NULL),
	(2285,'2285 BC',NULL),
	(2286,'2286 BC',NULL),
	(2287,'2287 BC',NULL),
	(2288,'2288 BC',NULL),
	(2289,'2289 BC',NULL),
	(2290,'2290 BC',NULL),
	(2291,'2291 BC',NULL),
	(2292,'2292 BC',NULL),
	(2293,'2293 BC',NULL),
	(2294,'2294 BC',NULL),
	(2295,'2295 BC',NULL),
	(2296,'2296 BC',NULL),
	(2297,'2297 BC',NULL),
	(2298,'2298 BC',NULL),
	(2299,'2299 BC',NULL),
	(2300,'2300 BC',NULL),
	(2301,'2301 BC',NULL),
	(2302,'2302 BC',NULL),
	(2303,'2303 BC',NULL),
	(2304,'2304 BC',NULL),
	(2305,'2305 BC',NULL),
	(2306,'2306 BC',NULL),
	(2307,'2307 BC',NULL),
	(2308,'2308 BC',NULL),
	(2309,'2309 BC',NULL),
	(2310,'2310 BC',NULL),
	(2311,'2311 BC',NULL),
	(2312,'2312 BC',NULL),
	(2313,'2313 BC',NULL),
	(2314,'2314 BC',NULL),
	(2315,'2315 BC',NULL),
	(2316,'2316 BC',NULL),
	(2317,'2317 BC',NULL),
	(2318,'2318 BC',NULL),
	(2319,'2319 BC',NULL),
	(2320,'2320 BC',NULL),
	(2321,'2321 BC',NULL),
	(2322,'2322 BC',NULL),
	(2323,'2323 BC',NULL),
	(2324,'2324 BC',NULL),
	(2325,'2325 BC',NULL),
	(2326,'2326 BC',NULL),
	(2327,'2327 BC',NULL),
	(2328,'2328 BC',NULL),
	(2329,'2329 BC',NULL),
	(2330,'2330 BC',NULL),
	(2331,'2331 BC',NULL),
	(2332,'2332 BC',NULL),
	(2333,'2333 BC',NULL),
	(2334,'2334 BC',NULL),
	(2335,'2335 BC',NULL),
	(2336,'2336 BC',NULL),
	(2337,'2337 BC',NULL),
	(2338,'2338 BC',NULL),
	(2339,'2339 BC',NULL),
	(2340,'2340 BC',NULL),
	(2341,'2341 BC',NULL),
	(2342,'2342 BC',NULL),
	(2343,'2343 BC',NULL),
	(2344,'2344 BC',NULL),
	(2345,'2345 BC',NULL),
	(2346,'2346 BC',NULL),
	(2347,'2347 BC',NULL),
	(2348,'2348 BC',NULL),
	(2349,'2349 BC',NULL),
	(2350,'2350 BC',NULL),
	(2351,'2351 BC',NULL),
	(2352,'2352 BC',NULL),
	(2353,'2353 BC',NULL),
	(2354,'2354 BC',NULL),
	(2355,'2355 BC',NULL),
	(2356,'2356 BC',NULL),
	(2357,'2357 BC',NULL),
	(2358,'2358 BC',NULL),
	(2359,'2359 BC',NULL),
	(2360,'2360 BC',NULL),
	(2361,'2361 BC',NULL),
	(2362,'2362 BC',NULL),
	(2363,'2363 BC',NULL),
	(2364,'2364 BC',NULL),
	(2365,'2365 BC',NULL),
	(2366,'2366 BC',NULL),
	(2367,'2367 BC',NULL),
	(2368,'2368 BC',NULL),
	(2369,'2369 BC',NULL),
	(2370,'2370 BC',NULL),
	(2371,'2371 BC',NULL),
	(2372,'2372 BC',NULL),
	(2373,'2373 BC',NULL),
	(2374,'2374 BC',NULL),
	(2375,'2375 BC',NULL),
	(2376,'2376 BC',NULL),
	(2377,'2377 BC',NULL),
	(2378,'2378 BC',NULL),
	(2379,'2379 BC',NULL),
	(2380,'2380 BC',NULL),
	(2381,'2381 BC',NULL),
	(2382,'2382 BC',NULL),
	(2383,'2383 BC',NULL),
	(2384,'2384 BC',NULL),
	(2385,'2385 BC',NULL),
	(2386,'2386 BC',NULL),
	(2387,'2387 BC',NULL),
	(2388,'2388 BC',NULL),
	(2389,'2389 BC',NULL),
	(2390,'2390 BC',NULL),
	(2391,'2391 BC',NULL),
	(2392,'2392 BC',NULL),
	(2393,'2393 BC',NULL),
	(2394,'2394 BC',NULL),
	(2395,'2395 BC',NULL),
	(2396,'2396 BC',NULL),
	(2397,'2397 BC',NULL),
	(2398,'2398 BC',NULL),
	(2399,'2399 BC',NULL),
	(2400,'2400 BC',NULL),
	(2401,'1 AD',NULL),
	(2402,'2 AD',NULL),
	(2403,'3 AD',NULL),
	(2404,'4 AD',NULL),
	(2405,'5 AD',NULL),
	(2406,'6 AD',NULL),
	(2407,'7 AD',NULL),
	(2408,'8 AD',NULL),
	(2409,'9 AD',NULL),
	(2410,'10 AD',NULL),
	(2411,'11 AD',NULL),
	(2412,'12 AD',NULL),
	(2413,'13 AD',NULL),
	(2414,'14 AD',NULL),
	(2415,'15 AD',NULL),
	(2416,'16 AD',NULL),
	(2417,'17 AD',NULL),
	(2418,'18 AD',NULL),
	(2419,'19 AD',NULL),
	(2420,'20 AD',NULL),
	(2421,'21 AD',NULL),
	(2422,'22 AD',NULL),
	(2423,'23 AD',NULL),
	(2424,'24 AD',NULL),
	(2425,'25 AD',NULL),
	(2426,'26 AD',NULL),
	(2427,'27 AD',NULL),
	(2428,'28 AD',NULL),
	(2429,'29 AD',NULL),
	(2430,'30 AD',NULL),
	(2431,'31 AD',NULL),
	(2432,'32 AD',NULL),
	(2433,'33 AD',NULL),
	(2434,'34 AD',NULL),
	(2435,'35 AD',NULL),
	(2436,'36 AD',NULL),
	(2437,'37 AD',NULL),
	(2438,'38 AD',NULL),
	(2439,'39 AD',NULL),
	(2440,'40 AD',NULL),
	(2441,'41 AD',NULL),
	(2442,'42 AD',NULL),
	(2443,'43 AD',NULL),
	(2444,'44 AD',NULL),
	(2445,'45 AD',NULL),
	(2446,'46 AD',NULL),
	(2447,'47 AD',NULL),
	(2448,'48 AD',NULL),
	(2449,'49 AD',NULL),
	(2450,'50 AD',NULL),
	(2451,'51 AD',NULL),
	(2452,'52 AD',NULL),
	(2453,'53 AD',NULL),
	(2454,'54 AD',NULL),
	(2455,'55 AD',NULL),
	(2456,'56 AD',NULL),
	(2457,'57 AD',NULL),
	(2458,'58 AD',NULL),
	(2459,'59 AD',NULL),
	(2460,'60 AD',NULL),
	(2461,'61 AD',NULL),
	(2462,'62 AD',NULL),
	(2463,'63 AD',NULL),
	(2464,'64 AD',NULL),
	(2465,'65 AD',NULL),
	(2466,'66 AD',NULL),
	(2467,'67 AD',NULL),
	(2468,'68 AD',NULL),
	(2469,'69 AD',NULL),
	(2470,'70 AD',NULL),
	(2471,'71 AD',NULL),
	(2472,'72 AD',NULL),
	(2473,'73 AD',NULL),
	(2474,'74 AD',NULL),
	(2475,'75 AD',NULL),
	(2476,'76 AD',NULL),
	(2477,'77 AD',NULL),
	(2478,'78 AD',NULL),
	(2479,'79 AD',NULL),
	(2480,'80 AD',NULL),
	(2481,'81 AD',NULL),
	(2482,'82 AD',NULL),
	(2483,'83 AD',NULL),
	(2484,'84 AD',NULL),
	(2485,'85 AD',NULL),
	(2486,'86 AD',NULL),
	(2487,'87 AD',NULL),
	(2488,'88 AD',NULL),
	(2489,'89 AD',NULL),
	(2490,'90 AD',NULL),
	(2491,'91 AD',NULL),
	(2492,'92 AD',NULL),
	(2493,'93 AD',NULL),
	(2494,'94 AD',NULL),
	(2495,'95 AD',NULL),
	(2496,'96 AD',NULL),
	(2497,'97 AD',NULL),
	(2498,'98 AD',NULL),
	(2499,'99 AD',NULL),
	(2500,'100 AD',NULL),
	(2501,'101 AD',NULL),
	(2502,'102 AD',NULL),
	(2503,'103 AD',NULL),
	(2504,'104 AD',NULL),
	(2505,'105 AD',NULL),
	(2506,'106 AD',NULL),
	(2507,'107 AD',NULL),
	(2508,'108 AD',NULL),
	(2509,'109 AD',NULL),
	(2510,'110 AD',NULL),
	(2511,'111 AD',NULL),
	(2512,'112 AD',NULL),
	(2513,'113 AD',NULL),
	(2514,'114 AD',NULL),
	(2515,'115 AD',NULL),
	(2516,'116 AD',NULL),
	(2517,'117 AD',NULL),
	(2518,'118 AD',NULL),
	(2519,'119 AD',NULL),
	(2520,'120 AD',NULL),
	(2521,'121 AD',NULL),
	(2522,'122 AD',NULL),
	(2523,'123 AD',NULL),
	(2524,'124 AD',NULL),
	(2525,'125 AD',NULL),
	(2526,'126 AD',NULL),
	(2527,'127 AD',NULL),
	(2528,'128 AD',NULL),
	(2529,'129 AD',NULL),
	(2530,'130 AD',NULL),
	(2531,'131 AD',NULL),
	(2532,'132 AD',NULL),
	(2533,'133 AD',NULL),
	(2534,'134 AD',NULL),
	(2535,'135 AD',NULL),
	(2536,'136 AD',NULL),
	(2537,'137 AD',NULL),
	(2538,'138 AD',NULL),
	(2539,'139 AD',NULL),
	(2540,'140 AD',NULL),
	(2541,'141 AD',NULL),
	(2542,'142 AD',NULL),
	(2543,'143 AD',NULL),
	(2544,'144 AD',NULL),
	(2545,'145 AD',NULL),
	(2546,'146 AD',NULL),
	(2547,'147 AD',NULL),
	(2548,'148 AD',NULL),
	(2549,'149 AD',NULL),
	(2550,'150 AD',NULL),
	(2551,'151 AD',NULL),
	(2552,'152 AD',NULL),
	(2553,'153 AD',NULL),
	(2554,'154 AD',NULL),
	(2555,'155 AD',NULL),
	(2556,'156 AD',NULL),
	(2557,'157 AD',NULL),
	(2558,'158 AD',NULL),
	(2559,'159 AD',NULL),
	(2560,'160 AD',NULL),
	(2561,'161 AD',NULL),
	(2562,'162 AD',NULL),
	(2563,'163 AD',NULL),
	(2564,'164 AD',NULL),
	(2565,'165 AD',NULL),
	(2566,'166 AD',NULL),
	(2567,'167 AD',NULL),
	(2568,'168 AD',NULL),
	(2569,'169 AD',NULL),
	(2570,'170 AD',NULL),
	(2571,'171 AD',NULL),
	(2572,'172 AD',NULL),
	(2573,'173 AD',NULL),
	(2574,'174 AD',NULL),
	(2575,'175 AD',NULL),
	(2576,'176 AD',NULL),
	(2577,'177 AD',NULL),
	(2578,'178 AD',NULL),
	(2579,'179 AD',NULL),
	(2580,'180 AD',NULL),
	(2581,'181 AD',NULL),
	(2582,'182 AD',NULL),
	(2583,'183 AD',NULL),
	(2584,'184 AD',NULL),
	(2585,'185 AD',NULL),
	(2586,'186 AD',NULL),
	(2587,'187 AD',NULL),
	(2588,'188 AD',NULL),
	(2589,'189 AD',NULL),
	(2590,'190 AD',NULL),
	(2591,'191 AD',NULL),
	(2592,'192 AD',NULL),
	(2593,'193 AD',NULL),
	(2594,'194 AD',NULL),
	(2595,'195 AD',NULL),
	(2596,'196 AD',NULL),
	(2597,'197 AD',NULL),
	(2598,'198 AD',NULL),
	(2599,'199 AD',NULL),
	(2600,'200 AD',NULL);

/*!40000 ALTER TABLE `year` ENABLE KEYS */;
UNLOCK TABLES;



/*!40111 SET SQL_NOTES=@OLD_SQL_NOTES */;
/*!40101 SET SQL_MODE=@OLD_SQL_MODE */;
/*!40014 SET FOREIGN_KEY_CHECKS=@OLD_FOREIGN_KEY_CHECKS */;
/*!40101 SET CHARACTER_SET_CLIENT=@OLD_CHARACTER_SET_CLIENT */;
/*!40101 SET CHARACTER_SET_RESULTS=@OLD_CHARACTER_SET_RESULTS */;
/*!40101 SET COLLATION_CONNECTION=@OLD_COLLATION_CONNECTION */;
